Newton J Perry Law Office,https://www.google.com/maps/place/Newton+J+Perry+Law+Office/data=!4m7!3m6!1s0x8884e3c3e47ba799:0x85e0c81d021ac332!8m2!3d32.0878184!4d-88.2226638!16s%2Fg%2F1tfk9sng!19sChIJmad75MPjhIgRMsMaAh3I4IU?authuser=0&hl=en&rclk=1
Utsey & Utsey,https://www.google.com/maps/place/Utsey+%26+Utsey/data=!4m7!3m6!1s0x8884e3c6b092ce2b:0xf5c0caf13a009d20!8m2!3d32.0895669!4d-88.2211541!16s%2Fg%2F1263y02ck!19sChIJK86SsMbjhIgRIJ0AOvHKwPU?authuser=0&hl=en&rclk=1
Lloyd & Dinning LLC,https://www.google.com/maps/place/Lloyd+%26+Dinning+LLC/data=!4m7!3m6!1s0x888575b88f3ec27b:0xe91c092502711450!8m2!3d32.3064772!4d-87.7962961!16s%2Fg%2F1wc31_y8!19sChIJe8I-j7h1hYgRUBRxAiUJHOk?authuser=0&hl=en&rclk=1
Christopher William R,https://www.google.com/maps/place/Christopher+William+R/data=!4m7!3m6!1s0x8884e38941b79919:0x8cf0845382adf129!8m2!3d32.0883577!4d-88.2222654!16s%2Fg%2F1tgwbp1n!19sChIJGZm3QYnjhIgRKfGtglOE8Iw?authuser=0&hl=en&rclk=1
"Newton, McCorquodale and Deshotels, P.C.","https://www.google.com/maps/place/Newton,+McCorquodale+and+Deshotels,+P.C./data=!4m7!3m6!1s0x8884e35354768607:0x7a97cde381e94b49!8m2!3d32.0877691!4d-88.2229103!16s%2Fg%2F11g0tpdhm5!19sChIJB4Z2VFPjhIgRSUvpgePNl3o?authuser=0&hl=en&rclk=1"
Padgett Law Office,https://www.google.com/maps/place/Padgett+Law+Office/data=!4m7!3m6!1s0x8885430717382287:0xdbbb5e28da6083b3!8m2!3d31.915288!4d-87.7350809!16s%2Fg%2F1v_sn_b3!19sChIJhyI4FwdDhYgRs4Ng2iheu9s?authuser=0&hl=en&rclk=1
Mason Phillip E,https://www.google.com/maps/place/Mason+Phillip+E/data=!4m7!3m6!1s0x88854254cb60d633:0x2dea719fdac06e06!8m2!3d31.9272734!4d-87.7402685!16s%2Fg%2F1tl8lgqb!19sChIJM9Zgy1RChYgRBm7A2p9x6i0?authuser=0&hl=en&rclk=1
E Mark Ezell PC: Ezell Bradley H,https://www.google.com/maps/place/E+Mark+Ezell+PC:+Ezell+Bradley+H/data=!4m7!3m6!1s0x8884e3c13f4b4f53:0x5c32087b107a5337!8m2!3d32.0903363!4d-88.224767!16s%2Fg%2F1tdn9fm_!19sChIJU09LP8HjhIgRN1N6EHsIMlw?authuser=0&hl=en&rclk=1
Evans James D,https://www.google.com/maps/place/Evans+James+D/data=!4m7!3m6!1s0x8884e3bb5ca3cb4f:0xd46c8f5b91f31b3b!8m2!3d32.0878265!4d-88.2226636!16s%2Fg%2F1td5xxzm!19sChIJT8ujXLvjhIgROxvzkVuPbNQ?authuser=0&hl=en&rclk=1
Thompson Thompson & Winters,https://www.google.com/maps/place/Thompson+Thompson+%26+Winters/data=!4m7!3m6!1s0x8884e3c40e0b9c19:0x614da452c8a4bf47!8m2!3d32.0890827!4d-88.2211387!16s%2Fg%2F1vlk29wk!19sChIJGZwLDsTjhIgRR7-kyFKkTWE?authuser=0&hl=en&rclk=1
Ezell & Ezell,https://www.google.com/maps/place/Ezell+%26+Ezell/data=!4m7!3m6!1s0x8884e3c13f4b583b:0x84edd38f0042e6fb!8m2!3d32.0896868!4d-88.2227816!16s%2Fg%2F1263kkwk2!19sChIJO1hLP8HjhIgR--ZCAI_T7YQ?authuser=0&hl=en&rclk=1
"The Armistead Law Firm, PC","https://www.google.com/maps/place/The+Armistead+Law+Firm,+PC/data=!4m7!3m6!1s0x8884e3c147de9d75:0x8be2dabd24a74a2b!8m2!3d32.0892857!4d-88.2225837!16s%2Fg%2F11b6jgjs1f!19sChIJdZ3eR8HjhIgRK0qnJL3a4os?authuser=0&hl=en&rclk=1"
D'Wayne May,https://www.google.com/maps/place/D%27Wayne+May/data=!4m7!3m6!1s0x8884e3c6ba6fb64b:0x26366d6c673fe09!8m2!3d32.0873189!4d-88.2212455!16s%2Fg%2F11bwn8mlts!19sChIJS7ZvusbjhIgRCf5zxtZmYwI?authuser=0&hl=en&rclk=1
James Abston Law Office,https://www.google.com/maps/place/James+Abston+Law+Office/data=!4m7!3m6!1s0x8884e3c40e0c639b:0x596ac8912b0acd81!8m2!3d32.0895669!4d-88.2211541!16s%2Fg%2F1td7p26v!19sChIJm2MMDsTjhIgRgc0KK5HIalk?authuser=0&hl=en&rclk=1
"Alabama Law Services, LLC---Justin Smitherman","https://www.google.com/maps/place/Alabama+Law+Services,+LLC---Justin+Smitherman/data=!4m7!3m6!1s0x888926e8aa487ebd:0x696f4d6ebdc1d019!8m2!3d33.2898035!4d-86.8419047!16s%2Fg%2F11_shwctg!19sChIJvX5IqugmiYgRGdDBvW5Nb2k?authuser=0&hl=en&rclk=1"
Edmon Mc Kinley Law Offices,https://www.google.com/maps/place/Edmon+Mc+Kinley+Law+Offices/data=!4m7!3m6!1s0x88854308e3243bc5:0xe8771d2c996f7272!8m2!3d31.9132633!4d-87.7361339!16s%2Fg%2F1tmy5tp8!19sChIJxTsk4whDhYgRcnJvmSwdd-g?authuser=0&hl=en&rclk=1
Mc Phearson Lee,https://www.google.com/maps/place/Mc+Phearson+Lee/data=!4m7!3m6!1s0x8884e3c40e0c7ebb:0x4d206cacee6e9e6e!8m2!3d32.0892136!4d-88.2211344!16s%2Fg%2F1tfmp4gv!19sChIJu34MDsTjhIgRbp5u7qxsIE0?authuser=0&hl=en&rclk=1
Winters Stephen K,https://www.google.com/maps/place/Winters+Stephen+K/data=!4m7!3m6!1s0x8884e3c40e0b697b:0x802bdf8b6816788a!8m2!3d32.0890827!4d-88.2211387!16s%2Fg%2F1260fstw4!19sChIJe2kLDsTjhIgRingWaIvfK4A?authuser=0&hl=en&rclk=1
Clarance Simmons Jr Attorney,https://www.google.com/maps/place/Clarance+Simmons+Jr+Attorney/data=!4m7!3m6!1s0x888575bdd0672cc1:0xb9e38194c170617b!8m2!3d32.3118253!4d-87.7978183!16s%2Fg%2F1hc0rd3g6!19sChIJwSxn0L11hYgRe2FwwZSB47k?authuser=0&hl=en&rclk=1
"Perkins, Phil","https://www.google.com/maps/place/Perkins,+Phil/data=!4m7!3m6!1s0x88854255bddb56b5:0x45bfd0f8bcedcd90!8m2!3d31.9178143!4d-87.740891!16s%2Fg%2F11cn5pfdwy!19sChIJtVbbvVVChYgRkM3tvPjQv0U?authuser=0&hl=en&rclk=1"
