"Radney, Radney & Jackson, LLC","https://www.google.com/maps/place/Radney,+Radney+%26+Jackson,+LLC/data=!4m7!3m6!1s0x888c0b6b1bba190b:0xb634ebf08b76022e!8m2!3d32.9434955!4d-85.954524!16s%2Fg%2F1tnblxkf!19sChIJCxm6G2sLjIgRLgJ2i_DrNLY?authuser=0&hl=en&rclk=1"
Gavin Mitchell E,https://www.google.com/maps/place/Gavin+Mitchell+E/data=!4m7!3m6!1s0x888c0b7789c4cc43:0x2c0cfaa6330e7afb!8m2!3d32.9356381!4d-85.9698607!16s%2Fg%2F1tfjrgts!19sChIJQ8zEiXcLjIgR-3oOM6b6DCw?authuser=0&hl=en&rclk=1
Marsha C Mason Law Firm,https://www.google.com/maps/place/Marsha+C+Mason+Law+Firm/data=!4m7!3m6!1s0x888c0b8eaf403785:0x589f1a1f4efabc1f!8m2!3d32.9425102!4d-85.9525228!16s%2Fg%2F11fj9ykbr5!19sChIJhTdAr44LjIgRH7z6Th8an1g?authuser=0&hl=en&rclk=1
Hill Angie J,https://www.google.com/maps/place/Hill+Angie+J/data=!4m7!3m6!1s0x888c0b6c0bf766a7:0x514f944fe6c8864c!8m2!3d32.9184739!4d-85.9529108!16s%2Fg%2F1v16r1zx!19sChIJp2b3C2wLjIgRTIbI5k-UT1E?authuser=0&hl=en&rclk=1
Derrick Blythe Attorney at Law,https://www.google.com/maps/place/Derrick+Blythe+Attorney+at+Law/data=!4m7!3m6!1s0x888c0b6af582de6d:0x5272587f5f8a1851!8m2!3d32.9444965!4d-85.9523035!16s%2Fg%2F1tx1tz5y!19sChIJbd6C9WoLjIgRURiKX39YclI?authuser=0&hl=en&rclk=1
Morris Haynes Attorneys At Law,https://www.google.com/maps/place/Morris+Haynes+Attorneys+At+Law/data=!4m7!3m6!1s0x888c0b6afda7c169:0x58578afb4120cd1!8m2!3d32.9435199!4d-85.9530751!16s%2Fg%2F1th1dhdg!19sChIJacGn_WoLjIgR0QwStK94hQU?authuser=0&hl=en&rclk=1
Davis Dianne,https://www.google.com/maps/place/Davis+Dianne/data=!4m7!3m6!1s0x888c0b6b0930b937:0xad0692298932135!8m2!3d32.9439739!4d-85.9530075!16s%2Fg%2F1wv_s_2m!19sChIJN7kwCWsLjIgRNSGTmCJp0Ao?authuser=0&hl=en&rclk=1
Jason Jackson,https://www.google.com/maps/place/Jason+Jackson/data=!4m7!3m6!1s0x888c0b6b1bba190b:0xb39ced102c40a1be!8m2!3d32.9434675!4d-85.9544482!16s%2Fg%2F1tg5cwps!19sChIJCxm6G2sLjIgRvqFALBDtnLM?authuser=0&hl=en&rclk=1
"FULLER HAMPTON, LLC","https://www.google.com/maps/place/FULLER+HAMPTON,+LLC/data=!4m7!3m6!1s0x888c0b6999a9d13f:0x42ed7fced759e725!8m2!3d32.9400215!4d-85.9535293!16s%2Fg%2F11bbwm9f7j!19sChIJP9GpmWkLjIgRJedZ185_7UI?authuser=0&hl=en&rclk=1"
Chuck Reynolds,https://www.google.com/maps/place/Chuck+Reynolds/data=!4m7!3m6!1s0x888c0b6afdb49f8d:0x2ceb6ecba16669fd!8m2!3d32.9431564!4d-85.9531484!16s%2Fg%2F1tfbjhjn!19sChIJjZ-0_WoLjIgR_Wlmoctu6yw?authuser=0&hl=en&rclk=1
THE CLOSING AGENCY,https://www.google.com/maps/place/THE+CLOSING+AGENCY/data=!4m7!3m6!1s0x888922e585552c09:0xbc7e4e759ec2b53!8m2!3d32.9200645!4d-85.9496374!16s%2Fg%2F1tdxlnc0!19sChIJCSxVheUiiYgRUyvsWefkxws?authuser=0&hl=en&rclk=1
Sizemore Jr James M,https://www.google.com/maps/place/Sizemore+Jr+James+M/data=!4m7!3m6!1s0x888c0d6e6d41de77:0xb53a9d670b6fbad8!8m2!3d32.8559115!4d-85.9601877!16s%2Fg%2F1tsr3ztj!19sChIJd95BbW4NjIgR2LpvC2edOrU?authuser=0&hl=en&rclk=1
Gillenwaters Charles R,https://www.google.com/maps/place/Gillenwaters+Charles+R/data=!4m7!3m6!1s0x888c0b6afd749a3f:0xc44ac9b7ec18de2f!8m2!3d32.9439618!4d-85.9530192!16s%2Fg%2F1tc_rskg!19sChIJP5p0_WoLjIgRL94Y7LfJSsQ?authuser=0&hl=en&rclk=1
"Agricola Law, LLC","https://www.google.com/maps/place/Agricola+Law,+LLC/data=!4m7!3m6!1s0x888c9339a9978771:0x3766d584b8c74cda!8m2!3d32.6473501!4d-85.3786409!16s%2Fg%2F11fy19rbfw!19sChIJcYeXqTmTjIgR2kzHuITVZjc?authuser=0&hl=en&rclk=1"
Barnes & Radney,https://www.google.com/maps/place/Barnes+%26+Radney/data=!4m7!3m6!1s0x888c0b6c9c47ead5:0xd6f9e68fa50fd965!8m2!3d32.9443455!4d-85.9562662!16s%2Fg%2F1tgcb8lp!19sChIJ1epHnGwLjIgRZdkPpY_m-dY?authuser=0&hl=en&rclk=1
A G Wilson,https://www.google.com/maps/place/A+G+Wilson/data=!4m7!3m6!1s0x888c0b696d31c599:0x9438f7c9995f7202!8m2!3d32.9430009!4d-85.9530621!16s%2Fg%2F1tcy9p5b!19sChIJmcUxbWkLjIgRAnJfmcn3OJQ?authuser=0&hl=en&rclk=1
Reynolds Robin F,https://www.google.com/maps/place/Reynolds+Robin+F/data=!4m7!3m6!1s0x888c7aaba8564667:0xaf6dff2bd0e9d1d0!8m2!3d32.8301308!4d-85.7633277!16s%2Fg%2F1tgn5hwl!19sChIJZ0ZWqKt6jIgR0NHp0Cv_ba8?authuser=0&hl=en&rclk=1
"Trussell, Funderburg, Rea, Bell, & Furgerson, P.C.","https://www.google.com/maps/place/Trussell,+Funderburg,+Rea,+Bell,+%26+Furgerson,+P.C./data=!4m7!3m6!1s0x88897d170929c4b1:0xebdb21972ba053c9!8m2!3d33.5857579!4d-86.2854217!16s%2Fg%2F1tfnzc2t!19sChIJscQpCRd9iYgRyVOgK5ch2-s?authuser=0&hl=en&rclk=1"
E Daine Sharpe Law Offices PC: Sharpe E Daine,https://www.google.com/maps/place/E+Daine+Sharpe+Law+Offices+PC:+Sharpe+E+Daine/data=!4m7!3m6!1s0x888c7aabb6fda3cb:0x310e25f580c20445!8m2!3d32.8312035!4d-85.7634824!16s%2Fg%2F1th82qmd!19sChIJy6P9tqt6jIgRRQTCgPUlDjE?authuser=0&hl=en&rclk=1
"The Law Firm of Edwards & Edwards, P.C. Attorneys At Law","https://www.google.com/maps/place/The+Law+Firm+of+Edwards+%26+Edwards,+P.C.+Attorneys+At+Law/data=!4m7!3m6!1s0x888c26eff155671d:0xf10fd393d7224d8c!8m2!3d32.5378463!4d-86.2050886!16s%2Fg%2F1thnpj_x!19sChIJHWdV8e8mjIgRjE0i15PTD_E?authuser=0&hl=en&rclk=1"
Alsobrook Law Group,https://www.google.com/maps/place/Alsobrook+Law+Group/data=!4m7!3m6!1s0x888c933900b8c323:0x69fe4c5e0d01d0f0!8m2!3d32.6488844!4d-85.3823801!16s%2Fg%2F1thtdxmr!19sChIJI8O4ADmTjIgR8NABDV5M_mk?authuser=0&hl=en&rclk=1
Roderick B. Perdue Attorney at Law,https://www.google.com/maps/place/Roderick+B.+Perdue+Attorney+at+Law/data=!4m7!3m6!1s0x888c26efe37f5247:0xe89632f3ccf854e0!8m2!3d32.5595808!4d-86.2232525!16s%2Fg%2F1tzvxbfj!19sChIJR1J_4-8mjIgR4FT4zPMylug?authuser=0&hl=en&rclk=1
"Azar Law Offices, LLC","https://www.google.com/maps/place/Azar+Law+Offices,+LLC/data=!4m7!3m6!1s0x888e810db34d7a0f:0xfca65651b645bee7!8m2!3d32.4976966!4d-86.2175157!16s%2Fg%2F1tfx5n_c!19sChIJD3pNsw2BjogR575FtlFWpvw?authuser=0&hl=en&rclk=1"
"John A. Tinney, Attorney at Law","https://www.google.com/maps/place/John+A.+Tinney,+Attorney+at+Law/data=!4m7!3m6!1s0x888b65e9fbf4fdc5:0x31732de44057a3f7!8m2!3d33.1510292!4d-85.3716898!16s%2Fg%2F1tg515ys!19sChIJxf30--lli4gR96NXQOQtczE?authuser=0&hl=en&rclk=1"
Henderson Law Firm,https://www.google.com/maps/place/Henderson+Law+Firm/data=!4m7!3m6!1s0x888c273b896e1fe3:0x964cbdf62565ac55!8m2!3d32.5003222!4d-86.2179126!16s%2Fg%2F11h1zwhphy!19sChIJ4x9uiTsnjIgRVaxlJfa9TJY?authuser=0&hl=en&rclk=1
Kenneth Ingram,https://www.google.com/maps/place/Kenneth+Ingram/data=!4m7!3m6!1s0x888c0b6854857d3f:0x88243d57ea7d04cf!8m2!3d32.9374664!4d-85.9531668!16s%2Fg%2F11cs4gqh97!19sChIJP32FVGgLjIgRzwR96lc9JIg?authuser=0&hl=en&rclk=1
"Reid G. Tolar, Attorney at Law","https://www.google.com/maps/place/Reid+G.+Tolar,+Attorney+at+Law/data=!4m7!3m6!1s0x888c2df786d759eb:0x95333a9269573786!8m2!3d32.3791666!4d-86.1729605!16s%2Fg%2F11sn003fl_!19sChIJ61nXhvctjIgRhjdXaZI6M5U?authuser=0&hl=en&rclk=1"
Rumsey & Wilkins: Rumsey Robert,https://www.google.com/maps/place/Rumsey+%26+Wilkins:+Rumsey+Robert/data=!4m7!3m6!1s0x888bfd652f470d97:0x49c2746613d6005e!8m2!3d33.1692316!4d-86.248513!16s%2Fg%2F1vlzc40_!19sChIJlw1HL2X9i4gRXgDWE2Z0wkk?authuser=0&hl=en&rclk=1
"Courtney & Mann, LLP","https://www.google.com/maps/place/Courtney+%26+Mann,+LLP/data=!4m7!3m6!1s0x888c2725930c9a37:0xf62b047ed1760db0!8m2!3d32.5588703!4d-86.2223767!16s%2Fg%2F11b73vg5d2!19sChIJN5oMkyUnjIgRsA120X4EK_Y?authuser=0&hl=en&rclk=1"
Neese Law Offices,https://www.google.com/maps/place/Neese+Law+Offices/data=!4m7!3m6!1s0x888c9337e997c3c9:0x7f24d642967fa714!8m2!3d32.6431503!4d-85.3762099!16s%2Fg%2F1vlzc41n!19sChIJycOX6TeTjIgRFKd_lkLWJH8?authuser=0&hl=en&rclk=1
Dansby Law Firm,https://www.google.com/maps/place/Dansby+Law+Firm/data=!4m7!3m6!1s0x888c2a455f2fc819:0x42bca72c3249ac66!8m2!3d32.3587912!4d-86.226826!16s%2Fg%2F1tffvq82!19sChIJGcgvX0UqjIgRZqxJMiynvEI?authuser=0&hl=en&rclk=1
Gray Langford Sapp Mc Gowan,https://www.google.com/maps/place/Gray+Langford+Sapp+Mc+Gowan/data=!4m7!3m6!1s0x888c50d6aca6bd7d:0xd23254353f716c11!8m2!3d32.4246405!4d-85.6904743!16s%2Fg%2F1tf24vzp!19sChIJfb2mrNZQjIgREWxxPzVUMtI?authuser=0&hl=en&rclk=1
Morris Firm For Men,https://www.google.com/maps/place/Morris+Firm+For+Men/data=!4m7!3m6!1s0x888c2d926002bc9d:0xbbec423f93596bcf!8m2!3d32.3604328!4d-86.2056446!16s%2Fg%2F11h9kzy18h!19sChIJnbwCYJItjIgRz2tZkz9C7Ls?authuser=0&hl=en&rclk=1
"Pruitt & Richardson, P.C.","https://www.google.com/maps/place/Pruitt+%26+Richardson,+P.C./data=!4m7!3m6!1s0x88897d17120b4fb7:0x92a0d8ae031f299a!8m2!3d33.5853725!4d-86.2891065!16s%2Fg%2F1tc_rsgh!19sChIJt08LEhd9iYgRmikfA67YoJI?authuser=0&hl=en&rclk=1"
Michael R Booker PC,https://www.google.com/maps/place/Michael+R+Booker+PC/data=!4m7!3m6!1s0x888bfd63672d6ccb:0xd883bd24e4d376d3!8m2!3d33.1706532!4d-86.2529671!16s%2Fg%2F1tgpc11n!19sChIJy2wtZ2P9i4gR03bT5CS9g9g?authuser=0&hl=en&rclk=1
Fuller Joseph,https://www.google.com/maps/place/Fuller+Joseph/data=!4m7!3m6!1s0x888c0b6afdcb7f3d:0xbe799a2b9004edff!8m2!3d32.944012!4d-85.9538532!16s%2Fg%2F1tg35_7f!19sChIJPX_L_WoLjIgR_-0EkCuaeb4?authuser=0&hl=en&rclk=1
Mike Hostilo Law Firm,https://www.google.com/maps/place/Mike+Hostilo+Law+Firm/data=!4m7!3m6!1s0x888ccdfc2d577919:0x79287acd8589e62f!8m2!3d32.4696883!4d-85.0004011!16s%2Fg%2F11hmsb7klv!19sChIJGXlXLfzNjIgRL-aJhc16KHk?authuser=0&hl=en&rclk=1
"Kelli McDaniel Day, Attorney at Law","https://www.google.com/maps/place/Kelli+McDaniel+Day,+Attorney+at+Law/data=!4m7!3m6!1s0x888c2c4f31fc3335:0xc8751e66c47b986!8m2!3d32.3592449!4d-86.1429422!16s%2Fg%2F11c2pnm0wk!19sChIJNTP8MU8sjIgRhrlHbOZRhww?authuser=0&hl=en&rclk=1"
J Van Wilkins Law,https://www.google.com/maps/place/J+Van+Wilkins+Law/data=!4m7!3m6!1s0x888bfd64de4a972f:0xcd5b59ff4b0f747d!8m2!3d33.170107!4d-86.249038!16s%2Fg%2F1262w4qbh!19sChIJL5dK3mT9i4gRfXQPS_9ZW80?authuser=0&hl=en&rclk=1
"Law Offices of Jennifer Joyce Tompkins, LLC","https://www.google.com/maps/place/Law+Offices+of+Jennifer+Joyce+Tompkins,+LLC/data=!4m7!3m6!1s0x888c2c4f3937d24f:0x9db1c6e8c419c6fd!8m2!3d32.342373!4d-86.1696523!16s%2Fg%2F1vp6_z2w!19sChIJT9I3OU8sjIgR_cYZxOjGsZ0?authuser=0&hl=en&rclk=1"
"Anderson, Williams, & Farrow, L.L.C..","https://www.google.com/maps/place/Anderson,+Williams,+%26+Farrow,+L.L.C../data=!4m7!3m6!1s0x888c2c6d471bd53f:0x6ff33dc1e14c3725!8m2!3d32.3650942!4d-86.1637365!16s%2Fg%2F1tx163n7!19sChIJP9UbR20sjIgRJTdM4cE9828?authuser=0&hl=en&rclk=1"
"Law Offices of Jo Anna C. Parker, LLC","https://www.google.com/maps/place/Law+Offices+of+Jo+Anna+C.+Parker,+LLC/data=!4m7!3m6!1s0x888ccdb7b7ceece7:0x83f4f1fd31e9dfaa!8m2!3d32.4745875!4d-85.0011905!16s%2Fg%2F1w6665n8!19sChIJ5-zOt7fNjIgRqt_pMf3x9IM?authuser=0&hl=en&rclk=1"
Wheeles Todd M,https://www.google.com/maps/place/Wheeles+Todd+M/data=!4m7!3m6!1s0x888c0b6afda7c169:0xd8fe81637f301fc6!8m2!3d32.9435199!4d-85.9530751!16s%2Fg%2F1tvq4x65!19sChIJacGn_WoLjIgRxh8wf2OB_tg?authuser=0&hl=en&rclk=1
Law Offices of Keith A. Howard,https://www.google.com/maps/place/Law+Offices+of+Keith+A.+Howard/data=!4m7!3m6!1s0x888c26fa8243334b:0xf697183542c00fa5!8m2!3d32.53475!4d-86.2063617!16s%2Fg%2F1tj4zgym!19sChIJSzNDgvomjIgRpQ_AQjUYl_Y?authuser=0&hl=en&rclk=1
Funderburk Law Group,https://www.google.com/maps/place/Funderburk+Law+Group/data=!4m7!3m6!1s0x888ccdb8251fd567:0xafdb6f81a02e393!8m2!3d32.4717187!4d-85.0011399!16s%2Fg%2F1tdh4n0l!19sChIJZ9UfJbjNjIgRk-MCGvi2_Qo?authuser=0&hl=en&rclk=1
"Law Office Of Laurie Mize Henderson, P.C.","https://www.google.com/maps/place/Law+Office+Of+Laurie+Mize+Henderson,+P.C./data=!4m7!3m6!1s0x88897d17bc1da971:0x8609accb43302150!8m2!3d33.586162!4d-86.285415!16s%2Fg%2F11byl5y9_h!19sChIJcakdvBd9iYgRUCEwQ8usCYY?authuser=0&hl=en&rclk=1"
"McCollum and Wilson, P.C. Law Office","https://www.google.com/maps/place/McCollum+and+Wilson,+P.C.+Law+Office/data=!4m7!3m6!1s0x888cf2e16562d11b:0x67ef3ccefeb619fb!8m2!3d32.6093571!4d-85.4754987!16s%2Fg%2F1thl1mwb!19sChIJG9FiZeHyjIgR-xm2_s4872c?authuser=0&hl=en&rclk=1"
Rumsey Law Firm,https://www.google.com/maps/place/Rumsey+Law+Firm/data=!4m7!3m6!1s0x888bfd652f470d97:0x4142cf898eaeea5e!8m2!3d33.1692997!4d-86.2485417!16s%2Fg%2F1trc5qz6!19sChIJlw1HL2X9i4gRXuqujonPQkE?authuser=0&hl=en&rclk=1
"Kia Scott, Attorney at Law","https://www.google.com/maps/place/Kia+Scott,+Attorney+at+Law/data=!4m7!3m6!1s0x888e8171a47fe1c3:0x67549d8fe02d5f36!8m2!3d32.3472248!4d-86.1759277!16s%2Fg%2F11c7477qdx!19sChIJw-F_pHGBjogRNl8t4I-dVGc?authuser=0&hl=en&rclk=1"
"Kristi C. Fuller Law, LLC","https://www.google.com/maps/place/Kristi+C.+Fuller+Law,+LLC/data=!4m7!3m6!1s0x888c2c86f3ccd0b3:0xc29d7c9341385697!8m2!3d32.3398533!4d-86.1681609!16s%2Fg%2F11csp8nqmz!19sChIJs9DM84YsjIgRl1Y4QZN8ncI?authuser=0&hl=en&rclk=1"
Floyd Hunter Injury Law,https://www.google.com/maps/place/Floyd+Hunter+Injury+Law/data=!4m7!3m6!1s0x888e9b252614664f:0x4388ca495daa38dc!8m2!3d32.4990907!4d-86.3692612!16s%2Fg%2F1td8zx7_!19sChIJT2YUJiWbjogR3DiqXUnKiEM?authuser=0&hl=en&rclk=1
Graham Legal Firm,https://www.google.com/maps/place/Graham+Legal+Firm/data=!4m7!3m6!1s0x888ccdc7ed084907:0x1718059e1783fb92!8m2!3d32.4710462!4d-85.0033601!16s%2Fg%2F1tgdd5kp!19sChIJB0kI7cfNjIgRkvuDF54FGBc?authuser=0&hl=en&rclk=1
"Walton Law Firm, P.C.","https://www.google.com/maps/place/Walton+Law+Firm,+P.C./data=!4m7!3m6!1s0x888ced67cf4399e1:0xdf6b2763b49708c1!8m2!3d32.6136777!4d-85.4488591!16s%2Fg%2F1232kl8k5!19sChIJ4ZlDz2ftjIgRwQiXtGMna98?authuser=0&hl=en&rclk=1"
"Giddens, Rod","https://www.google.com/maps/place/Giddens,+Rod/data=!4m7!3m6!1s0x888bfd7b21d52c91:0xef2fe0ecf64a47e4!8m2!3d33.1674005!4d-86.2490324!16s%2Fg%2F11bzt8f067!19sChIJkSzVIXv9i4gR5EdK9uzgL-8?authuser=0&hl=en&rclk=1"
Floyd & Floyd Attorneys,https://www.google.com/maps/place/Floyd+%26+Floyd+Attorneys/data=!4m7!3m6!1s0x888ccdc8979db27d:0x7bd55a779a2b9596!8m2!3d32.4731998!4d-85.0063569!16s%2Fg%2F1v9gw7c1!19sChIJfbKdl8jNjIgRlpUrmnda1Xs?authuser=0&hl=en&rclk=1
"The Sellers Law Firm, LLC","https://www.google.com/maps/place/The+Sellers+Law+Firm,+LLC/data=!4m7!3m6!1s0x888c2a688862564f:0x8178bbdb08ff6a87!8m2!3d32.357634!4d-86.238865!16s%2Fg%2F11b6nnr28v!19sChIJT1ZiiGgqjIgRh2r_CNu7eIE?authuser=0&hl=en&rclk=1"
Jim L. DeBardelaben Law,https://www.google.com/maps/place/Jim+L.+DeBardelaben+Law/data=!4m7!3m6!1s0x888e819ab566880b:0x3e0babd450d9bbd8!8m2!3d32.5046337!4d-86.2139439!16s%2Fg%2F1tls3m2d!19sChIJC4hmtZqBjogR2LvZUNSrCz4?authuser=0&hl=en&rclk=1
District Attorneys Office,https://www.google.com/maps/place/District+Attorneys+Office/data=!4m7!3m6!1s0x888c0b6c7c064f13:0xf89e2e043940145b!8m2!3d32.9430438!4d-85.9564015!16s%2Fg%2F113j0qwpz!19sChIJE08GfGwLjIgRWxRAOQQunvg?authuser=0&hl=en&rclk=1
"Jan Neal Law Firm, LLC","https://www.google.com/maps/place/Jan+Neal+Law+Firm,+LLC/data=!4m7!3m6!1s0x888c933fbc4396e9:0x24efcdafa7e0cbda!8m2!3d32.6540041!4d-85.3770498!16s%2Fg%2F1q672f97y!19sChIJ6ZZDvD-TjIgR2svgp6_N7yQ?authuser=0&hl=en&rclk=1"
Donald R Hamlin Law Offices,https://www.google.com/maps/place/Donald+R+Hamlin+Law+Offices/data=!4m7!3m6!1s0x888b917f271a46f9:0xf3b82d864a45d140!8m2!3d33.2371971!4d-85.8443589!16s%2Fg%2F1txnq6zg!19sChIJ-UYaJ3-Ri4gRQNFFSoYtuPM?authuser=0&hl=en&rclk=1
Hawkins William M,https://www.google.com/maps/place/Hawkins+William+M/data=!4m7!3m6!1s0x888a614d33205249:0x3d04708a8532bd0!8m2!3d34.1533118!4d-85.6824593!16s%2Fg%2F1tmqgzv8!19sChIJSVIgM01hiogR0CtTqAhH0AM?authuser=0&hl=en&rclk=1
Barfoot & Schoettker,https://www.google.com/maps/place/Barfoot+%26+Schoettker/data=!4m7!3m6!1s0x888e810ccc6d41ab:0x3b5b14ab6d3374da!8m2!3d32.3465741!4d-86.1763505!16s%2Fg%2F1v9gw7cn!19sChIJq0FtzAyBjogR2nQzbasUWzs?authuser=0&hl=en&rclk=1
Loftin Loftin & May,https://www.google.com/maps/place/Loftin+Loftin+%26+May/data=!4m7!3m6!1s0x888ccdc9e032caf1:0x6ad5571b0902d929!8m2!3d32.47665!4d-85.002587!16s%2Fg%2F1tfry7s8!19sChIJ8coy4MnNjIgRKdkCCRtX1Wo?authuser=0&hl=en&rclk=1
W. Kendrick James,https://www.google.com/maps/place/W.+Kendrick+James/data=!4m7!3m6!1s0x888c27cb7f45a087:0xedc4b25c0f806437!8m2!3d32.4983406!4d-86.2184829!16s%2Fg%2F1tnhz2rd!19sChIJh6BFf8snjIgRN2SAD1yyxO0?authuser=0&hl=en&rclk=1
"The Valenzuela Law Firm, LLC","https://www.google.com/maps/place/The+Valenzuela+Law+Firm,+LLC/data=!4m7!3m6!1s0x88927dd4b9c4d6e5:0x7f936bd58920f2b8!8m2!3d31.4590007!4d-85.6396317!16s%2Fg%2F11b8t77x9c!19sChIJ5dbEudR9kogRuPIgidVrk38?authuser=0&hl=en&rclk=1"
"Law Office of Clyde T Bailey, LLC","https://www.google.com/maps/place/Law+Office+of+Clyde+T+Bailey,+LLC/data=!4m7!3m6!1s0x888c26eff020ef35:0x80440a460d6afda8!8m2!3d32.5387714!4d-86.2046753!16s%2Fg%2F1tmgd5y0!19sChIJNe8g8O8mjIgRqP1qDUYKRIA?authuser=0&hl=en&rclk=1"
"Bence Law Firm, LLC","https://www.google.com/maps/place/Bence+Law+Firm,+LLC/data=!4m7!3m6!1s0x888ccdaf1d8d0797:0x84b92ebbd808e894!8m2!3d32.4721662!4d-85.0011526!16s%2Fg%2F1ptxx8btj!19sChIJlweNHa_NjIgRlOgI2LsuuYQ?authuser=0&hl=en&rclk=1"
The Law Office of Bob Burton,https://www.google.com/maps/place/The+Law+Office+of+Bob+Burton/data=!4m7!3m6!1s0x888e8e4438842223:0xc2c025a9448ee7be!8m2!3d32.4650844!4d-86.452847!16s%2Fg%2F1tfbtnjx!19sChIJIyKEOESOjogRvueORKklwMI?authuser=0&hl=en&rclk=1
"The KJ Law Firm: Kristine Jones, Attorney-at-Law","https://www.google.com/maps/place/The+KJ+Law+Firm:+Kristine+Jones,+Attorney-at-Law/data=!4m7!3m6!1s0x888e817125989375:0x71fb2c6a944d182e!8m2!3d32.3588959!4d-86.2311337!16s%2Fg%2F11f3x6y27r!19sChIJdZOYJXGBjogRLhhNlGos-3E?authuser=0&hl=en&rclk=1"
Law Office of Patrick Mahaney,https://www.google.com/maps/place/Law+Office+of+Patrick+Mahaney/data=!4m7!3m6!1s0x888c2c873adc8475:0xf4238b5389508c26!8m2!3d32.3592469!4d-86.1429413!16s%2Fg%2F1td6nf94!19sChIJdYTcOocsjIgRJoxQiVOLI_Q?authuser=0&hl=en&rclk=1
Revill Law Firm,https://www.google.com/maps/place/Revill+Law+Firm/data=!4m7!3m6!1s0x14e3c368077d0b3f:0xd2fa28b291d03886!8m2!3d33.5157301!4d-86.8051413!16s%2Fg%2F11b6yjy0vf!19sChIJPwt9B2jD4xQRhjjQkbIo-tI?authuser=0&hl=en&rclk=1
Amari and Gray,https://www.google.com/maps/place/Amari+and+Gray/data=!4m7!3m6!1s0x88891b960cf17e7b:0x4f88489b6e5149af!8m2!3d33.5141331!4d-86.8044399!16s%2Fg%2F11gfhzcwj1!19sChIJe37xDJYbiYgRr0lRbptIiE8?authuser=0&hl=en&rclk=1
"Gossman Law Firm, LLC","https://www.google.com/maps/place/Gossman+Law+Firm,+LLC/data=!4m7!3m6!1s0x888918a6c6831ec7:0x5209ff26a2a5d29e!8m2!3d33.40306!4d-86.8071071!16s%2Fg%2F1vs5xh7s!19sChIJxx6DxqYYiYgRntKloib_CVI?authuser=0&hl=en&rclk=1"
The Watson Firm | The Entrepreneur's Law Firm,https://www.google.com/maps/place/The+Watson+Firm+%7C+The+Entrepreneur%27s+Law+Firm/data=!4m7!3m6!1s0x88891bd633a9b733:0x9f6214755fe6483b!8m2!3d33.5163776!4d-86.8064358!16s%2Fg%2F1261vtkd1!19sChIJM7epM9YbiYgRO0jmX3UUYp8?authuser=0&hl=en&rclk=1
"Capstone Law, LLC","https://www.google.com/maps/place/Capstone+Law,+LLC/data=!4m7!3m6!1s0x88891b4a5b80090f:0x9a0c137ac06848fe!8m2!3d33.5170672!4d-86.8045563!16s%2Fg%2F11mx6t2v5y!19sChIJDwmAW0obiYgR_khowHoTDJo?authuser=0&hl=en&rclk=1"
Jacqueline E Austin Law Office,https://www.google.com/maps/place/Jacqueline+E+Austin+Law+Office/data=!4m7!3m6!1s0x888c26effa558a19:0x5699d65f8db92af5!8m2!3d32.537324!4d-86.205208!16s%2Fg%2F1tf2yktz!19sChIJGYpV-u8mjIgR9Sq5jV_WmVY?authuser=0&hl=en&rclk=1
Off The Mark Ip Solutions,https://www.google.com/maps/place/Off+The+Mark+Ip+Solutions/data=!4m7!3m6!1s0x88891b832d9efa37:0xb868927e9fd0ddc3!8m2!3d32.3818945!4d-86.2449846!16s%2Fg%2F1yg6nr2jb!19sChIJN_qeLYMbiYgRw93Qn36SaLg?authuser=0&hl=en&rclk=1
"Ericka Powell, Attorney at Law","https://www.google.com/maps/place/Ericka+Powell,+Attorney+at+Law/data=!4m7!3m6!1s0x888c2b0abe7577b3:0x19c1b2e635cf298f!8m2!3d32.3472248!4d-86.1759277!16s%2Fg%2F11j8qrj_k3!19sChIJs3d1vgorjIgRjynPNeaywRk?authuser=0&hl=en&rclk=1"
"Watts & Herring, LLC","https://www.google.com/maps/place/Watts+%26+Herring,+LLC/data=!4m7!3m6!1s0x88891b91690004ef:0x82b36df943c7bdf8!8m2!3d33.5162241!4d-86.8081076!16s%2Fg%2F1tk8cwxt!19sChIJ7wQAaZEbiYgR-L3HQ_lts4I?authuser=0&hl=en&rclk=1"
Thompson & Associates,https://www.google.com/maps/place/Thompson+%26+Associates/data=!4m7!3m6!1s0x888c50d6da46cb09:0x933c0c1c2f98c223!8m2!3d32.4234086!4d-85.6918346!16s%2Fg%2F1tg2lfh7!19sChIJCctG2tZQjIgRI8KYLxwMPJM?authuser=0&hl=en&rclk=1
James Ivins Attorney,https://www.google.com/maps/place/James+Ivins+Attorney/data=!4m7!3m6!1s0x888ccdb7a47080af:0xa90de31a7eba864c!8m2!3d32.4739449!4d-85.0003932!16s%2Fg%2F1tgyxg_x!19sChIJr4BwpLfNjIgRTIa6fhrjDak?authuser=0&hl=en&rclk=1
"King Green & Dobson, LLC - Locust Fork","https://www.google.com/maps/place/King+Green+%26+Dobson,+LLC+-+Locust+Fork/data=!4m7!3m6!1s0x8889a2e028098a9b:0xfe9a76b4e8ba0b36!8m2!3d33.9039126!4d-86.6206554!16s%2Fg%2F1tq6f7v4!19sChIJm4oJKOCiiYgRNgu66LR2mv4?authuser=0&hl=en&rclk=1"
"Goldasich, Vick & Fulk","https://www.google.com/maps/place/Goldasich,+Vick+%26+Fulk/data=!4m7!3m6!1s0x88891b96ef34fd49:0x8f14562ec1bb7b43!8m2!3d33.5173716!4d-86.8051257!16s%2Fg%2F1tcw8yx8!19sChIJSf0075YbiYgRQ3u7wS5WFI8?authuser=0&hl=en&rclk=1"
"Akridge & Balch, P.C.","https://www.google.com/maps/place/Akridge+%26+Balch,+P.C./data=!4m7!3m6!1s0x888cf2c8e179ca0b:0xd83f97dfa62dd5b2!8m2!3d32.6253328!4d-85.4614256!16s%2Fg%2F1v8x2zhj!19sChIJC8p54cjyjIgRstUtpt-XP9g?authuser=0&hl=en&rclk=1"
"Nika Gholston Law, LLC","https://www.google.com/maps/place/Nika+Gholston+Law,+LLC/data=!4m7!3m6!1s0x888e817124f7f687:0x8a10008f4118c6eb!8m2!3d32.3391187!4d-86.1660853!16s%2Fg%2F11c58q4599!19sChIJh_b3JHGBjogR68YYQY8AEIo?authuser=0&hl=en&rclk=1"
"Dani V. Bone and Sam D. Bone, Attorneys at Law","https://www.google.com/maps/place/Dani+V.+Bone+and+Sam+D.+Bone,+Attorneys+at+Law/data=!4m7!3m6!1s0x888a3c1ebee7a0d1:0x403ca2131c0a695b!8m2!3d34.0177262!4d-86.0162028!16s%2Fg%2F1tdpgzp2!19sChIJ0aDnvh48iogRW2kKHBOiPEA?authuser=0&hl=en&rclk=1"
Cory Watson Attorneys,https://www.google.com/maps/place/Cory+Watson+Attorneys/data=!4m7!3m6!1s0x88891bc441294029:0x772afa42c77eb44!8m2!3d33.5030185!4d-86.794367!16s%2Fg%2F1td0h86h!19sChIJKUApQcQbiYgRROt3LKSvcgc?authuser=0&hl=en&rclk=1
Walker Law Firm,https://www.google.com/maps/place/Walker+Law+Firm/data=!4m7!3m6!1s0x888c2c86933ad1ff:0x1f5221cc32015a54!8m2!3d32.6097368!4d-85.4801356!16s%2Fg%2F11x9cl7vk!19sChIJ_9E6k4YsjIgRVFoBMswhUh8?authuser=0&hl=en&rclk=1
"Hare, Wynn, Newell & Newton, LLP","https://www.google.com/maps/place/Hare,+Wynn,+Newell+%26+Newton,+LLP/data=!4m7!3m6!1s0x88891b96ea3da825:0xe1509c87e9070956!8m2!3d33.5166863!4d-86.805675!16s%2Fg%2F1tcwmb0r!19sChIJJag96pYbiYgRVgkH6YecUOE?authuser=0&hl=en&rclk=1"
"Cusimano, Roberts, Mills, & Knowlton, LLC","https://www.google.com/maps/place/Cusimano,+Roberts,+Mills,+%26+Knowlton,+LLC/data=!4m7!3m6!1s0x888a3c1db15f43cd:0xa3a1fdff52e3b5e4!8m2!3d34.014703!4d-86.014244!16s%2Fg%2F1tdwwg7f!19sChIJzUNfsR08iogR5LXjUv_9oaM?authuser=0&hl=en&rclk=1"
"Morris Bart & Associates, LLC","https://www.google.com/maps/place/Morris+Bart+%26+Associates,+LLC/data=!4m7!3m6!1s0x88891b911f0a62d5:0x70b0a768266e5c5c!8m2!3d33.5176223!4d-86.8084027!16s%2Fg%2F11bwkf6pdv!19sChIJ1WIKH5EbiYgRXFxuJminsHA?authuser=0&hl=en&rclk=1"
Brock & Stout Attorneys at Law,https://www.google.com/maps/place/Brock+%26+Stout+Attorneys+at+Law/data=!4m7!3m6!1s0x888c2aed6492bde1:0xf9498cd532dfd323!8m2!3d32.3603256!4d-86.2026508!16s%2Fg%2F1tj9cs61!19sChIJ4b2SZO0qjIgRI9PfMtWMSfk?authuser=0&hl=en&rclk=1
Law Offices of Joey Stevens,https://www.google.com/maps/place/Law+Offices+of+Joey+Stevens/data=!4m7!3m6!1s0x88897ceb26e30d21:0xcf18e7d57b4ff5a1!8m2!3d33.588164!4d-86.284056!16s%2Fg%2F1hc28jplq!19sChIJIQ3jJut8iYgRofVPe9XnGM8?authuser=0&hl=en&rclk=1
Clark Law Firm,https://www.google.com/maps/place/Clark+Law+Firm/data=!4m7!3m6!1s0x88891b967ce419db:0x97cbcd29621a4fdf!8m2!3d33.5154914!4d-86.8042841!16s%2Fg%2F11gfc0gj7_!19sChIJ2xnkfJYbiYgR308aYinNy5c?authuser=0&hl=en&rclk=1
"Donohoe And Stapleton,LLC","https://www.google.com/maps/place/Donohoe+And+Stapleton,LLC/data=!4m7!3m6!1s0x888e81db401243bf:0xca8e447584c51c00!8m2!3d32.3619585!4d-86.2654474!16s%2Fg%2F1tdg8kzr!19sChIJv0MSQNuBjogRABzFhHVEjso?authuser=0&hl=en&rclk=1"
"Eastwood, Estate and Probate Law","https://www.google.com/maps/place/Eastwood,+Estate+and+Probate+Law/data=!4m7!3m6!1s0x88891b905de24d27:0xf1c7f65bb4ba9dbb!8m2!3d33.5191944!4d-86.8097162!16s%2Fg%2F11c6f20w88!19sChIJJ03iXZAbiYgRu526tFv2x_E?authuser=0&hl=en&rclk=1"
"Hollis, Wright & Clay, P.C.","https://www.google.com/maps/place/Hollis,+Wright+%26+Clay,+P.C./data=!4m7!3m6!1s0x88891b90de822323:0xd71fef143340930f!8m2!3d33.515082!4d-86.80219!16s%2Fg%2F1tgpyzlb!19sChIJIyOC3pAbiYgRD5NAMxTvH9c?authuser=0&hl=en&rclk=1"
The Griggs Law Firm LLC,https://www.google.com/maps/place/The+Griggs+Law+Firm+LLC/data=!4m7!3m6!1s0x888c47506585f943:0x790d2814ee250de6!8m2!3d32.5514426!4d-85.9222779!16s%2Fg%2F1wj_v0zk!19sChIJQ_mFZVBHjIgR5g0l7hQoDXk?authuser=0&hl=en&rclk=1
Clint C Thomas Law Office,https://www.google.com/maps/place/Clint+C+Thomas+Law+Office/data=!4m7!3m6!1s0x88892d92c18f62c9:0xf21a5986fe96c605!8m2!3d33.10301!4d-86.753265!16s%2Fg%2F1tf9tlp4!19sChIJyWKPwZItiYgRBcaW_oZZGvI?authuser=0&hl=en&rclk=1
"Stanko & Senter, LLC","https://www.google.com/maps/place/Stanko+%26+Senter,+LLC/data=!4m7!3m6!1s0x888bb3eaea2a282d:0xa1b8d10e88b52412!8m2!3d33.6595878!4d-85.8289653!16s%2Fg%2F1td8zx4_!19sChIJLSgq6uqzi4gREiS1iA7RuKE?authuser=0&hl=en&rclk=1"
"The Danford Law Firm, LLC","https://www.google.com/maps/place/The+Danford+Law+Firm,+LLC/data=!4m7!3m6!1s0x888c29e9bf09b4ab:0x5160d3e8f46d582b!8m2!3d32.4124062!4d-86.2399047!16s%2Fg%2F1thgc6v1!19sChIJq7QJv-kpjIgRK1ht9OjTYFE?authuser=0&hl=en&rclk=1"
John K Warren Law Office,https://www.google.com/maps/place/John+K+Warren+Law+Office/data=!4m7!3m6!1s0x888b914e790d1c3b:0xf54b1b6238476401!8m2!3d33.273832!4d-85.836142!16s%2Fg%2F1tqcl_5l!19sChIJOxwNeU6Ri4gRAWRHOGIbS_U?authuser=0&hl=en&rclk=1
"Jackson and Scott, LLC","https://www.google.com/maps/place/Jackson+and+Scott,+LLC/data=!4m7!3m6!1s0x888c2c7f7b5cc747:0x1182d651d81605c1!8m2!3d32.3471357!4d-86.1747933!16s%2Fg%2F11f4qr0v7z!19sChIJR8dce38sjIgRwQUW2FHWghE?authuser=0&hl=en&rclk=1"
"Pittman, Dutton, Hellums, Bradley & Mann, P.C.","https://www.google.com/maps/place/Pittman,+Dutton,+Hellums,+Bradley+%26+Mann,+P.C./data=!4m7!3m6!1s0x88890e3d8465ea4b:0xd39d05299bb3bbe6!8m2!3d33.5193301!4d-86.8097533!16s%2Fg%2F1tc_lxn9!19sChIJS-plhD0OiYgR5ruzmykFndM?authuser=0&hl=en&rclk=1"
Herrington Charles M,https://www.google.com/maps/place/Herrington+Charles+M/data=!4m7!3m6!1s0x888c2c4f2e06f46d:0xd22b7568e78061c7!8m2!3d32.3592777!4d-86.142817!16s%2Fg%2F1vntknrb!19sChIJbfQGLk8sjIgRx2GA52h1K9I?authuser=0&hl=en&rclk=1
"Jinks, Crow & Dickson, P.C.","https://www.google.com/maps/place/Jinks,+Crow+%26+Dickson,+P.C./data=!4m7!3m6!1s0x888e817095cda1d3:0x283a40630a5e958c!8m2!3d32.3588295!4d-86.1434957!16s%2Fg%2F11b5wqfxyn!19sChIJ06HNlXCBjogRjJVeCmNAOig?authuser=0&hl=en&rclk=1"
Mitchell Josh J,https://www.google.com/maps/place/Mitchell+Josh+J/data=!4m7!3m6!1s0x88891b969bc0c817:0x491ec5d4e1271862!8m2!3d33.5156455!4d-86.8054689!16s%2Fg%2F1thsb3jy!19sChIJF8jAm5YbiYgRYhgn4dTFHkk?authuser=0&hl=en&rclk=1
"John V. Martine, Full Service Law Firm","https://www.google.com/maps/place/John+V.+Martine,+Full+Service+Law+Firm/data=!4m7!3m6!1s0x8887c8f34b80178b:0x94e7ce6b8e66ea15!8m2!3d33.933201!4d-87.8098306!16s%2Fg%2F1tfd34zy!19sChIJixeAS_PIh4gRFepmjmvO55Q?authuser=0&hl=en&rclk=1"
"Jaffe, Hanle, Whisonant & Knight, P.C.","https://www.google.com/maps/place/Jaffe,+Hanle,+Whisonant+%26+Knight,+P.C./data=!4m7!3m6!1s0x88891bcfc8f24ff9:0x73b3d5b1898f8b7b!8m2!3d33.4999211!4d-86.7876316!16s%2Fg%2F1tdr8zbb!19sChIJ-U_yyM8biYgRe4uPibHVs3M?authuser=0&hl=en&rclk=1"
"Vogel Law Firm, LLC","https://www.google.com/maps/place/Vogel+Law+Firm,+LLC/data=!4m7!3m6!1s0x888c2bd0de792e7d:0x7f33520fc830b838!8m2!3d32.4986316!4d-86.2185704!16s%2Fg%2F1tcy9p5m!19sChIJfS553tArjIgROLgwyA9SM38?authuser=0&hl=en&rclk=1"
Sasser and O'Rear,https://www.google.com/maps/place/Sasser+and+O%27Rear/data=!4m7!3m6!1s0x888e81daee5729e3:0x1ad2f74aeb856210!8m2!3d32.34202!4d-86.1700584!16s%2Fg%2F1tdx09qk!19sChIJ4ylX7tqBjogREGKF60r30ho?authuser=0&hl=en&rclk=1
Maxwell Tillman Law Firm,https://www.google.com/maps/place/Maxwell+Tillman+Law+Firm/data=!4m7!3m6!1s0x8889197e98a8fa63:0xf7170753be665bf1!8m2!3d33.5180596!4d-86.8012803!16s%2Fg%2F11bywwk8rt!19sChIJY_qomH4ZiYgR8VtmvlMHF_c?authuser=0&hl=en&rclk=1
Floyd Hunter Injury Law,https://www.google.com/maps/place/Floyd+Hunter+Injury+Law/data=!4m7!3m6!1s0x888c2dbd3b3d0b57:0xe4e666c9459963d6!8m2!3d32.3540619!4d-86.1662005!16s%2Fg%2F11p_05rmq3!19sChIJVws9O70tjIgR1mOZRclm5uQ?authuser=0&hl=en&rclk=1
"Attorney Elliott Lipinsky, The Law Offices of Elliott Owen Lipinsky","https://www.google.com/maps/place/Attorney+Elliott+Lipinsky,+The+Law+Offices+of+Elliott+Owen+Lipinsky/data=!4m7!3m6!1s0x888e813a03053e85:0xa034874d32a0ddf9!8m2!3d32.4067951!4d-87.0230301!16s%2Fg%2F11j456vq7h!19sChIJhT4FAzqBjogR-d2gMk2HNKA?authuser=0&hl=en&rclk=1"
Grainger Legal Services,https://www.google.com/maps/place/Grainger+Legal+Services/data=!4m7!3m6!1s0x888e8fb743b18e71:0xf87cceb6fff7808f!8m2!3d32.3590565!4d-86.2356798!16s%2Fg%2F1tdp173l!19sChIJcY6xQ7ePjogRj4D3_7bOfPg?authuser=0&hl=en&rclk=1
Law Offices of Mark P. Jones,https://www.google.com/maps/place/Law+Offices+of+Mark+P.+Jones/data=!4m7!3m6!1s0x888ccda5aadc1ddf:0x566ec75c5e2f12c4!8m2!3d46.423669!4d-129.9427086!16s%2Fg%2F1ygbcmfg_!19sChIJ3x3cqqXNjIgRxBIvXlzHblY?authuser=0&hl=en&rclk=1
"Penn & Seaborn, LLC","https://www.google.com/maps/place/Penn+%26+Seaborn,+LLC/data=!4m7!3m6!1s0x888c2c7af40c4c71:0x22cccbffac469b52!8m2!3d32.3529547!4d-86.167339!16s%2Fg%2F11fk2nwmcc!19sChIJcUwM9HosjIgRUptGrP_LzCI?authuser=0&hl=en&rclk=1"
Philip E. Miles Law Office,https://www.google.com/maps/place/Philip+E.+Miles+Law+Office/data=!4m7!3m6!1s0x888a3ea52e16c09d:0xdc27c659bb521df6!8m2!3d34.0126494!4d-86.0023589!16s%2Fg%2F1ts_7cqt!19sChIJncAWLqU-iogR9h1Su1nGJ9w?authuser=0&hl=en&rclk=1
"David Weston, Attorney at Law","https://www.google.com/maps/place/David+Weston,+Attorney+at+Law/data=!4m7!3m6!1s0x888c2c6d471bd53f:0xf3558fe2aad83923!8m2!3d32.3649867!4d-86.1639519!16s%2Fg%2F1wf22mlg!19sChIJP9UbR20sjIgRIznYquKPVfM?authuser=0&hl=en&rclk=1"
Jeffrey J. Courtney LLC,https://www.google.com/maps/place/Jeffrey+J.+Courtney+LLC/data=!4m7!3m6!1s0x888c2725930c9a37:0x380c1137c958001a!8m2!3d32.5588209!4d-86.2224079!16s%2Fg%2F1q5ccgrkn!19sChIJN5oMkyUnjIgRGgBYyTcRDDg?authuser=0&hl=en&rclk=1
