"Merrell Law Firm, LLC","https://www.google.com/maps/place/Merrell+Law+Firm,+LLC/data=!4m7!3m6!1s0x888923b58aedf6eb:0x421fef70b97ec27f!8m2!3d33.3515202!4d-86.7847253!16s%2Fg%2F11btx07bmh!19sChIJ6_btirUjiYgRf8J-uXDvH0I?authuser=0&hl=en&rclk=1"
Michael Shabani Law & Associates,https://www.google.com/maps/place/Michael+Shabani+Law+%26+Associates/data=!4m7!3m6!1s0x888918d33d166325:0x84d0d0e5ea60d52!8m2!3d33.3598121!4d-86.7689806!16s%2Fg%2F1tgwbp66!19sChIJJWMWPdMYiYgRUg2mXg4NTQg?authuser=0&hl=en&rclk=1
Abogados Centro Legal,https://www.google.com/maps/place/Abogados+Centro+Legal/data=!4m7!3m6!1s0x8889220a9f495887:0x69939147db3a1675!8m2!3d33.3910633!4d-86.7960337!16s%2Fg%2F12638qnz1!19sChIJh1hJnwoiiYgRdRY620eRk2k?authuser=0&hl=en&rclk=1
Bond & Botes Law Offices,https://www.google.com/maps/place/Bond+%26+Botes+Law+Offices/data=!4m7!3m6!1s0x8889191157a06b65:0xa48659bb5eb4fc21!8m2!3d33.3622469!4d-86.7685801!16s%2Fg%2F1264k4mcj!19sChIJZWugVxEZiYgRIfy0XrtZhqQ?authuser=0&hl=en&rclk=1
"The Sears Firm, P.C.","https://www.google.com/maps/place/The+Sears+Firm,+P.C./data=!4m7!3m6!1s0x8889211774472dcb:0x213535630fd4e7e9!8m2!3d33.3342403!4d-86.8511774!16s%2Fg%2F11cmsnmwdh!19sChIJyy1HdBchiYgR6efUD2M1NSE?authuser=0&hl=en&rclk=1"
McLeod & Associates,https://www.google.com/maps/place/McLeod+%26+Associates/data=!4m7!3m6!1s0x888918a6c6831ec7:0x839b91f22c75e89c!8m2!3d33.4029684!4d-86.8071874!16s%2Fg%2F1vl5hk2c!19sChIJxx6DxqYYiYgRnOh1LPKRm4M?authuser=0&hl=en&rclk=1
Gedgoudas & Miller,https://www.google.com/maps/place/Gedgoudas+%26+Miller/data=!4m7!3m6!1s0x88891b946b06ad21:0xafa4f635efa6a2e!8m2!3d33.3526083!4d-86.8435819!16s%2Fg%2F11b7vzm_3_!19sChIJIa0Ga5QbiYgRLmr6XmNP-go?authuser=0&hl=en&rclk=1
Law Office of Lorena Ibarra,https://www.google.com/maps/place/Law+Office+of+Lorena+Ibarra/data=!4m7!3m6!1s0x888919e575379e89:0x6f57e1064effa97a!8m2!3d33.397644!4d-86.8021774!16s%2Fg%2F11fnh2t6p4!19sChIJiZ43deUZiYgReqn_TgbhV28?authuser=0&hl=en&rclk=1
Oros and Associates,https://www.google.com/maps/place/Oros+and+Associates/data=!4m7!3m6!1s0x888922c0889b5405:0x482ef454fc832f6a!8m2!3d33.3632563!4d-86.7939025!16s%2Fg%2F1td2vnv4!19sChIJBVSbiMAiiYgRai-D_FT0Lkg?authuser=0&hl=en&rclk=1
"Neena R. Speer Law Firm, LLC","https://www.google.com/maps/place/Neena+R.+Speer+Law+Firm,+LLC/data=!4m7!3m6!1s0x88891bdda8f71121:0xf68dce0989634880!8m2!3d46.423669!4d-129.9427086!16s%2Fg%2F11jmg2h12l!19sChIJIRH3qN0biYgRgEhjiQnOjfY?authuser=0&hl=en&rclk=1"
"Ingram Law, LLC","https://www.google.com/maps/place/Ingram+Law,+LLC/data=!4m7!3m6!1s0x88891bc8a78c46a9:0x2b491a8f512fb8f!8m2!3d33.4199678!4d-86.7965522!16s%2Fg%2F1hc3km25y!19sChIJqUaMp8gbiYgRj_sS9aiRtAI?authuser=0&hl=en&rclk=1"
Matthew Allen Griffin - Attorney at Law,https://www.google.com/maps/place/Matthew+Allen+Griffin+-+Attorney+at+Law/data=!4m7!3m6!1s0x88892269f3b40303:0xc6369ca31bf1f3ee!8m2!3d33.3759044!4d-86.7964937!16s%2Fg%2F11cs4nrfs5!19sChIJAwO082kiiYgR7vPxG6OcNsY?authuser=0&hl=en&rclk=1
"Gossman Law Firm, LLC","https://www.google.com/maps/place/Gossman+Law+Firm,+LLC/data=!4m7!3m6!1s0x888918a6c6831ec7:0x5209ff26a2a5d29e!8m2!3d33.40306!4d-86.8071071!16s%2Fg%2F1vs5xh7s!19sChIJxx6DxqYYiYgRntKloib_CVI?authuser=0&hl=en&rclk=1"
"The Law Offices Albert J. Osorio, LLC","https://www.google.com/maps/place/The+Law+Offices+Albert+J.+Osorio,+LLC/data=!4m7!3m6!1s0x888918bb2ef21d6d:0x61416a2c3a7a0442!8m2!3d33.3900218!4d-86.8035142!16s%2Fg%2F11bv3y6bxl!19sChIJbR3yLrsYiYgRQgR6OixqQWE?authuser=0&hl=en&rclk=1"
Mezrano Law Firm,https://www.google.com/maps/place/Mezrano+Law+Firm/data=!4m7!3m6!1s0x8889196515c82ccb:0x56bb11aedac0e372!8m2!3d33.4200861!4d-86.7078116!16s%2Fg%2F11bbrn9f55!19sChIJyyzIFWUZiYgRcuPA2q4Ru1Y?authuser=0&hl=en&rclk=1
"Daniel H. Chambers Attorney at Law, P.C.","https://www.google.com/maps/place/Daniel+H.+Chambers+Attorney+at+Law,+P.C./data=!4m7!3m6!1s0x88891be455555555:0xcd52f4525e8ab08a!8m2!3d33.4354669!4d-86.8097478!16s%2Fg%2F1w0j4z3m!19sChIJVVVVVeQbiYgRirCKXlL0Us0?authuser=0&hl=en&rclk=1"
Petro Accident and Injury Attorneys,https://www.google.com/maps/place/Petro+Accident+and+Injury+Attorneys/data=!4m7!3m6!1s0x88891bbd76f58921:0x256dbc053057cc1d!8m2!3d33.4218145!4d-86.808153!16s%2Fg%2F1hc0sm5fh!19sChIJIYn1dr0biYgRHcxXMAW8bSU?authuser=0&hl=en&rclk=1
"The Love Law Firm, LLC","https://www.google.com/maps/place/The+Love+Law+Firm,+LLC/data=!4m7!3m6!1s0x888918a03ed1cd89:0x1025ee874ae9922c!8m2!3d33.3975624!4d-86.800949!16s%2Fg%2F1hf4m5f45!19sChIJic3RPqAYiYgRLJLpSofuJRA?authuser=0&hl=en&rclk=1"
Blalock & Blalock,https://www.google.com/maps/place/Blalock+%26+Blalock/data=!4m7!3m6!1s0x88891f33168ee715:0xdf1dc9d43d481a0c!8m2!3d33.427704!4d-86.8233462!16s%2Fg%2F1tlvq91t!19sChIJFeeOFjMfiYgRDBpIPdTJHd8?authuser=0&hl=en&rclk=1
"Meredith Carpenter Law, LLC","https://www.google.com/maps/place/Meredith+Carpenter+Law,+LLC/data=!4m7!3m6!1s0x888919259adc84df:0x38784acda01d616a!8m2!3d33.3603053!4d-86.7855134!16s%2Fg%2F11gjp76hkj!19sChIJ34TcmiUZiYgRamEdoM1KeDg?authuser=0&hl=en&rclk=1"
"Collins Law, LLC","https://www.google.com/maps/place/Collins+Law,+LLC/data=!4m7!3m6!1s0x8889221440100001:0x7d7da483621e798c!8m2!3d33.3969972!4d-86.8032958!16s%2Fg%2F11b88m6k0w!19sChIJAQAQQBQiiYgRjHkeYoOkfX0?authuser=0&hl=en&rclk=1"
Divorce And Family Law Attorney Michael Capleone,https://www.google.com/maps/place/Divorce+And+Family+Law+Attorney+Michael+Capleone/data=!4m7!3m6!1s0x888923ee57060877:0xfcf0b90862b7b200!8m2!3d33.4963904!4d-86.942288!16s%2Fg%2F11g0l9h2th!19sChIJdwgGV-4jiYgRALK3Ygi58Pw?authuser=0&hl=en&rclk=1
HART LAW LLC,https://www.google.com/maps/place/HART+LAW+LLC/data=!4m7!3m6!1s0x88891894b9de1af7:0xb4ef56d89c55ac8b!8m2!3d33.4187903!4d-86.7978976!16s%2Fg%2F11gcfgz9nl!19sChIJ9xreuZQYiYgRi6xVnNhW77Q?authuser=0&hl=en&rclk=1
"Young Law Firm, LLC","https://www.google.com/maps/place/Young+Law+Firm,+LLC/data=!4m7!3m6!1s0x88892354376da161:0x78b1a6b90e23f622!8m2!3d33.3712681!4d-86.8016782!16s%2Fg%2F11h6y91pm_!19sChIJYaFtN1QjiYgRIvYjDrmmsXg?authuser=0&hl=en&rclk=1"
"Parker Law Firm, LLC","https://www.google.com/maps/place/Parker+Law+Firm,+LLC/data=!4m7!3m6!1s0x888918a49b97c3ad:0x8adf58f537e63275!8m2!3d33.4333183!4d-86.8225823!16s%2Fg%2F1vqthk7_!19sChIJrcOXm6QYiYgRdTLmN_VY34o?authuser=0&hl=en&rclk=1"
C Taylor Crockett PC,https://www.google.com/maps/place/C+Taylor+Crockett+PC/data=!4m7!3m6!1s0x88891b914ecb595d:0xfa9b00d889bc72a4!8m2!3d33.4361624!4d-86.8092579!16s%2Fg%2F1263kr1pp!19sChIJXVnLTpEbiYgRpHK8idgAm_o?authuser=0&hl=en&rclk=1
"Brent W. Davis & Associates, LLC Bankruptcy Attorney serving Birmingham Alabama","https://www.google.com/maps/place/Brent+W.+Davis+%26+Associates,+LLC+Bankruptcy+Attorney+serving+Birmingham+Alabama/data=!4m7!3m6!1s0x888923bae5d2edfb:0x4f7e8f9f817088c2!8m2!3d33.3738704!4d-86.756229!16s%2Fg%2F1tdb0gd1!19sChIJ--3S5bojiYgRwohwgZ-Pfk8?authuser=0&hl=en&rclk=1"
"Gentle Turner & Benson, LLC","https://www.google.com/maps/place/Gentle+Turner+%26+Benson,+LLC/data=!4m7!3m6!1s0x88892245156ea843:0x271aa15917887849!8m2!3d33.3649657!4d-86.7932207!16s%2Fg%2F1hc2v7__n!19sChIJQ6huFUUiiYgRSXiIF1mhGic?authuser=0&hl=en&rclk=1"
Law Office Of Suzanne O. Yayman,https://www.google.com/maps/place/Law+Office+Of+Suzanne+O.+Yayman/data=!4m7!3m6!1s0x888921bc02af460f:0x1e9d0b008a184e1!8m2!3d33.3704085!4d-86.8465747!16s%2Fg%2F1s049zsf1!19sChIJD0avArwhiYgR4YShCLDQ6QE?authuser=0&hl=en&rclk=1
"Law Office of Jim Oros, Jr.","https://www.google.com/maps/place/Law+Office+of+Jim+Oros,+Jr./data=!4m7!3m6!1s0x888922582ae52d55:0xe34451a485bdbf05!8m2!3d33.3632563!4d-86.7939025!16s%2Fg%2F1tg515v9!19sChIJVS3lKlgiiYgRBb-9haRRROM?authuser=0&hl=en&rclk=1"
"Fish Nelson & Holden, LLC","https://www.google.com/maps/place/Fish+Nelson+%26+Holden,+LLC/data=!4m7!3m6!1s0x888918a10aeb693d:0x83447860bd388263!8m2!3d33.4157793!4d-86.81057!16s%2Fg%2F1tffdzcd!19sChIJPWnrCqEYiYgRY4I4vWB4RIM?authuser=0&hl=en&rclk=1"
Chasteen Law,https://www.google.com/maps/place/Chasteen+Law/data=!4m7!3m6!1s0x888919ea98d59315:0x768092681f96f011!8m2!3d33.4002052!4d-86.8072164!16s%2Fg%2F11j5v4v2yl!19sChIJFZPVmOoZiYgREfCWH2iSgHY?authuser=0&hl=en&rclk=1
The Law Office of Brad J. Latta,https://www.google.com/maps/place/The+Law+Office+of+Brad+J.+Latta/data=!4m7!3m6!1s0x889a4d13107d3ed7:0xeacc4d3eb28a5b84!8m2!3d33.3719132!4d-86.8008682!16s%2Fg%2F1pp2t__7j!19sChIJ1z59EBNNmogRhFuKsj5NzOo?authuser=0&hl=en&rclk=1
Preston Law Office,https://www.google.com/maps/place/Preston+Law+Office/data=!4m7!3m6!1s0x888919795b833ae1:0xce1c0adc8108d3b4!8m2!3d33.4014997!4d-86.8046655!16s%2Fg%2F11tmwhwngl!19sChIJ4TqDW3kZiYgRtNMIgdwKHM4?authuser=0&hl=en&rclk=1
Attorney Allen Shabani,https://www.google.com/maps/place/Attorney+Allen+Shabani/data=!4m7!3m6!1s0x888923970acabc29:0x95bdb74bd9f26e4e!8m2!3d33.434077!4d-86.8221321!16s%2Fg%2F11c67tt8m5!19sChIJKbzKCpcjiYgRTm7y2Uu3vZU?authuser=0&hl=en&rclk=1
Bennett Law,https://www.google.com/maps/place/Bennett+Law/data=!4m7!3m6!1s0x88892387439045fb:0xa6034f63058a7c49!8m2!3d33.3919291!4d-86.8083978!16s%2Fg%2F11rr2_w3k1!19sChIJ-0WQQ4cjiYgRSXyKBWNPA6Y?authuser=0&hl=en&rclk=1
The Outlawyer - Abbott Law Firm,https://www.google.com/maps/place/The+Outlawyer+-+Abbott+Law+Firm/data=!4m7!3m6!1s0x88891b95d9cb0fd5:0x7e17cb729f3885b7!8m2!3d33.4218393!4d-86.8081098!16s%2Fg%2F11g6ymm6zp!19sChIJ1Q_L2ZUbiYgRt4U4n3LLF34?authuser=0&hl=en&rclk=1
The Burleson Firm,https://www.google.com/maps/place/The+Burleson+Firm/data=!4m7!3m6!1s0x888918ecaa8f5551:0xe5a2503aece99aa0!8m2!3d33.4198915!4d-86.7967485!16s%2Fg%2F1tggpdf2!19sChIJUVWPquwYiYgRoJrp7DpQouU?authuser=0&hl=en&rclk=1
Rubio Law Firm,https://www.google.com/maps/place/Rubio+Law+Firm/data=!4m7!3m6!1s0x88891935d699ece3:0x11c6eafc8332962c!8m2!3d33.4470167!4d-86.8314162!16s%2Fg%2F1tdwl89m!19sChIJ4-yZ1jUZiYgRLJYyg_zqxhE?authuser=0&hl=en&rclk=1
Kelly Avery Tub Atty At Law,https://www.google.com/maps/place/Kelly+Avery+Tub+Atty+At+Law/data=!4m7!3m6!1s0x8889224f88c6e483:0x7a55ede3e0d0c058!8m2!3d33.3632563!4d-86.7939025!16s%2Fg%2F1260b3b4j!19sChIJg-TGiE8iiYgRWMDQ4OPtVXo?authuser=0&hl=en&rclk=1
Powell & Denny Attorneys PC,https://www.google.com/maps/place/Powell+%26+Denny+Attorneys+PC/data=!4m7!3m6!1s0x88891f2d30eaff03:0xc866e82432c34d49!8m2!3d33.434077!4d-86.8221321!16s%2Fg%2F1tj3lvt_!19sChIJA__qMC0fiYgRSU3DMiToZsg?authuser=0&hl=en&rclk=1
Wainwright Pope & Mc Meekin Pc,https://www.google.com/maps/place/Wainwright+Pope+%26+Mc+Meekin+Pc/data=!4m7!3m6!1s0x888919977b0c7d77:0x75015e51501d32a2!8m2!3d33.3790917!4d-86.8095346!16s%2Fg%2F1tkvbjl7!19sChIJd30Me5cZiYgRojIdUFFeAXU?authuser=0&hl=en&rclk=1
"The KQH Law Firm, LLC","https://www.google.com/maps/place/The+KQH+Law+Firm,+LLC/data=!4m7!3m6!1s0x8889226939d95555:0xb297c04d313d4587!8m2!3d33.3796071!4d-86.7954401!16s%2Fg%2F11sh5x8l8q!19sChIJVVXZOWkiiYgRh0U9MU3Al7I?authuser=0&hl=en&rclk=1"
"Tron Law Firm, LLC.","https://www.google.com/maps/place/Tron+Law+Firm,+LLC./data=!4m7!3m6!1s0x888923f1db44ece1:0x19f8c839258cb7b1!8m2!3d33.3919291!4d-86.8083978!16s%2Fg%2F11g0g_n8n7!19sChIJ4exE2_EjiYgRsbeMJTnI-Bk?authuser=0&hl=en&rclk=1"
"Alabama Criminal Lawyers, LLC","https://www.google.com/maps/place/Alabama+Criminal+Lawyers,+LLC/data=!4m7!3m6!1s0x88891638b849c971:0x9c01f662fa094962!8m2!3d33.4143821!4d-86.687283!16s%2Fg%2F1tknl6c8!19sChIJcclJuDgWiYgRYkkJ-mL2AZw?authuser=0&hl=en&rclk=1"
"SACH LAW, LLC - Mesothelioma & Lung Cancer Attorneys","https://www.google.com/maps/place/SACH+LAW,+LLC+-+Mesothelioma+%26+Lung+Cancer+Attorneys/data=!4m7!3m6!1s0x888918da35b5efef:0x7afbf809285a6b86!8m2!3d33.357097!4d-86.786433!16s%2Fg%2F11bwfk2t83!19sChIJ7--1NdoYiYgRhmtaKAn4-3o?authuser=0&hl=en&rclk=1"
"Solano Law Firm, LLC","https://www.google.com/maps/place/Solano+Law+Firm,+LLC/data=!4m7!3m6!1s0x88891723b812590b:0x13061e7291c1f04f!8m2!3d33.4374957!4d-86.7242213!16s%2Fg%2F11f7t_jt6d!19sChIJC1kSuCMXiYgRT_DBkXIeBhM?authuser=0&hl=en&rclk=1"
"D. Mark Price, Attorney at Law","https://www.google.com/maps/place/D.+Mark+Price,+Attorney+at+Law/data=!4m7!3m6!1s0x88891f2d49df1979:0x82467d7231e11023!8m2!3d33.3869214!4d-86.7965319!16s%2Fg%2F1vwlpx3c!19sChIJeRnfSS0fiYgRIxDhMXJ9RoI?authuser=0&hl=en&rclk=1"
"Burns, Brashier & Johnson, LLC","https://www.google.com/maps/place/Burns,+Brashier+%26+Johnson,+LLC/data=!4m7!3m6!1s0x8889179edb18c3d9:0xc0767c5b8ef54e92!8m2!3d33.435403!4d-86.724577!16s%2Fg%2F11f06mzst0!19sChIJ2cMY254XiYgRkk71jlt8dsA?authuser=0&hl=en&rclk=1"
"Morris, Cary, Andrews, Talmadge & Driggers, LLC","https://www.google.com/maps/place/Morris,+Cary,+Andrews,+Talmadge+%26+Driggers,+LLC/data=!4m7!3m6!1s0x888e81739a5a1b29:0xba3aec1030e8ad06!8m2!3d33.3716445!4d-86.8017119!16s%2Fg%2F12hsg8c0w!19sChIJKRtamnOBjogRBq3oMBDsOro?authuser=0&hl=en&rclk=1"
Lucas and Associates: David Lucas,https://www.google.com/maps/place/Lucas+and+Associates:+David+Lucas/data=!4m7!3m6!1s0x888922451ca57f7f:0x95efe3a9f2d961c5!8m2!3d33.365956!4d-86.7937448!16s%2Fg%2F11bwkdxhws!19sChIJf3-lHEUiiYgRxWHZ8qnj75U?authuser=0&hl=en&rclk=1
The Oncale Firm,https://www.google.com/maps/place/The+Oncale+Firm/data=!4m7!3m6!1s0x888922409bee898d:0x8bb0db366cdc2378!8m2!3d33.3715092!4d-86.8015888!16s%2Fg%2F1w347cn7!19sChIJjYnum0AiiYgReCPcbDbbsIs?authuser=0&hl=en&rclk=1
Haynes & Haynes PC,https://www.google.com/maps/place/Haynes+%26+Haynes+PC/data=!4m7!3m6!1s0x888918d00c24627b:0xa8df40fb4749a6e9!8m2!3d33.4323546!4d-86.8123374!16s%2Fg%2F1tlc8v75!19sChIJe2IkDNAYiYgR6aZJR_tA36g?authuser=0&hl=en&rclk=1
"Jim Pino & Associates, P.C","https://www.google.com/maps/place/Jim+Pino+%26+Associates,+P.C/data=!4m7!3m6!1s0x8889240e870bbfd3:0x33a0f0bb4f4f12fa!8m2!3d33.29947!4d-86.8074016!16s%2Fg%2F1tfvzxqz!19sChIJ078Lhw4kiYgR-hJPT7vwoDM?authuser=0&hl=en&rclk=1"
Mazer Law Firm PC,https://www.google.com/maps/place/Mazer+Law+Firm+PC/data=!4m7!3m6!1s0x88893da47029e6c7:0xfc921783f58e81ca!8m2!3d33.378457!4d-86.751032!16s%2Fg%2F11fr37nxyv!19sChIJx-YpcKQ9iYgRyoGO9YMXkvw?authuser=0&hl=en&rclk=1
"Simpson, McMahan, Glick & Burford","https://www.google.com/maps/place/Simpson,+McMahan,+Glick+%26+Burford/data=!4m7!3m6!1s0x8889198424cf85d3:0x1b24945fa0188828!8m2!3d33.3519873!4d-86.7866747!16s%2Fg%2F1td3gsx9!19sChIJ04XPJIQZiYgRKIgYoF-UJBs?authuser=0&hl=en&rclk=1"
"The Doss Firm, LLC.","https://www.google.com/maps/place/The+Doss+Firm,+LLC./data=!4m7!3m6!1s0x8889191edaf6f2ed:0xec1cd937f716dac0!8m2!3d33.4306545!4d-86.7919009!16s%2Fg%2F11lfcwyk9q!19sChIJ7fL22h4ZiYgRwNoW9zfZHOw?authuser=0&hl=en&rclk=1"
"Couch & Firth, LLC","https://www.google.com/maps/place/Couch+%26+Firth,+LLC/data=!4m7!3m6!1s0x88892216f5aafdd7:0x9f9ad900b35afc6f!8m2!3d33.3780231!4d-86.8083916!16s%2Fg%2F11b7lbys6c!19sChIJ1_2q9RYiiYgRb_xaswDZmp8?authuser=0&hl=en&rclk=1"
Smith J Timothy,https://www.google.com/maps/place/Smith+J+Timothy/data=!4m7!3m6!1s0x8889227564f164c7:0x27248d728f74b2d4!8m2!3d33.3967329!4d-86.800288!16s%2Fg%2F1tr7dkjv!19sChIJx2TxZHUiiYgR1LJ0j3KNJCc?authuser=0&hl=en&rclk=1
Heather Leonard PC,https://www.google.com/maps/place/Heather+Leonard+PC/data=!4m7!3m6!1s0x88892275ceaf6fb3:0x7b1df3061b14954f!8m2!3d33.4277651!4d-86.7403626!16s%2Fg%2F1hc0z84cj!19sChIJs2-vznUiiYgRT5UUGwbzHXs?authuser=0&hl=en&rclk=1
Frederick Firm,https://www.google.com/maps/place/Frederick+Firm/data=!4m7!3m6!1s0x8889219cd38f4e05:0x3c0eb9a1c9ca62f6!8m2!3d33.3563438!4d-86.832099!16s%2Fg%2F1tgxjt_8!19sChIJBU6P05whiYgR9mLKyaG5Djw?authuser=0&hl=en&rclk=1
Battle Law Firm,https://www.google.com/maps/place/Battle+Law+Firm/data=!4m7!3m6!1s0x88892245156ea843:0xe04ccbd18d2327c!8m2!3d33.3649657!4d-86.7932208!16s%2Fg%2F1260xrn3r!19sChIJQ6huFUUiiYgRfDLSGL3MBA4?authuser=0&hl=en&rclk=1
Norris Injury Lawyers,https://www.google.com/maps/place/Norris+Injury+Lawyers/data=!4m7!3m6!1s0x8889199feebd92b1:0x67f1e5aff7c005d4!8m2!3d33.4644083!4d-86.825875!16s%2Fg%2F1v_z9p2c!19sChIJsZK97p8ZiYgR1AXA96_l8Wc?authuser=0&hl=en&rclk=1
"The Mitchell Law Firm, LLC","https://www.google.com/maps/place/The+Mitchell+Law+Firm,+LLC/data=!4m7!3m6!1s0x88891606b1c6055d:0x6158844e694daae2!8m2!3d33.4504763!4d-86.7892967!16s%2Fg%2F1tf2s_8z!19sChIJXQXGsQYWiYgR4qpNaU6EWGE?authuser=0&hl=en&rclk=1"
"Klasing, Williamson & Burke, P.C.","https://www.google.com/maps/place/Klasing,+Williamson+%26+Burke,+P.C./data=!4m7!3m6!1s0x888917e64c8d3ea7:0xb6290958ed93caeb!8m2!3d33.3519873!4d-86.7866747!16s%2Fg%2F1tgpns_8!19sChIJpz6NTOYXiYgR68qT7VgJKbY?authuser=0&hl=en&rclk=1"
Carmen MacKay Law,https://www.google.com/maps/place/Carmen+MacKay+Law/data=!4m7!3m6!1s0x8889198383897941:0xab6940cd711f263b!8m2!3d33.4309505!4d-86.8413174!16s%2Fg%2F11qy_vb6r5!19sChIJQXmJg4MZiYgROyYfcc1Aaas?authuser=0&hl=en&rclk=1
Kim Davidson Law Offices,https://www.google.com/maps/place/Kim+Davidson+Law+Offices/data=!4m7!3m6!1s0x88891894b9b150e1:0x2c3702a022c0631b!8m2!3d33.4188896!4d-86.7979467!16s%2Fg%2F1vpq7nl6!19sChIJ4VCxuZQYiYgRG2PAIqACNyw?authuser=0&hl=en&rclk=1
Cartee & Morris,https://www.google.com/maps/place/Cartee+%26+Morris/data=!4m7!3m6!1s0x88891f33168ee715:0xb6f58c5b2a6995d3!8m2!3d33.4276631!4d-86.8234601!16s%2Fg%2F1th7z37c!19sChIJFeeOFjMfiYgR05VpKluM9bY?authuser=0&hl=en&rclk=1
Steve Martin Attorney,https://www.google.com/maps/place/Steve+Martin+Attorney/data=!4m7!3m6!1s0x8889224f88c6e483:0x8c59f467f7c125ca!8m2!3d33.3632563!4d-86.7939025!16s%2Fg%2F1261934c9!19sChIJg-TGiE8iiYgRyiXB92f0WYw?authuser=0&hl=en&rclk=1
Harrison MacKay Law LLC,https://www.google.com/maps/place/Harrison+MacKay+Law+LLC/data=!4m7!3m6!1s0x88891937a6522483:0xb15f9593ed4d6561!8m2!3d33.4242923!4d-86.7735412!16s%2Fg%2F11rb5nx8bl!19sChIJgyRSpjcZiYgRYWVN7ZOVX7E?authuser=0&hl=en&rclk=1
Derzis Ann S,https://www.google.com/maps/place/Derzis+Ann+S/data=!4m7!3m6!1s0x88893d4d00000001:0x9b31bd5cb6d9a406!8m2!3d33.3743253!4d-86.7571575!16s%2Fg%2F11f7l7v9c9!19sChIJAQAAAE09iYgRBqTZtly9MZs?authuser=0&hl=en&rclk=1
Carr Allison,https://www.google.com/maps/place/Carr+Allison/data=!4m7!3m6!1s0x88891894b9b150e1:0xf21328b97ef8fea4!8m2!3d33.4194093!4d-86.7953153!16s%2Fg%2F1tf6skl8!19sChIJ4VCxuZQYiYgRpP74frkoE_I?authuser=0&hl=en&rclk=1
Austin Robert L MD,https://www.google.com/maps/place/Austin+Robert+L+MD/data=!4m7!3m6!1s0x888921bf52fcb543:0x24e0cca42417c1d!8m2!3d33.3755063!4d-86.8470185!16s%2Fg%2F1tdqcbgn!19sChIJQ7X8Ur8hiYgRHXxBQsoMTgI?authuser=0&hl=en&rclk=1
Rogers Maurice,https://www.google.com/maps/place/Rogers+Maurice/data=!4m7!3m6!1s0x888918ac67fa0549:0x2d73bb1be5aee181!8m2!3d33.4047172!4d-86.8189277!16s%2Fg%2F1262gmqb6!19sChIJSQX6Z6wYiYgRgeGu5Ru7cy0?authuser=0&hl=en&rclk=1
"The Stringer Law Firm, LLC","https://www.google.com/maps/place/The+Stringer+Law+Firm,+LLC/data=!4m7!3m6!1s0x88892240849021af:0xd8ce3488fc7e454e!8m2!3d33.4410854!4d-86.8322294!16s%2Fg%2F11bych5h7k!19sChIJryGQhEAiiYgRTkV-_Ig0ztg?authuser=0&hl=en&rclk=1"
Sterling L. DeRamus Attorney Law,https://www.google.com/maps/place/Sterling+L.+DeRamus+Attorney+Law/data=!4m7!3m6!1s0x888910b3300ead43:0x672cba2b468b0587!8m2!3d33.4309505!4d-86.8413174!16s%2Fg%2F11b6p0w_qk!19sChIJQ60OMLMQiYgRhwWLRiu6LGc?authuser=0&hl=en&rclk=1
Cameron James W,https://www.google.com/maps/place/Cameron+James+W/data=!4m7!3m6!1s0x888921bd1ae11c31:0x45a5a9c62232df6e!8m2!3d33.3667683!4d-86.8441469!16s%2Fg%2F1hc37c06h!19sChIJMRzhGr0hiYgRbt8yIsappUU?authuser=0&hl=en&rclk=1
Chriss H Doss & Associates PC,https://www.google.com/maps/place/Chriss+H+Doss+%26+Associates+PC/data=!4m7!3m6!1s0x888918a6c6831ec7:0xfca969725c13df7d!8m2!3d33.4001786!4d-86.807211!16s%2Fg%2F1v9t_p4p!19sChIJxx6DxqYYiYgRfd8TXHJpqfw?authuser=0&hl=en&rclk=1
"Chen Law, LLC","https://www.google.com/maps/place/Chen+Law,+LLC/data=!4m7!3m6!1s0x8889190a55e26dc1:0xae9a427adcaed2f9!8m2!3d33.4001886!4d-86.8071924!16s%2Fg%2F11rhy1326_!19sChIJwW3iVQoZiYgR-dKu3HpCmq4?authuser=0&hl=en&rclk=1"
The Tyndall Firm LLC,https://www.google.com/maps/place/The+Tyndall+Firm+LLC/data=!4m7!3m6!1s0x8889224084c7a5f7:0x17ea3f801ce55654!8m2!3d33.371431!4d-86.801548!16s%2Fg%2F11b5pjcdn2!19sChIJ96XHhEAiiYgRVFblHIA_6hc?authuser=0&hl=en&rclk=1
"Law Office of Rodney Davis, PLLC","https://www.google.com/maps/place/Law+Office+of+Rodney+Davis,+PLLC/data=!4m7!3m6!1s0x88891b9b7679fc4d:0x384e9f1ba56efa82!8m2!3d33.3844385!4d-86.7291847!16s%2Fg%2F11cs1vsnnw!19sChIJTfx5dpsbiYgRgvpupRufTjg?authuser=0&hl=en&rclk=1"
The Zwiebel Law Firm,https://www.google.com/maps/place/The+Zwiebel+Law+Firm/data=!4m7!3m6!1s0x88891b946a05e5dd:0xe875e887f6e5f4be!8m2!3d33.4592919!4d-86.816099!16s%2Fg%2F1tvw5ptr!19sChIJ3eUFapQbiYgRvvTl9ofodeg?authuser=0&hl=en&rclk=1
"Parsons, Lee & Juliano, P.C.","https://www.google.com/maps/place/Parsons,+Lee+%26+Juliano,+P.C./data=!4m7!3m6!1s0x8889198e5c33b7eb:0x75053f05053664e3!8m2!3d33.417545!4d-86.797634!16s%2Fg%2F1tnpls6w!19sChIJ67czXI4ZiYgR42Q2BQU_BXU?authuser=0&hl=en&rclk=1"
"Mark W. Macoy, LLC","https://www.google.com/maps/place/Mark+W.+Macoy,+LLC/data=!4m7!3m6!1s0x888918ecaa8f5551:0x5b737d9086d76087!8m2!3d33.419806!4d-86.7967031!16s%2Fg%2F1th5k6wv!19sChIJUVWPquwYiYgRh2DXhpB9c1s?authuser=0&hl=en&rclk=1"
Bailey & Glasser LLP,https://www.google.com/maps/place/Bailey+%26+Glasser+LLP/data=!4m7!3m6!1s0x888922409bee898d:0xf7ff4f31fad83e5a!8m2!3d33.3715618!4d-86.801766!16s%2Fg%2F12620mdn5!19sChIJjYnum0AiiYgRWj7Y-jFP__c?authuser=0&hl=en&rclk=1
"Cartwright Law Center, LLC","https://www.google.com/maps/place/Cartwright+Law+Center,+LLC/data=!4m7!3m6!1s0x888918c73d07d109:0x7ad8cbba97532fdd!8m2!3d33.4218049!4d-86.8081076!16s%2Fg%2F11c5294r2m!19sChIJCdEHPccYiYgR3S9Tl7rL2Ho?authuser=0&hl=en&rclk=1"
Phillips Paul A,https://www.google.com/maps/place/Phillips+Paul+A/data=!4m7!3m6!1s0x888918ecaa8f5551:0x9de2bf0d72ffd081!8m2!3d33.4187706!4d-86.7978863!16s%2Fg%2F1tj8b5p8!19sChIJUVWPquwYiYgRgdD_cg2_4p0?authuser=0&hl=en&rclk=1
CR Legal Team,https://www.google.com/maps/place/CR+Legal+Team/data=!4m7!3m6!1s0x88891bcf89bfb191:0xd4951183e5dc5d39!8m2!3d33.4391281!4d-86.7225001!16s%2Fg%2F1th24kyz!19sChIJkbG_ic8biYgROV3c5YMRldQ?authuser=0&hl=en&rclk=1
Elder Legal,https://www.google.com/maps/place/Elder+Legal/data=!4m7!3m6!1s0x88891f33168ee715:0x9535771daee80aed!8m2!3d33.4276631!4d-86.8234601!16s%2Fg%2F1t_wq3g2!19sChIJFeeOFjMfiYgR7Qrorh13NZU?authuser=0&hl=en&rclk=1
Bill Hasty Law,https://www.google.com/maps/place/Bill+Hasty+Law/data=!4m7!3m6!1s0x888918da0ecdb437:0xeafa026f96760a3a!8m2!3d33.435803!4d-86.8114336!16s%2Fg%2F1th0nnxx!19sChIJN7TNDtoYiYgROgp2lm8C-uo?authuser=0&hl=en&rclk=1
"Shuttlesworth Law Firm, LLC","https://www.google.com/maps/place/Shuttlesworth+Law+Firm,+LLC/data=!4m7!3m6!1s0x88891b967ee28c0f:0x4f4c05b4e6a7f56f!8m2!3d33.4644083!4d-86.825875!16s%2Fg%2F1pp2tzwz_!19sChIJD4zifpYbiYgRb_Wn5rQFTE8?authuser=0&hl=en&rclk=1"
Shabani Law Office,https://www.google.com/maps/place/Shabani+Law+Office/data=!4m7!3m6!1s0x88892505312d999f:0x4c6f7cf5e2317fb8!8m2!3d33.434077!4d-86.8221321!16s%2Fg%2F11ghnd27wx!19sChIJn5ktMQUliYgRuH8x4vV8b0w?authuser=0&hl=en&rclk=1
Burford III James F,https://www.google.com/maps/place/Burford+III+James+F/data=!4m7!3m6!1s0x88891f2d361f09af:0x245dd2c2f6faaa24!8m2!3d33.4339725!4d-86.8220836!16s%2Fg%2F1ts300wt!19sChIJrwkfNi0fiYgRJKr69sLSXSQ?authuser=0&hl=en&rclk=1
Attorney Perry G. Shuttlesworth,https://www.google.com/maps/place/Attorney+Perry+G.+Shuttlesworth/data=!4m7!3m6!1s0x88891b95d748b145:0xb6ac203c8069744b!8m2!3d33.4644083!4d-86.825875!16s%2Fg%2F1v16r1w1!19sChIJRbFI15UbiYgRS3RpgDwgrLY?authuser=0&hl=en&rclk=1
"Cason Law, LLC","https://www.google.com/maps/place/Cason+Law,+LLC/data=!4m7!3m6!1s0x888918ecaec3f4e5:0xaaa56cc95006ed88!8m2!3d33.4200143!4d-86.7965303!16s%2Fg%2F11clv_5bx_!19sChIJ5fTDruwYiYgRiO0GUMlspao?authuser=0&hl=en&rclk=1"
Beckum Law LLC,https://www.google.com/maps/place/Beckum+Law+LLC/data=!4m7!3m6!1s0x888922e5aae93a51:0xdc78fd601e90099!8m2!3d33.4544203!4d-86.7316874!16s%2Fg%2F11g8v2j9cz!19sChIJUTrpquUiiYgRmQDpAdaPxw0?authuser=0&hl=en&rclk=1
"Remington Family Law, LLC","https://www.google.com/maps/place/Remington+Family+Law,+LLC/data=!4m7!3m6!1s0x88891b166580eadf:0xcde989dc4663af27!8m2!3d33.4201653!4d-86.7970637!16s%2Fg%2F11qmx9kw54!19sChIJ3-qAZRYbiYgRJ69jRtyJ6c0?authuser=0&hl=en&rclk=1"
Law Office of Matthew T. Jackson,https://www.google.com/maps/place/Law+Office+of+Matthew+T.+Jackson/data=!4m7!3m6!1s0x88891bc2e573b881:0xc11777710d377388!8m2!3d33.3404731!4d-86.7933122!16s%2Fg%2F1tdgl0g2!19sChIJgbhz5cIbiYgRiHM3DXF3F8E?authuser=0&hl=en&rclk=1
"Law Office of Charles D. Stewart, Jr.","https://www.google.com/maps/place/Law+Office+of+Charles+D.+Stewart,+Jr./data=!4m7!3m6!1s0x8889175b3a243fc9:0x81e495963eb3f31c!8m2!3d33.398356!4d-86.7169013!16s%2Fg%2F11hdmvzgdj!19sChIJyT8kOlsXiYgRHPOzPpaV5IE?authuser=0&hl=en&rclk=1"
Hero Title Company,https://www.google.com/maps/place/Hero+Title+Company/data=!4m7!3m6!1s0x888921f026cb70e3:0xa4fb62c902cf0a1!8m2!3d33.3813008!4d-86.8387013!16s%2Fg%2F11sbp2_zd6!19sChIJ43DLJvAhiYgRofAskCy2Two?authuser=0&hl=en&rclk=1
Leo & O'Neal,https://www.google.com/maps/place/Leo+%26+O%27Neal/data=!4m7!3m6!1s0x88891970c8151109:0x15cdc8b95f05a0c6!8m2!3d33.4173242!4d-86.8108458!16s%2Fg%2F1thq1gst!19sChIJCREVyHAZiYgRxqAFX7nIzRU?authuser=0&hl=en&rclk=1
"Friedman Law Firm, P.C.","https://www.google.com/maps/place/Friedman+Law+Firm,+P.C./data=!4m7!3m6!1s0x88891bd7c792c6d1:0xb92a8b8573c1aee!8m2!3d33.4803465!4d-86.7762245!16s%2Fg%2F1tdskk4p!19sChIJ0caSx9cbiYgR7ho8V7iokgs?authuser=0&hl=en&rclk=1"
Chuck Davis Law,https://www.google.com/maps/place/Chuck+Davis+Law/data=!4m7!3m6!1s0x88891932684a6e63:0x72cbb38c0e43fe27!8m2!3d33.4218396!4d-86.8081094!16s%2Fg%2F11glyc8z5n!19sChIJY25KaDIZiYgRJ_5DDoyzy3I?authuser=0&hl=en&rclk=1
Strong Law Firm PC,https://www.google.com/maps/place/Strong+Law+Firm+PC/data=!4m7!3m6!1s0x888918ecaa8f5551:0x90d30d3f795b6c7c!8m2!3d33.419806!4d-86.7967031!16s%2Fg%2F1thl1mp8!19sChIJUVWPquwYiYgRfGxbeT8N05A?authuser=0&hl=en&rclk=1
The Law Office Of Adam W Evans LLC,https://www.google.com/maps/place/The+Law+Office+Of+Adam+W+Evans+LLC/data=!4m7!3m6!1s0x88891905ecb95f23:0x79c2ad836c3e2da3!8m2!3d33.4211016!4d-86.796938!16s%2Fg%2F11c3sq7msk!19sChIJI1-57AUZiYgRoy0-bIOtwnk?authuser=0&hl=en&rclk=1
"Constangy, Brooks, Smith & Prophete, LLP","https://www.google.com/maps/place/Constangy,+Brooks,+Smith+%26+Prophete,+LLP/data=!4m7!3m6!1s0x88891b91bf4d5f1f:0x74f29d5ed08843dc!8m2!3d33.3719132!4d-86.8008682!16s%2Fg%2F1v7pz7gm!19sChIJH19Nv5EbiYgR3EOI0F6d8nQ?authuser=0&hl=en&rclk=1"
Gloor Strickland & Haggerty,https://www.google.com/maps/place/Gloor+Strickland+%26+Haggerty/data=!4m7!3m6!1s0x888918eb0853fed5:0xec646c9f32376bd!8m2!3d33.4222666!4d-86.7986707!16s%2Fg%2F1tp0ffhk!19sChIJ1f5TCOsYiYgRvXYj88lGxg4?authuser=0&hl=en&rclk=1
Austill Lewis & Pipkin PC: Lewis Richard W,https://www.google.com/maps/place/Austill+Lewis+%26+Pipkin+PC:+Lewis+Richard+W/data=!4m7!3m6!1s0x888918b9afcdde9f:0x88e60f8769943327!8m2!3d33.4168029!4d-86.8105837!16s%2Fg%2F1thp8rn4!19sChIJn97Nr7kYiYgRJzOUaYcP5og?authuser=0&hl=en&rclk=1
"Law Offices of Adam Morel, P.C.","https://www.google.com/maps/place/Law+Offices+of+Adam+Morel,+P.C./data=!4m7!3m6!1s0x88891eb2c6e742f9:0xae2e333c964556c8!8m2!3d33.450629!4d-86.7890429!16s%2Fg%2F1tkvbjm5!19sChIJ-ULnxrIeiYgRyFZFljwzLq4?authuser=0&hl=en&rclk=1"
Schilleci & Tortorici â€“ The Millennial Lawyer,https://www.google.com/maps/place/Schilleci+%26+Tortorici+%E2%80%93+The+Millennial+Lawyer/data=!4m7!3m6!1s0x88891bba7521374d:0x27ca435c740a64e1!8m2!3d33.4154028!4d-86.7961321!16s%2Fg%2F11c1n9bgjl!19sChIJTTchdbobiYgR4WQKdFxDyic?authuser=0&hl=en&rclk=1
"William ""Bill"" F. Prosch",https://www.google.com/maps/place/William+%22Bill%22+F.+Prosch/data=!4m7!3m6!1s0x888918ecafb899e9:0x89b47dec83281304!8m2!3d33.4201296!4d-86.7963567!16s%2Fg%2F11cs1ksvrh!19sChIJ6Zm4r-wYiYgRBBMog-x9tIk?authuser=0&hl=en&rclk=1
"Dagmar W. Rick, Immigration Law","https://www.google.com/maps/place/Dagmar+W.+Rick,+Immigration+Law/data=!4m7!3m6!1s0x888918bb291e5c9d:0x2b540aa925fe580b!8m2!3d33.4091187!4d-86.8090649!16s%2Fg%2F1tz76rfq!19sChIJnVweKbsYiYgRC1j-JakKVCs?authuser=0&hl=en&rclk=1"
Andrew J Coleman Attorney at Law,https://www.google.com/maps/place/Andrew+J+Coleman+Attorney+at+Law/data=!4m7!3m6!1s0x88891f2d361f09af:0x1ed771919ccd5e59!8m2!3d33.4338693!4d-86.8220774!16s%2Fg%2F1tfp36nr!19sChIJrwkfNi0fiYgRWV7NnJFx1x4?authuser=0&hl=en&rclk=1
Harrelson Gregory D,https://www.google.com/maps/place/Harrelson+Gregory+D/data=!4m7!3m6!1s0x8889220ae789cd01:0xce5ace082601dacc!8m2!3d33.3951125!4d-86.8032117!16s%2Fg%2F1t_wq3g5!19sChIJAc2J5woiiYgRzNoBJgjOWs4?authuser=0&hl=en&rclk=1
Mann & Potter PC,https://www.google.com/maps/place/Mann+%26+Potter+PC/data=!4m7!3m6!1s0x8889191157a097b7:0x4f17b91924377a6b!8m2!3d33.4586535!4d-86.7964291!16s%2Fg%2F1261tlhbx!19sChIJt5egVxEZiYgRa3o3JBm5F08?authuser=0&hl=en&rclk=1
"The Law Office of John Charles Bell, LLC","https://www.google.com/maps/place/The+Law+Office+of+John+Charles+Bell,+LLC/data=!4m7!3m6!1s0x888919765392d30f:0xcd5a55cbc75c43b0!8m2!3d33.4728111!4d-86.7862881!16s%2Fg%2F11b7g0rx0p!19sChIJD9OSU3YZiYgRsENcx8tVWs0?authuser=0&hl=en&rclk=1"
Princiotta Jr Morris J,https://www.google.com/maps/place/Princiotta+Jr+Morris+J/data=!4m7!3m6!1s0x88892275b4571bed:0x145e5bcd82aee299!8m2!3d33.3945246!4d-86.7984146!16s%2Fg%2F1tph2hk8!19sChIJ7RtXtHUiiYgRmeKugs1bXhQ?authuser=0&hl=en&rclk=1
Campbell & Rowell,https://www.google.com/maps/place/Campbell+%26+Rowell/data=!4m7!3m6!1s0x8889194c355d1a57:0x24b16235a4ea2e5c!8m2!3d33.4055022!4d-86.8076311!16s%2Fg%2F11frqqstzv!19sChIJVxpdNUwZiYgRXC7qpDVisSQ?authuser=0&hl=en&rclk=1
Duke Law Firm PC,https://www.google.com/maps/place/Duke+Law+Firm+PC/data=!4m7!3m6!1s0x88891908b6a690ff:0x679f53c06dbfed32!8m2!3d33.4055021!4d-86.8076311!16s%2Fg%2F1th6flzn!19sChIJ_5CmtggZiYgRMu2_bcBTn2c?authuser=0&hl=en&rclk=1
Chavez Law Firm,https://www.google.com/maps/place/Chavez+Law+Firm/data=!4m7!3m6!1s0x88891b911f0a62d5:0x9a9dc54fc48bb3f0!8m2!3d33.4738676!4d-86.8224319!16s%2Fg%2F11bw2_8v8y!19sChIJ1WIKH5EbiYgR8LOLxE_FnZo?authuser=0&hl=en&rclk=1
