Gilman Law LLC,https://www.google.com/maps/place/Gilman+Law+LLC/data=!4m7!3m6!1s0x56c67c9df522e4a7:0xd9abafd3181b1e30!8m2!3d60.5588563!4d-151.2410055!16s%2Fg%2F1tfny9vs!19sChIJp-Qi9Z18xlYRMB4bGNOvq9k?authuser=0&hl=en&rclk=1
"Kara A. Nyquist, Nyquist Law Group LLC","https://www.google.com/maps/place/Kara+A.+Nyquist,+Nyquist+Law+Group+LLC/data=!4m7!3m6!1s0x56c89629e678e36f:0xda960d845430abc4!8m2!3d61.2148389!4d-149.8985682!16s%2Fg%2F1z449x6s_!19sChIJb-N45imWyFYRxKswVIQNlto?authuser=0&hl=en&rclk=1"
Alaska Immigration Law Center,https://www.google.com/maps/place/Alaska+Immigration+Law+Center/data=!4m7!3m6!1s0x56c897c946788fbb:0x93af21f5a4a3ae14!8m2!3d61.2142594!4d-149.9072352!16s%2Fg%2F1tmg68xm!19sChIJu494RsmXyFYRFK6jpPUhr5M?authuser=0&hl=en&rclk=1
"CSG, Inc.","https://www.google.com/maps/place/CSG,+Inc./data=!4m7!3m6!1s0x51324549c637ca59:0x858255aec247471a!8m2!3d64.8426456!4d-147.7265926!16s%2Fg%2F1tm8k6qc!19sChIJWco3xklFMlERGkdHwq5VgoU?authuser=0&hl=en&rclk=1"
Vellum LLC,https://www.google.com/maps/place/Vellum+LLC/data=!4m7!3m6!1s0x56c8bd86d8b9172f:0xe04a7fdcc3ff15eb!8m2!3d61.188527!4d-149.8910498!16s%2Fg%2F1thk8gxt!19sChIJLxe52Ia9yFYR6xX_w9x_SuA?authuser=0&hl=en&rclk=1
The Law Offices of Herbert M. Pearce,https://www.google.com/maps/place/The+Law+Offices+of+Herbert+M.+Pearce/data=!4m7!3m6!1s0x56c8bd80f53a8713:0x32b20d6f7eb228b3!8m2!3d61.2148901!4d-149.899248!16s%2Fg%2F1tgh2qfc!19sChIJE4c69YC9yFYRsyiyfm8NsjI?authuser=0&hl=en&rclk=1
Brita L Speck Law Office,https://www.google.com/maps/place/Brita+L+Speck+Law+Office/data=!4m7!3m6!1s0x540467a4da2e9c73:0x525330f6257f2a49!8m2!3d57.0513026!4d-135.3414349!16s%2Fg%2F1tg8jdz6!19sChIJc5wu2qRnBFQRSSp_JfYwU1I?authuser=0&hl=en&rclk=1
Gorton & Logue,https://www.google.com/maps/place/Gorton+%26+Logue/data=!4m7!3m6!1s0x56c8bd8195a42163:0x784dbb564f199f67!8m2!3d61.2149346!4d-149.9055139!16s%2Fg%2F1v1vcy17!19sChIJYyGklYG9yFYRZ58ZT1a7TXg?authuser=0&hl=en&rclk=1
"Kenai Law Group, LLC","https://www.google.com/maps/place/Kenai+Law+Group,+LLC/data=!4m7!3m6!1s0x56c67d03c5f3d571:0x337e0945d1378f2a!8m2!3d60.5588563!4d-151.2410055!16s%2Fg%2F11tg5br3gv!19sChIJcdXzxQN9xlYRKo830UUJfjM?authuser=0&hl=en&rclk=1"
Holland & Hart LLP - Anchorage,https://www.google.com/maps/place/Holland+%26+Hart+LLP+-+Anchorage/data=!4m7!3m6!1s0x56c8bd4b4ab1a417:0x9c1fcd989244cca5!8m2!3d61.2179832!4d-149.9043855!16s%2Fg%2F11fslqykys!19sChIJF6SxSku9yFYRpcxEkpjNH5w?authuser=0&hl=en&rclk=1
Groseclose Robert B,https://www.google.com/maps/place/Groseclose+Robert+B/data=!4m7!3m6!1s0x51324549c637ca59:0x32f26a57f5b0fbcc!8m2!3d64.8427428!4d-147.7262809!16s%2Fg%2F1wn_5rhn!19sChIJWco3xklFMlERzPuw9Vdq8jI?authuser=0&hl=en&rclk=1
