"The Owens Law Firm, PLC","https://www.google.com/maps/place/The+Owens+Law+Firm,+PLC/data=!4m7!3m6!1s0x872c10e49cca4055:0x880c8b1d7c4c5db8!8m2!3d34.2325108!4d-111.3263983!16s%2Fg%2F11ckvksbz5!19sChIJVUDKnOQQLIcRuF1MfB2LDIg?authuser=0&hl=en&rclk=1"
"Law Office of Phil Hineman, P.C.","https://www.google.com/maps/place/Law+Office+of+Phil+Hineman,+P.C./data=!4m7!3m6!1s0x872c10fda41fc081:0xbf5a4a854cd65032!8m2!3d34.2422139!4d-111.3117809!16s%2Fg%2F1wyc4t8n!19sChIJgcAfpP0QLIcRMlDWTIVKWr8?authuser=0&hl=en&rclk=1"
Collins and Collins LLP - Attorneys at Law,https://www.google.com/maps/place/Collins+and+Collins+LLP+-+Attorneys+at+Law/data=!4m7!3m6!1s0x872c10e4f11fd169:0x856e828c8a76db15!8m2!3d34.232714!4d-111.324188!16s%2Fg%2F11c5302yqd!19sChIJadEf8eQQLIcRFdt2ioyCboU?authuser=0&hl=en&rclk=1
Lloyd Law Group PLLC,https://www.google.com/maps/place/Lloyd+Law+Group+PLLC/data=!4m7!3m6!1s0x872c10e540c87e75:0x6f31d3b40b351b3c!8m2!3d34.2317511!4d-111.3225792!16s%2Fg%2F1tjyp5kx!19sChIJdX7IQOUQLIcRPBs1C7TTMW8?authuser=0&hl=en&rclk=1
"Dana Law Group, LLC","https://www.google.com/maps/place/Dana+Law+Group,+LLC/data=!4m7!3m6!1s0x872c10e4e854d9bb:0x8346809d89f89696!8m2!3d34.235005!4d-111.3228047!16s%2Fg%2F1tdwqkry!19sChIJu9lU6OQQLIcRlpb4iZ2ARoM?authuser=0&hl=en&rclk=1"
Barry A Standifird PC,https://www.google.com/maps/place/Barry+A+Standifird+PC/data=!4m7!3m6!1s0x872c10e49d54cf7d:0x2173672d7a219ed5!8m2!3d34.2315359!4d-111.3270739!16s%2Fg%2F1tgw5hj5!19sChIJfc9UneQQLIcR1Z4hei1ncyE?authuser=0&hl=en&rclk=1
"Rilus Law - formerly Dana and Associates, LLC","https://www.google.com/maps/place/Rilus+Law+-+formerly+Dana+and+Associates,+LLC/data=!4m7!3m6!1s0x872c10e4b0cc14eb:0x4762d1f8b6c04c38!8m2!3d34.229187!4d-111.327377!16s%2Fg%2F1261k0ql8!19sChIJ6xTMsOQQLIcROEzAtvjRYkc?authuser=0&hl=en&rclk=1"
Omoto Dennis T,https://www.google.com/maps/place/Omoto+Dennis+T/data=!4m7!3m6!1s0x872c10d1b27b70c9:0x46f9683a2ced10ee!8m2!3d34.2549864!4d-111.3221213!16s%2Fg%2F1tnms5x1!19sChIJyXB7stEQLIcR7hDtLDpo-UY?authuser=0&hl=en&rclk=1
"Harper Law Offices, PC","https://www.google.com/maps/place/Harper+Law+Offices,+PC/data=!4m7!3m6!1s0x872c10fcfd60d241:0x841dd6735c02cf32!8m2!3d34.2272218!4d-111.3299442!16s%2Fg%2F1tfz0l73!19sChIJQdJg_fwQLIcRMs8CXHPWHYQ?authuser=0&hl=en&rclk=1"
Trey Ryder Marketing LLC,https://www.google.com/maps/place/Trey+Ryder+Marketing+LLC/data=!4m7!3m6!1s0x872c10e543e3bc13:0x82ea337c846f6378!8m2!3d34.2320458!4d-111.3213752!16s%2Fg%2F12609hs0b!19sChIJE7zjQ-UQLIcReGNvhHwz6oI?authuser=0&hl=en&rclk=1
"Law Offices of Jo Ellen Vork, PLLC","https://www.google.com/maps/place/Law+Offices+of+Jo+Ellen+Vork,+PLLC/data=!4m7!3m6!1s0x872c1198052618f3:0xca07e3f24a88f4b!8m2!3d34.2368135!4d-111.3222602!16s%2Fg%2F11f6z7hhyt!19sChIJ8xgmBZgRLIcRS4-oJD9-oAw?authuser=0&hl=en&rclk=1"
"Phelps LaClair, PLC","https://www.google.com/maps/place/Phelps+LaClair,+PLC/data=!4m7!3m6!1s0x872c11fd43adb705:0xe0fed96a49dbd481!8m2!3d34.2313554!4d-111.3265848!16s%2Fg%2F11jzxrvtr6!19sChIJBbetQ_0RLIcRgdTbSWrZ_uA?authuser=0&hl=en&rclk=1"
The Law Firm of Brown & Jensen,https://www.google.com/maps/place/The+Law+Firm+of+Brown+%26+Jensen/data=!4m7!3m6!1s0x872c11862705c52b:0x8c893e3dfbd60161!8m2!3d34.2427383!4d-111.3128033!16s%2Fg%2F11j90vbwdp!19sChIJK8UFJ4YRLIcRYQHW-z0-iYw?authuser=0&hl=en&rclk=1
"O'Steen & Harrison, PLC","https://www.google.com/maps/place/O%27Steen+%26+Harrison,+PLC/data=!4m7!3m6!1s0x872c114f22ed36a1:0xac124797bc009b96!8m2!3d34.2427816!4d-111.3128047!16s%2Fg%2F11fsvzdv2f!19sChIJoTbtIk8RLIcRlpsAvJdHEqw?authuser=0&hl=en&rclk=1"
"Sherra Kissee - Attorney at Law - Kissee Solutions, PLLC","https://www.google.com/maps/place/Sherra+Kissee+-+Attorney+at+Law+-+Kissee+Solutions,+PLLC/data=!4m7!3m6!1s0x872c1796f4e59cd3:0x88a7ec8b5da46e46!8m2!3d34.3361432!4d-111.2968025!16s%2Fg%2F11jmz0v7y7!19sChIJ05zl9JYXLIcRRm6kXYvsp4g?authuser=0&hl=en&rclk=1"
Weiler Law PLLC,https://www.google.com/maps/place/Weiler+Law+PLLC/data=!4m7!3m6!1s0x872b75b186d7bc57:0x9660229e902564f1!8m2!3d33.5119753!4d-111.9961286!16s%2Fg%2F11b7trh9kk!19sChIJV7zXhrF1K4cR8WQlkJ4iYJY?authuser=0&hl=en&rclk=1
The Winter Firm PLLC,https://www.google.com/maps/place/The+Winter+Firm+PLLC/data=!4m7!3m6!1s0x872c10e9f3cfffff:0xbcdb08ec385196c3!8m2!3d34.2420234!4d-111.3143816!16s%2Fg%2F11p73pxf_p!19sChIJ___P8-kQLIcRw5ZROOwI27w?authuser=0&hl=en&rclk=1
"Law Office of Daniel Hutto, PLLC","https://www.google.com/maps/place/Law+Office+of+Daniel+Hutto,+PLLC/data=!4m7!3m6!1s0x872b0d66324e6325:0x3d0a55bdb3a0267f!8m2!3d33.5085982!4d-112.0337914!16s%2Fg%2F11h6lg60n2!19sChIJJWNOMmYNK4cRfyags71VCj0?authuser=0&hl=en&rclk=1"
REP Law,https://www.google.com/maps/place/REP+Law/data=!4m7!3m6!1s0x872b4532abc7de1d:0xccdb5f83aa335deb!8m2!3d33.6376831!4d-112.3903567!16s%2Fg%2F11jfm82dtl!19sChIJHd7HqzJFK4cR610zqoNf28w?authuser=0&hl=en&rclk=1
Phoenix Accident and Injury Law Firm,https://www.google.com/maps/place/Phoenix+Accident+and+Injury+Law+Firm/data=!4m7!3m6!1s0x872b00ae94792b3d:0xfb15243ed4271606!8m2!3d33.320854!4d-111.89566!16s%2Fg%2F1th1d5d3!19sChIJPSt5lK4AK4cRBhYn1D4kFfs?authuser=0&hl=en&rclk=1
Rios Law Firm PLLC,https://www.google.com/maps/place/Rios+Law+Firm+PLLC/data=!4m7!3m6!1s0x872b1307c9e5be73:0x947941755a1cef14!8m2!3d33.4925827!4d-112.0689942!16s%2Fg%2F11fj10vf4t!19sChIJc77lyQcTK4cRFO8cWnVBeZQ?authuser=0&hl=en&rclk=1
"Law Offices of Robert E. Wisniewski, P.C.","https://www.google.com/maps/place/Law+Offices+of+Robert+E.+Wisniewski,+P.C./data=!4m7!3m6!1s0x872b1266862dd693:0x62c823dbcdd00fba!8m2!3d33.4798702!4d-112.0662891!16s%2Fg%2F1tdj4p4s!19sChIJk9YthmYSK4cRug_QzdsjyGI?authuser=0&hl=en&rclk=1"
Payson Legal Document Preparers,https://www.google.com/maps/place/Payson+Legal+Document+Preparers/data=!4m7!3m6!1s0x872c10fcbb7e93b1:0x158640a9c418957c!8m2!3d34.2293073!4d-111.327218!16s%2Fg%2F1hdzl9c1g!19sChIJsZN-u_wQLIcRfJUYxKlAhhU?authuser=0&hl=en&rclk=1
