"The Russell's Law Firm, PLC","https://www.google.com/maps/place/The+Russell%27s+Law+Firm,+PLC/data=!4m7!3m6!1s0x86d7285326b984cd:0x200d583da36c1a73!8m2!3d31.552047!4d-110.2971462!16s%2Fg%2F1261vttx5!19sChIJzYS5JlMo14YRcxpsoz1YDSA?authuser=0&hl=en&rclk=1"
Goldberg & Osborne,https://www.google.com/maps/place/Goldberg+%26+Osborne/data=!4m7!3m6!1s0x86d7293db963dcab:0xd46d5562b826bea0!8m2!3d31.544895!4d-110.258049!16s%2Fg%2F1tg8k509!19sChIJq9xjuT0p14YRoL4muGJVbdQ?authuser=0&hl=en&rclk=1
"The Country Lawyer, P.C.","https://www.google.com/maps/place/The+Country+Lawyer,+P.C./data=!4m7!3m6!1s0x86d7284b4c7ba59b:0x90ef7683f04f0248!8m2!3d31.5549539!4d-110.2918086!16s%2Fg%2F1vlqqncg!19sChIJm6V7TEso14YRSAJP8IN275A?authuser=0&hl=en&rclk=1"
Riebesehl Family Law Offices,https://www.google.com/maps/place/Riebesehl+Family+Law+Offices/data=!4m7!3m6!1s0x872b743227dd1ce3:0x533178a99b505f8d!8m2!3d31.5332662!4d-110.2565604!16s%2Fg%2F1vr3dmvv!19sChIJ4xzdJzJ0K4cRjV9Qm6l4MVM?authuser=0&hl=en&rclk=1
"Williams Melo, PLC","https://www.google.com/maps/place/Williams+Melo,+PLC/data=!4m7!3m6!1s0x86d72943bdc1d8b1:0x17c2b2c1f52b8fc2!8m2!3d31.531002!4d-110.2545471!16s%2Fg%2F1ptxg3fm3!19sChIJsdjBvUMp14YRwo8r9cGywhc?authuser=0&hl=en&rclk=1"
Michael E Farro Law Offices,https://www.google.com/maps/place/Michael+E+Farro+Law+Offices/data=!4m7!3m6!1s0x86d729417d0962c7:0xb6c5453968930478!8m2!3d31.504743!4d-110.2559024!16s%2Fg%2F1vnrlg8h!19sChIJx2IJfUEp14YReASTaDlFxbY?authuser=0&hl=en&rclk=1
"Sierra Vista Divorce Law, PLLC","https://www.google.com/maps/place/Sierra+Vista+Divorce+Law,+PLLC/data=!4m7!3m6!1s0x86d729b82a61fa87:0x7a5923e362c8d575!8m2!3d31.5521059!4d-110.2972416!16s%2Fg%2F11jflc7q86!19sChIJh_phKrgp14YRddXIYuMjWXo?authuser=0&hl=en&rclk=1"
"Adele Drumlevitch, Attorney-At-Law, LLC","https://www.google.com/maps/place/Adele+Drumlevitch,+Attorney-At-Law,+LLC/data=!4m7!3m6!1s0x86d7294124b32d3f:0x1a508d684aac6e90!8m2!3d31.534679!4d-110.254582!16s%2Fg%2F11b5pllqk3!19sChIJPy2zJEEp14YRkG6sSmiNUBo?authuser=0&hl=en&rclk=1"
"Borowiec & Borowiec, P.C.","https://www.google.com/maps/place/Borowiec+%26+Borowiec,+P.C./data=!4m7!3m6!1s0x86d72943e238084b:0x32873b1da16262c9!8m2!3d31.5381!4d-110.256705!16s%2Fg%2F1tf3pbk_!19sChIJSwg44kMp14YRyWJioR07hzI?authuser=0&hl=en&rclk=1"
"THE LAW OFFICE OF ROBERT HICKS, PLLC","https://www.google.com/maps/place/THE+LAW+OFFICE+OF+ROBERT+HICKS,+PLLC/data=!4m7!3m6!1s0x86d72853215dffe1:0x53f5d394a0757036!8m2!3d31.5549323!4d-110.2918087!16s%2Fg%2F11c4902009!19sChIJ4f9dIVMo14YRNnB1oJTT9VM?authuser=0&hl=en&rclk=1"
Law Office of Roger H. Contreras,https://www.google.com/maps/place/Law+Office+of+Roger+H.+Contreras/data=!4m7!3m6!1s0x86d7292a05d6f2bd:0x977055aa12366b5c!8m2!3d31.5540509!4d-110.2947079!16s%2Fg%2F11frnns2w9!19sChIJvfLWBSop14YRXGs2EqpVcJc?authuser=0&hl=en&rclk=1
Law Offices of Charles N. Kendall,https://www.google.com/maps/place/Law+Offices+of+Charles+N.+Kendall/data=!4m7!3m6!1s0x86d729412465a51f:0x2f4310e34dc6ca!8m2!3d31.5349023!4d-110.2544131!16s%2Fg%2F1tvym6hk!19sChIJH6VlJEEp14YRysZN4xBDLwA?authuser=0&hl=en&rclk=1
AZ Legal Documents by JoJo,https://www.google.com/maps/place/AZ+Legal+Documents+by+JoJo/data=!4m7!3m6!1s0x86d729405dd018d9:0x4b58860f825bcfe4!8m2!3d31.5357241!4d-110.2544829!16s%2Fg%2F11b5s2gfcw!19sChIJ2RjQXUAp14YR5M9bgg-GWEs?authuser=0&hl=en&rclk=1
Nina L Caples PC,https://www.google.com/maps/place/Nina+L+Caples+PC/data=!4m7!3m6!1s0x86d72be8837c13fb:0x1772aa5f90dcdea1!8m2!3d31.5291344!4d-110.2561679!16s%2Fg%2F1tfpq3wn!19sChIJ-xN8g-gr14YRod7ckF-qchc?authuser=0&hl=en&rclk=1
"Nancy Bourke, J.D., PSY.D. Attorney at Law","https://www.google.com/maps/place/Nancy+Bourke,+J.D.,+PSY.D.+Attorney+at+Law/data=!4m7!3m6!1s0x86d729405f4da439:0x44cf651004190987!8m2!3d31.5360397!4d-110.2564055!16s%2Fg%2F11bbrl3j1m!19sChIJOaRNX0Ap14YRhwkZBBBlz0Q?authuser=0&hl=en&rclk=1"
Stachel & Associates,https://www.google.com/maps/place/Stachel+%26+Associates/data=!4m7!3m6!1s0x86d7294237e39f73:0xde389142c240e0f6!8m2!3d31.5289062!4d-110.2566109!16s%2Fg%2F1tfmcp9q!19sChIJc5_jN0Ip14YR9uBAwkKRON4?authuser=0&hl=en&rclk=1
Whitney Law Office,https://www.google.com/maps/place/Whitney+Law+Office/data=!4m7!3m6!1s0x86d7294a13edd761:0x1db65a61191531bb!8m2!3d31.5608265!4d-110.310327!16s%2Fg%2F11hg4x7sd4!19sChIJYdftE0op14YRuzEVGWFath0?authuser=0&hl=en&rclk=1
"Melo Law Firm, P.C.","https://www.google.com/maps/place/Melo+Law+Firm,+P.C./data=!4m7!3m6!1s0x86d72852a5e15b8d:0xd2a9c7ad5ed12d8f!8m2!3d31.5311453!4d-110.2549692!16s%2Fg%2F1tvm36bs!19sChIJjVvhpVIo14YRjy3RXq3HqdI?authuser=0&hl=en&rclk=1"
"ALTA Estate Planning & Living Trusts, Sierra Vista, AZ","https://www.google.com/maps/place/ALTA+Estate+Planning+%26+Living+Trusts,+Sierra+Vista,+AZ/data=!4m7!3m6!1s0x86d729bc46ed0e99:0x9170a4fa41016d4a!8m2!3d31.5527441!4d-110.2781475!16s%2Fg%2F11ng480t00!19sChIJmQ7tRrwp14YRSm0BQfqkcJE?authuser=0&hl=en&rclk=1"
Sharp As A Penn LLC,https://www.google.com/maps/place/Sharp+As+A+Penn+LLC/data=!4m7!3m6!1s0x86d72b0893dbb497:0x3c46aac1386303aa!8m2!3d31.5608265!4d-110.310327!16s%2Fg%2F11flrqrkdf!19sChIJl7Tbkwgr14YRqgNjOMGqRjw?authuser=0&hl=en&rclk=1
Michael Johns Law Office,https://www.google.com/maps/place/Michael+Johns+Law+Office/data=!4m7!3m6!1s0x86d7284b4c7ba59b:0x41c2c2faca5850ce!8m2!3d31.5524167!4d-110.3023249!16s%2Fg%2F1tdx4ksw!19sChIJm6V7TEso14YRzlBYyvrCwkE?authuser=0&hl=en&rclk=1
My AZ Legal Team PLLC,https://www.google.com/maps/place/My+AZ+Legal+Team+PLLC/data=!4m7!3m6!1s0x86d729fc7e60032b:0x5f488e2802e331e8!8m2!3d31.5446084!4d-110.3006604!16s%2Fg%2F11qntt8wvy!19sChIJKwNgfvwp14YR6DHjAiiOSF8?authuser=0&hl=en&rclk=1
"Baroumes Law Group, PLC","https://www.google.com/maps/place/Baroumes+Law+Group,+PLC/data=!4m7!3m6!1s0x86d72854b4f7475b:0x530a9ec98d1af475!8m2!3d31.5540803!4d-110.2880447!16s%2Fg%2F11bbrgp030!19sChIJW0f3tFQo14YRdfQajcmeClM?authuser=0&hl=en&rclk=1"
Russo Law Firm LLC,https://www.google.com/maps/place/Russo+Law+Firm+LLC/data=!4m7!3m6!1s0x86d729b339a55555:0xbd4a21ddf8197a6e!8m2!3d31.5517631!4d-110.2993717!16s%2Fg%2F11rghpl7qt!19sChIJVVWlObMp14YRbnoZ-N0hSr0?authuser=0&hl=en&rclk=1
Melo Law Firm: Melo Paul W,https://www.google.com/maps/place/Melo+Law+Firm:+Melo+Paul+W/data=!4m7!3m6!1s0x86d72852a5843d75:0x411907c71e408145!8m2!3d31.5544361!4d-110.294615!16s%2Fg%2F113fdv9w9!19sChIJdT2EpVIo14YRRYFAHscHGUE?authuser=0&hl=en&rclk=1
Petter A Kelly,https://www.google.com/maps/place/Petter+A+Kelly/data=!4m7!3m6!1s0x86d0cdea2716ceeb:0x54da04f54badd70e!8m2!3d31.357416!4d-110.2047421!16s%2Fg%2F1wj_tq9_!19sChIJ684WJ-rN0IYRDtetS_UE2lQ?authuser=0&hl=en&rclk=1
"LegalShield/IDShield Independent Associate, Carolyn Weaver","https://www.google.com/maps/place/LegalShield%2FIDShield+Independent+Associate,+Carolyn+Weaver/data=!4m7!3m6!1s0x86d72903c6103fe9:0x8b2ec5f47b1b266!8m2!3d31.5670039!4d-110.2893186!16s%2Fg%2F11fzq6jrzz!19sChIJ6T8QxgMp14YRZrKxR1_ssgg?authuser=0&hl=en&rclk=1"
Law Office of Biagio Gingo,https://www.google.com/maps/place/Law+Office+of+Biagio+Gingo/data=!4m7!3m6!1s0x86d7284b0188cddd:0x66fa0fe85ba2c0ae!8m2!3d31.8078762!4d-109.945467!16s%2Fg%2F1tfbns83!19sChIJ3c2IAUso14YRrsCiW-gP-mY?authuser=0&hl=en&rclk=1
Arizona Criminal Defense Attorney,https://www.google.com/maps/place/Arizona+Criminal+Defense+Attorney/data=!4m7!3m6!1s0x86d7294123500001:0x803be3282e1bf52e!8m2!3d31.5347008!4d-110.2545992!16s%2Fg%2F11h4cggvdh!19sChIJAQBQI0Ep14YRLvUbLijjO4A?authuser=0&hl=en&rclk=1
Pioneer Title Agency,https://www.google.com/maps/place/Pioneer+Title+Agency/data=!4m7!3m6!1s0x86d729ad4190b399:0x9abece9c436e915a!8m2!3d31.5519207!4d-110.2939133!16s%2Fg%2F1tgns2_q!19sChIJmbOQQa0p14YRWpFuQ5zOvpo?authuser=0&hl=en&rclk=1
Sierra Vista Bankruptcy,https://www.google.com/maps/place/Sierra+Vista+Bankruptcy/data=!4m7!3m6!1s0x86d7295f5b67eeaf:0xc473c8379751c59!8m2!3d31.5533351!4d-110.2920413!16s%2Fg%2F11n0wprkby!19sChIJr-5nW18p14YRWRx1eYM8Rww?authuser=0&hl=en&rclk=1
Desert Documents LLC,https://www.google.com/maps/place/Desert+Documents+LLC/data=!4m7!3m6!1s0x67341c7d25c7d229:0xcf466338618c29bc!8m2!3d31.693209!4d-110.1583811!16s%2Fg%2F11pd7qgygv!19sChIJKdLHJX0cNGcRvCmMYThjRs8?authuser=0&hl=en&rclk=1
San Pedro Fiduciary Services LLC,https://www.google.com/maps/place/San+Pedro+Fiduciary+Services+LLC/data=!4m7!3m6!1s0x86d7291cd5b917e7:0xe10b2e24e24d6b1b!8m2!3d31.5549958!4d-110.2938216!16s%2Fg%2F11jmywqv5c!19sChIJ5xe51Rwp14YRG2tN4iQuC-E?authuser=0&hl=en&rclk=1
