Dodds Law Firm,https://www.google.com/maps/place/Dodds+Law+Firm/data=!4m7!3m6!1s0x872b44ce985006a5:0xb8c4224927b9a9e4!8m2!3d33.6556507!4d-112.3782143!16s%2Fg%2F1tcz__53!19sChIJpQZQmM5EK4cR5Km5J0kixLg?authuser=0&hl=en&rclk=1
"Wayne P. Marsh, PLC","https://www.google.com/maps/place/Wayne+P.+Marsh,+PLC/data=!4m7!3m6!1s0x872b42dded67e11b:0x59faa2bb76d8c5c3!8m2!3d33.6391255!4d-112.278503!16s%2Fg%2F1thsrvnq!19sChIJG-Fn7d1CK4cRw8XYdrui-lk?authuser=0&hl=en&rclk=1"
"Pennington Law, PLLC","https://www.google.com/maps/place/Pennington+Law,+PLLC/data=!4m7!3m6!1s0x872b4343f0db5465:0x58103ac844247b51!8m2!3d33.6592768!4d-112.3606451!16s%2Fg%2F11g2vjtwtz!19sChIJZVTb8ENDK4cRUXskRMg6EFg?authuser=0&hl=en&rclk=1"
"Mushkatel, Robbins & Becker, P.L.L.C.","https://www.google.com/maps/place/Mushkatel,+Robbins+%26+Becker,+P.L.L.C./data=!4m7!3m6!1s0x872b42f673c25965:0xc38f3f3d7bb537a6!8m2!3d33.6218741!4d-112.2684867!16s%2Fg%2F1tjxg3p1!19sChIJZVnCc_ZCK4cRpje1ez0_j8M?authuser=0&hl=en&rclk=1"
REP Law,https://www.google.com/maps/place/REP+Law/data=!4m7!3m6!1s0x872b4532abc7de1d:0xccdb5f83aa335deb!8m2!3d33.6376831!4d-112.3903567!16s%2Fg%2F11jfm82dtl!19sChIJHd7HqzJFK4cR610zqoNf28w?authuser=0&hl=en&rclk=1
Moore Law Partners PLLC,https://www.google.com/maps/place/Moore+Law+Partners+PLLC/data=!4m7!3m6!1s0x872b42e87d201bc9:0xdc5a44ea4505c1e3!8m2!3d33.6375782!4d-112.2752392!16s%2Fg%2F1tfcz8kr!19sChIJyRsgfehCK4cR48EFRepEWtw?authuser=0&hl=en&rclk=1
Gerber Injury Law,https://www.google.com/maps/place/Gerber+Injury+Law/data=!4m7!3m6!1s0x872b435b33f8aa37:0x47e278ec8d62cddd!8m2!3d33.6379971!4d-112.3222371!16s%2Fg%2F1hhwfsbz9!19sChIJN6r4M1tDK4cR3c1ijex44kc?authuser=0&hl=en&rclk=1
Collins Craig E,https://www.google.com/maps/place/Collins+Craig+E/data=!4m7!3m6!1s0x872b5b0e0e1d9593:0x67d7328bd914cbd5!8m2!3d33.6775121!4d-112.3641735!16s%2Fg%2F1tftrkd8!19sChIJk5UdDg5bK4cR1csU2Ysy12c?authuser=0&hl=en&rclk=1
"Mushkatel, Robbins & Becker PLLC - Personal Injury Attorney - Surprise","https://www.google.com/maps/place/Mushkatel,+Robbins+%26+Becker+PLLC+-+Personal+Injury+Attorney+-+Surprise/data=!4m7!3m6!1s0x872b5b2714df247d:0x90fa4e87f7a84274!8m2!3d33.638274!4d-112.3904067!16s%2Fg%2F11f2sm1rnt!19sChIJfSTfFCdbK4cRdEKo94dO-pA?authuser=0&hl=en&rclk=1"
"HagEstad Law Group, PLLC","https://www.google.com/maps/place/HagEstad+Law+Group,+PLLC/data=!4m7!3m6!1s0x872b45ae8dca9a43:0x8af4a8b933a9d943!8m2!3d33.6374339!4d-112.390485!16s%2Fg%2F11fnrlqf8y!19sChIJQ5rKja5FK4cRQ9mpM7mo9Io?authuser=0&hl=en&rclk=1"
Egan Law Firm,https://www.google.com/maps/place/Egan+Law+Firm/data=!4m7!3m6!1s0x872b5b37c33ad943:0xda56b1d64812704f!8m2!3d33.6546019!4d-112.358576!16s%2Fg%2F1tg873dr!19sChIJQ9k6wzdbK4cRT3ASSNaxVto?authuser=0&hl=en&rclk=1
"Keist Thurston O'Brien, P.C.","https://www.google.com/maps/place/Keist+Thurston+O%27Brien,+P.C./data=!4m7!3m6!1s0x872b5d0531281593:0xd170f69f6a0efd47!8m2!3d33.6936284!4d-112.2761011!16s%2Fg%2F11g6qjwvcq!19sChIJkxUoMQVdK4cRR_0Oap_2cNE?authuser=0&hl=en&rclk=1"
Copper State Mesothelioma Lawyer,https://www.google.com/maps/place/Copper+State+Mesothelioma+Lawyer/data=!4m7!3m6!1s0x64f5fffbb4639cd7:0xabf4974457198fed!8m2!3d33.6813888!4d-112.2791976!16s%2Fg%2F11s1_3ptqq!19sChIJ15xjtPv_9WQR7Y8ZV0SX9Ks?authuser=0&hl=en&rclk=1
"Pennington Law, PLLC","https://www.google.com/maps/place/Pennington+Law,+PLLC/data=!4m7!3m6!1s0x872b4f61c7b44ecd:0xda195b359e4ce5b6!8m2!3d33.496159!4d-112.513827!16s%2Fg%2F11lwz0c4m9!19sChIJzU60x2FPK4cRtuVMnjVbGdo?authuser=0&hl=en&rclk=1"
"Pennington Law, PLLC","https://www.google.com/maps/place/Pennington+Law,+PLLC/data=!4m7!3m6!1s0x872b4524c48900db:0x75bee9599397a381!8m2!3d33.6375999!4d-112.3904953!16s%2Fg%2F11csb3hgjx!19sChIJ2wCJxCRFK4cRgaOXk1npvnU?authuser=0&hl=en&rclk=1"
"Law Office of Katherine Kraus, PLLC","https://www.google.com/maps/place/Law+Office+of+Katherine+Kraus,+PLLC/data=!4m7!3m6!1s0x872b5d4f0293586b:0x9818efe35e85df9b!8m2!3d33.6731371!4d-112.2538438!16s%2Fg%2F113h414b1!19sChIJa1iTAk9dK4cRm9-FXuPvGJg?authuser=0&hl=en&rclk=1"
Dana Law Group,https://www.google.com/maps/place/Dana+Law+Group/data=!4m7!3m6!1s0x872b42e87d201bc9:0xccc57b43c638f194!8m2!3d33.63967!4d-112.279665!16s%2Fg%2F1tlbk0k0!19sChIJyRsgfehCK4cRlPE4xkN7xcw?authuser=0&hl=en&rclk=1
"Gregory Law Firm, PLC.","https://www.google.com/maps/place/Gregory+Law+Firm,+PLC./data=!4m7!3m6!1s0x872b4563693c8f25:0x9accc9929ba476c9!8m2!3d33.6376831!4d-112.3903567!16s%2Fg%2F1vvyyk5g!19sChIJJY88aWNFK4cRyXakm5LJzJo?authuser=0&hl=en&rclk=1"
The Law Firm of Jessica M Cotter P.L.L.C.,https://www.google.com/maps/place/The+Law+Firm+of+Jessica+M+Cotter+P.L.L.C./data=!4m7!3m6!1s0x872b6822812d3695:0xefeb5a7bd8fc1759!8m2!3d33.6125514!4d-112.239166!16s%2Fg%2F1tdcb8bb!19sChIJlTYtgSJoK4cRWRf82Hta6-8?authuser=0&hl=en&rclk=1
"Simonds Law Group, PLLC","https://www.google.com/maps/place/Simonds+Law+Group,+PLLC/data=!4m7!3m6!1s0x872b43a8aa589097:0xa64775cacc3b5381!8m2!3d33.6348842!4d-112.2518824!16s%2Fg%2F11pq4l_x9j!19sChIJl5BYqqhDK4cRgVM7zMp1R6Y?authuser=0&hl=en&rclk=1"
Rita A. Daninger Attorney at Law PLLC,https://www.google.com/maps/place/Rita+A.+Daninger+Attorney+at+Law+PLLC/data=!4m7!3m6!1s0x872b42dde3997549:0x17a2daf793f032d3!8m2!3d33.6407692!4d-112.2796633!16s%2Fg%2F1tfgpw3s!19sChIJSXWZ491CK4cR0zLwk_faohc?authuser=0&hl=en&rclk=1
"Alongi Law Firm, PLLC","https://www.google.com/maps/place/Alongi+Law+Firm,+PLLC/data=!4m7!3m6!1s0x872b062a470f8c2b:0xf1bfcd24630b489d!8m2!3d33.5078327!4d-112.2821667!16s%2Fg%2F11b5vn6g4_!19sChIJK4wPRyoGK4cRnUgLYyTNv_E?authuser=0&hl=en&rclk=1"
"Meyer Law, P.C.","https://www.google.com/maps/place/Meyer+Law,+P.C./data=!4m7!3m6!1s0x872b452d1c264871:0xdfc8797fdb39c845!8m2!3d33.6374944!4d-112.390204!16s%2Fg%2F11bx5pf4b1!19sChIJcUgmHC1FK4cRRcg52395yN8?authuser=0&hl=en&rclk=1"
Meulenberg Law Office,https://www.google.com/maps/place/Meulenberg+Law+Office/data=!4m7!3m6!1s0x872b4858ec1bc74b:0x2bb016a0d61eff9b!8m2!3d33.2766146!4d-112.18749!16s%2Fg%2F11f127fghl!19sChIJS8cb7FhIK4cRm_8e1qAWsCs?authuser=0&hl=en&rclk=1
Becker Zarling & Smith Law,https://www.google.com/maps/place/Becker+Zarling+%26+Smith+Law/data=!4m7!3m6!1s0x872b40b2bbd679fb:0x72331f8e0a3bfc0c!8m2!3d33.4920382!4d-112.3329948!16s%2Fg%2F1pp2wxtxg!19sChIJ-3nWu7JAK4cRDPw7Co4fM3I?authuser=0&hl=en&rclk=1
Martin Legal Group,https://www.google.com/maps/place/Martin+Legal+Group/data=!4m7!3m6!1s0x872b424c31db2969:0x5482400004976187!8m2!3d33.604129!4d-112.280919!16s%2Fg%2F1tjkg7_9!19sChIJaSnbMUxCK4cRh2GXBABAglQ?authuser=0&hl=en&rclk=1
Law Office of Eileen M. McGuire PLLC,https://www.google.com/maps/place/Law+Office+of+Eileen+M.+McGuire+PLLC/data=!4m7!3m6!1s0x80d34ebfc6249fe3:0x1f7f56ebe222b574!8m2!3d33.976766!4d-112.736854!16s%2Fg%2F1tfbyrjy!19sChIJ458kxr9O04ARdLUi4utWfx8?authuser=0&hl=en&rclk=1
Ronald F Larson Pc,https://www.google.com/maps/place/Ronald+F+Larson+Pc/data=!4m7!3m6!1s0x872b42e87da19c01:0x6410fee81d4f5da3!8m2!3d33.637113!4d-112.273354!16s%2Fg%2F1tggp2z4!19sChIJAZyhfehCK4cRo11PHej-EGQ?authuser=0&hl=en&rclk=1
Mc Greevy James F,https://www.google.com/maps/place/Mc+Greevy+James+F/data=!4m7!3m6!1s0x872b42e90dfe8f57:0x602231b0ee6ae3c5!8m2!3d33.6376643!4d-112.2698227!16s%2Fg%2F1tfpq4m1!19sChIJV4_-DelCK4cRxeNq7rAxImA?authuser=0&hl=en&rclk=1
"Law Office of Dennis Caufield, LLC","https://www.google.com/maps/place/Law+Office+of+Dennis+Caufield,+LLC/data=!4m7!3m6!1s0x872b5b0e0e1d9593:0x94ac7e760f0e5d16!8m2!3d33.6606446!4d-112.3590649!16s%2Fg%2F1v7pyysw!19sChIJk5UdDg5bK4cRFl0OD3Z-rJQ?authuser=0&hl=en&rclk=1"
Catherine Leas Law Office,https://www.google.com/maps/place/Catherine+Leas+Law+Office/data=!4m7!3m6!1s0x872b42dde3997549:0xcfa12b3e3dc4af5d!8m2!3d33.6406444!4d-112.2801821!16s%2Fg%2F1w8wbh43!19sChIJSXWZ491CK4cRXa_EPT4roc8?authuser=0&hl=en&rclk=1
"Pennington Law, PLLC","https://www.google.com/maps/place/Pennington+Law,+PLLC/data=!4m7!3m6!1s0x872b43c5a7fc313b:0x38befe866e3e5563!8m2!3d33.6047477!4d-112.2635034!16s%2Fg%2F11s4_hhvcx!19sChIJOzH8p8VDK4cRY1U-bob-vjg?authuser=0&hl=en&rclk=1"
"Curtis Law, PLLC","https://www.google.com/maps/place/Curtis+Law,+PLLC/data=!4m7!3m6!1s0x872b427f8653fd0f:0xc67e2d314be94a85!8m2!3d33.4874347!4d-112.3500293!16s%2Fg%2F11fzd3543d!19sChIJD_1Thn9CK4cRhUrpSzEtfsY?authuser=0&hl=en&rclk=1"
Keller & Hickey,https://www.google.com/maps/place/Keller+%26+Hickey/data=!4m7!3m6!1s0x80d34eed3eb977bb:0x7a2be65dd79ee0b9!8m2!3d33.9660006!4d-112.7401186!16s%2Fg%2F1tj91v3x!19sChIJu3e5Pu1O04ARueCe113mK3o?authuser=0&hl=en&rclk=1
Herd Legal PLLC,https://www.google.com/maps/place/Herd+Legal+PLLC/data=!4m7!3m6!1s0x872b682387e55555:0x892248e336e19991!8m2!3d33.6401505!4d-112.3895589!16s%2Fg%2F11f63ykbpm!19sChIJVVXlhyNoK4cRkZnhNuNIIok?authuser=0&hl=en&rclk=1
"Adams, Charles A","https://www.google.com/maps/place/Adams,+Charles+A/data=!4m7!3m6!1s0x872b5b463c433f1d:0xdb666203371fb76d!8m2!3d33.6581317!4d-112.3534257!16s%2Fg%2F1tqclpcx!19sChIJHT9DPEZbK4cRbbcfNwNiZts?authuser=0&hl=en&rclk=1"
Surprise Criminal Lawyer,https://www.google.com/maps/place/Surprise+Criminal+Lawyer/data=!4m7!3m6!1s0x872b455e5d148731:0x10e13c2977b0c687!8m2!3d33.6376831!4d-112.3903567!16s%2Fg%2F11r352s6z3!19sChIJMYcUXV5FK4cRh8awdyk84RA?authuser=0&hl=en&rclk=1
Jeckel & Nykamp,https://www.google.com/maps/place/Jeckel+%26+Nykamp/data=!4m7!3m6!1s0x872b42e70bcef227:0x1781d31eb33d169a!8m2!3d33.6385427!4d-112.2797212!16s%2Fg%2F1tk6_znm!19sChIJJ_LOC-dCK4cRmhY9sx7TgRc?authuser=0&hl=en&rclk=1
Hahn Law Office,https://www.google.com/maps/place/Hahn+Law+Office/data=!4m7!3m6!1s0x872b42e70bcef227:0x6e53b8125077c80d!8m2!3d33.6385325!4d-112.279849!16s%2Fg%2F1tg5vj35!19sChIJJ_LOC-dCK4cRDch3UBK4U24?authuser=0&hl=en&rclk=1
Goldberg & Osborne,https://www.google.com/maps/place/Goldberg+%26+Osborne/data=!4m7!3m6!1s0x872b38ceef385695:0xc8d31338bb7097f8!8m2!3d33.5338197!4d-112.2616883!16s%2Fg%2F1tjbsmv_!19sChIJlVY47844K4cR-JdwuzgT08g?authuser=0&hl=en&rclk=1
"The Owsley Law Firm, PLLC","https://www.google.com/maps/place/The+Owsley+Law+Firm,+PLLC/data=!4m7!3m6!1s0x872b406111012b87:0xd3f2a4eca2f5293e!8m2!3d33.5077585!4d-112.2821651!16s%2Fg%2F11cjj3znm9!19sChIJhysBEWFAK4cRPin1ouyk8tM?authuser=0&hl=en&rclk=1"
WantAFreshStart Surprise Bankruptcy Lawyers,https://www.google.com/maps/place/WantAFreshStart+Surprise+Bankruptcy+Lawyers/data=!4m7!3m6!1s0x872b45b6bec6e151:0xf9a781e61ca70f83!8m2!3d33.6376856!4d-112.3904448!16s%2Fg%2F11tfytkv7_!19sChIJUeHGvrZFK4cRgw-nHOaBp_k?authuser=0&hl=en&rclk=1
"DJS Accident Law - David J. Shtogren, Esq.","https://www.google.com/maps/place/DJS+Accident+Law+-+David+J.+Shtogren,+Esq./data=!4m7!3m6!1s0x872b430fdd344655:0xe8a8222be7e9e8c1!8m2!3d33.6536439!4d-112.2579848!16s%2Fg%2F11h6ls8x5j!19sChIJVUY03Q9DK4cRwejp5ysiqOg?authuser=0&hl=en&rclk=1"
"Treguboff Law, PLC","https://www.google.com/maps/place/Treguboff+Law,+PLC/data=!4m7!3m6!1s0x872b47ab98a42f6d:0xc98f6391a8045217!8m2!3d33.49191!4d-112.3325196!16s%2Fg%2F11k0tqhv3v!19sChIJbS-kmKtHK4cRF1IEqJFjj8k?authuser=0&hl=en&rclk=1"
Chambers Michael,https://www.google.com/maps/place/Chambers+Michael/data=!4m7!3m6!1s0x872b42e87d201bc9:0x5e40dafcf194ffc2!8m2!3d33.6367029!4d-112.27743!16s%2Fg%2F1thvyrdy!19sChIJyRsgfehCK4cRwv-U8fzaQF4?authuser=0&hl=en&rclk=1
Wente Law - Mobile Estate Planning,https://www.google.com/maps/place/Wente+Law+-+Mobile+Estate+Planning/data=!4m7!3m6!1s0x872b49309ece8c0b:0xe140ff1ba5693c9a!8m2!3d33.5487694!4d-112.1848722!16s%2Fg%2F11sjcx8qb8!19sChIJC4zOnjBJK4cRmjxppRv_QOE?authuser=0&hl=en&rclk=1
"Verde Valley Law Group, LLC","https://www.google.com/maps/place/Verde+Valley+Law+Group,+LLC/data=!4m7!3m6!1s0x872b45b17bcb1969:0x359ffb0b521924a3!8m2!3d33.6376831!4d-112.3903567!16s%2Fg%2F11m_mk38ww!19sChIJaRnLe7FFK4cRoyQZUgv7nzU?authuser=0&hl=en&rclk=1"
"Dovan Associates, Inc.","https://www.google.com/maps/place/Dovan+Associates,+Inc./data=!4m7!3m6!1s0x872b452a59b6b099:0xfe05f4ff4979e564!8m2!3d33.63983!4d-112.389418!16s%2Fg%2F1262dhy5y!19sChIJmbC2WSpFK4cRZOV5Sf_0Bf4?authuser=0&hl=en&rclk=1"
Friedman Michael A P,https://www.google.com/maps/place/Friedman+Michael+A+P/data=!4m7!3m6!1s0x872b5b0e0e1d9593:0x4b619d8495325582!8m2!3d33.6775121!4d-112.3641735!16s%2Fg%2F1ts3lnt3!19sChIJk5UdDg5bK4cRglUylYSdYUs?authuser=0&hl=en&rclk=1
"Law Office of Warren Luccitti, Esq.","https://www.google.com/maps/place/Law+Office+of+Warren+Luccitti,+Esq./data=!4m7!3m6!1s0x872b40b2bbd679fb:0x4845afe63f13d9e5!8m2!3d33.53379!4d-112.261856!16s%2Fg%2F1tf083k6!19sChIJ-3nWu7JAK4cR5dkTP-avRUg?authuser=0&hl=en&rclk=1"
DTB Inmigrante LLC,https://www.google.com/maps/place/DTB+Inmigrante+LLC/data=!4m7!3m6!1s0x872b43f880a54f13:0xa3cb76651d2a088a!8m2!3d33.6159629!4d-112.321907!16s%2Fg%2F11g2qb89d7!19sChIJE0-lgPhDK4cRiggqHWV2y6M?authuser=0&hl=en&rclk=1
Canyon State Law Criminal Defense Lawyers DUI Attorneys Surprise AZ,https://www.google.com/maps/place/Canyon+State+Law+Criminal+Defense+Lawyers+DUI+Attorneys+Surprise+AZ/data=!4m7!3m6!1s0x872b459a8092c057:0x5877946bd84fe590!8m2!3d33.6374287!4d-112.3908723!16s%2Fg%2F11fjx2dwb5!19sChIJV8CSgJpFK4cRkOVP2GuUd1g?authuser=0&hl=en&rclk=1
Premier Estate Planning,https://www.google.com/maps/place/Premier+Estate+Planning/data=!4m7!3m6!1s0x872b452a1157eb53:0x68819255bb115c56!8m2!3d33.636798!4d-112.382538!16s%2Fg%2F11b7q50zf0!19sChIJU-tXESpFK4cRVlwRu1WSgWg?authuser=0&hl=en&rclk=1
ELB Legal Document Preparation,https://www.google.com/maps/place/ELB+Legal+Document+Preparation/data=!4m7!3m6!1s0x872b454d0d6ead33:0x8a8cc5142a482c84!8m2!3d33.6376831!4d-112.3903567!16s%2Fg%2F11h4ch63z0!19sChIJM61uDU1FK4cRhCxIKhTFjIo?authuser=0&hl=en&rclk=1
"Snyder & Wenner, P.C.","https://www.google.com/maps/place/Snyder+%26+Wenner,+P.C./data=!4m7!3m6!1s0x872b40b2b95c4227:0xa7e73519b9ead886!8m2!3d33.4916388!4d-112.3325527!16s%2Fg%2F11c6qqz_3w!19sChIJJ0JcubJAK4cRhtjquRk156c?authuser=0&hl=en&rclk=1"
"Casler Law Office, PLLC","https://www.google.com/maps/place/Casler+Law+Office,+PLLC/data=!4m7!3m6!1s0x872b0d6dcc6d6345:0xda6ef6577dca46d2!8m2!3d33.49191!4d-112.3325196!16s%2Fg%2F1trvlxbg!19sChIJRWNtzG0NK4cR0kbKfVf2bto?authuser=0&hl=en&rclk=1"
Arizona Mobile Attorneys,https://www.google.com/maps/place/Arizona+Mobile+Attorneys/data=!4m7!3m6!1s0x872b4b9d3cce3c83:0x37d63cbed4434f92!8m2!3d33.4443417!4d-112.5321782!16s%2Fg%2F11h_brqtvy!19sChIJgzzOPJ1LK4cRkk9D1L481jc?authuser=0&hl=en&rclk=1
Ryley Carlock & Applewhite,https://www.google.com/maps/place/Ryley+Carlock+%26+Applewhite/data=!4m7!3m6!1s0x872b42dded67e11b:0x24ab3481afe1505d!8m2!3d33.6398208!4d-112.2793664!16s%2Fg%2F1v4ptgh5!19sChIJG-Fn7d1CK4cRXVDhr4E0qyQ?authuser=0&hl=en&rclk=1
Cactus Blossom Legal LLC,https://www.google.com/maps/place/Cactus+Blossom+Legal+LLC/data=!4m7!3m6!1s0x872b4505dadac70b:0x880cc1150c237e3e!8m2!3d33.6376856!4d-112.3904448!16s%2Fg%2F11rsgb2d95!19sChIJC8fa2gVFK4cRPn4jDBXBDIg?authuser=0&hl=en&rclk=1
Geisler Charles M,https://www.google.com/maps/place/Geisler+Charles+M/data=!4m7!3m6!1s0x872b42e8fe0b97c1:0xadd5ca97b7ebd254!8m2!3d33.6374741!4d-112.2712125!16s%2Fg%2F1tgwbcgk!19sChIJwZcL_uhCK4cRVNLrt5fK1a0?authuser=0&hl=en&rclk=1
Allegrucci Law Office,https://www.google.com/maps/place/Allegrucci+Law+Office/data=!4m7!3m6!1s0x872b43481839b7c7:0xb8e566889893eec2!8m2!3d33.6381275!4d-112.3228657!16s%2Fg%2F11h6sdbvzv!19sChIJx7c5GEhDK4cRwu6TmIhm5bg?authuser=0&hl=en&rclk=1
Cronus Law,https://www.google.com/maps/place/Cronus+Law/data=!4m7!3m6!1s0x872b0ee0a51a77c1:0x93217db87165faba!8m2!3d33.4824637!4d-111.9863677!16s%2Fg%2F11b6hzpy76!19sChIJwXcapeAOK4cRuvplcbh9IZM?authuser=0&hl=en&rclk=1
"Nathaniel B Preston Warnock, MacKinlay Law","https://www.google.com/maps/place/Nathaniel+B+Preston+Warnock,+MacKinlay+Law/data=!4m7!3m6!1s0x872b43188b523607:0x26c0610de21576c9!8m2!3d33.5212495!4d-112.3152145!16s%2Fg%2F11f771gnnp!19sChIJBzZSixhDK4cRyXYV4g1hwCY?authuser=0&hl=en&rclk=1"
Ryley Carlock & Applewhite,https://www.google.com/maps/place/Ryley+Carlock+%26+Applewhite/data=!4m7!3m6!1s0x872b4386368389db:0xb812a0558ff32653!8m2!3d33.6407692!4d-112.2796633!16s%2Fg%2F11fx0fjfyh!19sChIJ24mDNoZDK4cRUybzj1WgErg?authuser=0&hl=en&rclk=1
Wright Law Offices,https://www.google.com/maps/place/Wright+Law+Offices/data=!4m7!3m6!1s0x872b40b2bbd679fb:0x4838caa300c11631!8m2!3d33.492053!4d-112.332821!16s%2Fg%2F1vq759y8!19sChIJ-3nWu7JAK4cRMRbBAKPKOEg?authuser=0&hl=en&rclk=1
Lischer Batts & Lyons PC,https://www.google.com/maps/place/Lischer+Batts+%26+Lyons+PC/data=!4m7!3m6!1s0x872b42dde3997549:0x9f20fe3fc4795770!8m2!3d33.6406444!4d-112.2801821!16s%2Fg%2F126299ps1!19sChIJSXWZ491CK4cRcFd5xD_-IJ8?authuser=0&hl=en&rclk=1
Surprise Criminal Defense Lawyer DUI Attorney,https://www.google.com/maps/place/Surprise+Criminal+Defense+Lawyer+DUI+Attorney/data=!4m7!3m6!1s0x872b452d1c264871:0x7569a98dc357ca4c!8m2!3d33.638274!4d-112.3904067!16s%2Fg%2F11fy54vxbf!19sChIJcUgmHC1FK4cRTMpXw42paXU?authuser=0&hl=en&rclk=1
"Faith, Ledyard & Faith, PLC","https://www.google.com/maps/place/Faith,+Ledyard+%26+Faith,+PLC/data=!4m7!3m6!1s0x872b454d2344b64f:0x6b61f3c6ac9b51d3!8m2!3d33.6373946!4d-112.3908923!16s%2Fg%2F11k550n1xv!19sChIJT7ZEI01FK4cR01GbrMbzYWs?authuser=0&hl=en&rclk=1"
Ken Koenen Law Office,https://www.google.com/maps/place/Ken+Koenen+Law+Office/data=!4m7!3m6!1s0x872b5da63a8fffef:0xad3a3f9874c89bc0!8m2!3d33.70767!4d-112.273283!16s%2Fg%2F11cjh_npby!19sChIJ7_-POqZdK4cRwJvIdJg_Oq0?authuser=0&hl=en&rclk=1
Litchfield & Bell,https://www.google.com/maps/place/Litchfield+%26+Bell/data=!4m7!3m6!1s0x872b44cbdb037801:0x3ca1bb844be1f8e0!8m2!3d33.6404614!4d-112.3612987!16s%2Fg%2F1tmpfd8g!19sChIJAXgD28tEK4cR4PjhS4S7oTw?authuser=0&hl=en&rclk=1
"Goodman Holmgren, LLP","https://www.google.com/maps/place/Goodman+Holmgren,+LLP/data=!4m7!3m6!1s0x872b40358ee316e7:0x71cd351cecf04c52!8m2!3d33.532898!4d-112.2617406!16s%2Fg%2F11f0l3n8vl!19sChIJ5xbjjjVAK4cRUkzw7Bw1zXE?authuser=0&hl=en&rclk=1"
Patent Agent Bruce A. Lev,https://www.google.com/maps/place/Patent+Agent+Bruce+A.+Lev/data=!4m7!3m6!1s0x872b5d1e973b85af:0x176c3ef176421227!8m2!3d33.6753658!4d-112.2703997!16s%2Fg%2F1tqyfzkl!19sChIJr4U7lx5dK4cRJxJCdvE-bBc?authuser=0&hl=en&rclk=1
MEYROSE BLACKFORD PLC,https://www.google.com/maps/place/MEYROSE+BLACKFORD+PLC/data=!4m7!3m6!1s0x872b5b379041a5cb:0x7a4940d5d0520d09!8m2!3d33.638183!4d-112.328104!16s%2Fg%2F11b6dqj87c!19sChIJy6VBkDdbK4cRCQ1S0NVASXo?authuser=0&hl=en&rclk=1
"Morris Law Firm, PLLC","https://www.google.com/maps/place/Morris+Law+Firm,+PLLC/data=!4m7!3m6!1s0x872b5b3462edddbd:0x733a9bf2ccf9f328!8m2!3d33.6477127!4d-112.3626952!16s%2Fg%2F1tfsng8n!19sChIJvd3tYjRbK4cRKPP5zPKbOnM?authuser=0&hl=en&rclk=1"
Lawyers Title of Arizona,https://www.google.com/maps/place/Lawyers+Title+of+Arizona/data=!4m7!3m6!1s0x872b452a425380d9:0x2b6a2b2ace3e5b11!8m2!3d33.6373593!4d-112.3902114!16s%2Fg%2F1260mrj96!19sChIJ2YBTQipFK4cREVs-ziorais?authuser=0&hl=en&rclk=1
Miller Law Offices,https://www.google.com/maps/place/Miller+Law+Offices/data=!4m7!3m6!1s0x872b42dded67e11b:0x6ded584a9d541761!8m2!3d33.6402433!4d-112.279724!16s%2Fg%2F1hc76gp9l!19sChIJG-Fn7d1CK4cRYRdUnUpY7W0?authuser=0&hl=en&rclk=1
Reategui Law Firm,https://www.google.com/maps/place/Reategui+Law+Firm/data=!4m7!3m6!1s0x872b42e70bcef227:0x2041493b75f98f35!8m2!3d33.6386045!4d-112.279867!16s%2Fg%2F1tfbcmf4!19sChIJJ_LOC-dCK4cRNY_5dTtJQSA?authuser=0&hl=en&rclk=1
CooleyLaw PC,https://www.google.com/maps/place/CooleyLaw+PC/data=!4m7!3m6!1s0x872b43c13d925f29:0xa86a49244166cb1!8m2!3d33.6371284!4d-112.2718299!16s%2Fg%2F12632y_sn!19sChIJKV-SPcFDK4cRsWwWRJKkhgo?authuser=0&hl=en&rclk=1
Mahoney Law Office,https://www.google.com/maps/place/Mahoney+Law+Office/data=!4m7!3m6!1s0x872b4760da93acc5:0xa2dd13f426ed21cc!8m2!3d33.4795887!4d-112.3607399!16s%2Fg%2F1vn_zf3h!19sChIJxayT2mBHK4cRzCHtJvQT3aI?authuser=0&hl=en&rclk=1
The Gill Law Firm,https://www.google.com/maps/place/The+Gill+Law+Firm/data=!4m7!3m6!1s0x872b497a66ebd2a1:0x80b0a315541caee!8m2!3d33.4961508!4d-112.5138204!16s%2Fg%2F11clsg50m6!19sChIJodLrZnpJK4cR7spBVTEKCwg?authuser=0&hl=en&rclk=1
"Law Offices of Brelje and Associates, PC","https://www.google.com/maps/place/Law+Offices+of+Brelje+and+Associates,+PC/data=!4m7!3m6!1s0x872b4766cf505133:0x54226be0c66204b9!8m2!3d33.480916!4d-112.361681!16s%2Fg%2F1261fjdp5!19sChIJM1FQz2ZHK4cRuQRixuBrIlQ?authuser=0&hl=en&rclk=1"
Stone Law Group,https://www.google.com/maps/place/Stone+Law+Group/data=!4m7!3m6!1s0x872b5d28b626862f:0x539ae7a90ad43fbc!8m2!3d33.6697432!4d-112.2806288!16s%2Fg%2F1pty1tmxk!19sChIJL4YmtihdK4cRvD_UCqnnmlM?authuser=0&hl=en&rclk=1
Law Office of Michael S. DeFine,https://www.google.com/maps/place/Law+Office+of+Michael+S.+DeFine/data=!4m7!3m6!1s0x872b429acffa91af:0xa969b65034cda2e6!8m2!3d33.6351736!4d-112.2479488!16s%2Fg%2F1tdlvr66!19sChIJr5H6z5pCK4cR5qLNNFC2aak?authuser=0&hl=en&rclk=1
LegalShield Independent Associate,https://www.google.com/maps/place/LegalShield+Independent+Associate/data=!4m7!3m6!1s0x872b6864b526ddbd:0xfe3a8704d424ac54!8m2!3d51.2072!4d-121.9883!16s%2Fg%2F1hc0w6gsg!19sChIJvd0mtWRoK4cRVKwk1ASHOv4?authuser=0&hl=en&rclk=1
"Russell Law Firm, PLLC","https://www.google.com/maps/place/Russell+Law+Firm,+PLLC/data=!4m7!3m6!1s0x872b4557eaf12027:0x2a843f4a00b34fe7!8m2!3d33.6376831!4d-112.3903567!16s%2Fg%2F11h3df9b2k!19sChIJJyDx6ldFK4cR50-zAEo_hCo?authuser=0&hl=en&rclk=1"
Epic Accident,https://www.google.com/maps/place/Epic+Accident/data=!4m7!3m6!1s0x2d908ccf0d45ddff:0x7290146666f36b1a!8m2!3d34.1683024!4d-111.930773!16s%2Fg%2F11t6y4rmp9!19sChIJ_91FDc-MkC0RGmvzZmYUkHI?authuser=0&hl=en&rclk=1
Clark Leuthold,https://www.google.com/maps/place/Clark+Leuthold/data=!4m7!3m6!1s0x872b476cd2db01e7:0x4c43fa346c50f684!8m2!3d33.4884102!4d-112.349078!16s%2Fg%2F11d_yrwss2!19sChIJ5wHb0mxHK4cRhPZQbDT6Q0w?authuser=0&hl=en&rclk=1
Phoenix Fresh Start Bankruptcy Attorneys,https://www.google.com/maps/place/Phoenix+Fresh+Start+Bankruptcy+Attorneys/data=!4m7!3m6!1s0x872b473c1c4a6803:0xab9af407f9fcb77f!8m2!3d33.4798856!4d-112.360928!16s%2Fg%2F11h111z1f1!19sChIJA2hKHDxHK4cRf7f8-Qf0mqs?authuser=0&hl=en&rclk=1
Neeley Law,https://www.google.com/maps/place/Neeley+Law/data=!4m7!3m6!1s0x872b453d66312b15:0x93b60010b7f7e6cc!8m2!3d33.6376831!4d-112.3903567!16s%2Fg%2F11j8p90mr7!19sChIJFSsxZj1FK4cRzOb3txAAtpM?authuser=0&hl=en&rclk=1
Blumberg & Associates,https://www.google.com/maps/place/Blumberg+%26+Associates/data=!4m7!3m6!1s0x872b130373fffac1:0xb167cb9053973afa!8m2!3d33.4898408!4d-112.1001788!16s%2Fg%2F1tfzmt6c!19sChIJwfr_cwMTK4cR-jqXU5DLZ7E?authuser=0&hl=en&rclk=1
Asberec Enterprises,https://www.google.com/maps/place/Asberec+Enterprises/data=!4m7!3m6!1s0x872b452a774e0aff:0xebbe1b3561d35621!8m2!3d33.63776!4d-112.3813139!16s%2Fg%2F1td5xmgf!19sChIJ_wpOdypFK4cRIVbTYTUbvus?authuser=0&hl=en&rclk=1
Michael Robinson Injury Law,https://www.google.com/maps/place/Michael+Robinson+Injury+Law/data=!4m7!3m6!1s0x872b42a41e89223d:0xec3b487c651ed7ac!8m2!3d33.6523483!4d-112.2445025!16s%2Fg%2F1vb9dj8w!19sChIJPSKJHqRCK4cRrNceZXxIO-w?authuser=0&hl=en&rclk=1
Jenkins Law Firm PLLC,https://www.google.com/maps/place/Jenkins+Law+Firm+PLLC/data=!4m7!3m6!1s0x872b0d7890c427cf:0xdb40025d2f747e31!8m2!3d33.4936921!4d-112.0394311!16s%2Fg%2F1tdlvr46!19sChIJzyfEkHgNK4cRMX50L10CQNs?authuser=0&hl=en&rclk=1
"LAW OFFICE OF JAMES J JONES, PLLC","https://www.google.com/maps/place/LAW+OFFICE+OF+JAMES+J+JONES,+PLLC/data=!4m7!3m6!1s0x872b5de2707f1773:0x62b0ff13487dd798!8m2!3d33.7182725!4d-112.2703027!16s%2Fg%2F11hzpc61kx!19sChIJcxd_cOJdK4cRmNd9SBP_sGI?authuser=0&hl=en&rclk=1"
Browne Law Group,https://www.google.com/maps/place/Browne+Law+Group/data=!4m7!3m6!1s0x872b4571d74293e7:0x6c372a9bddb338e!8m2!3d33.6373946!4d-112.3908923!16s%2Fg%2F11sj5gbd66!19sChIJ55NC13FFK4cRjjPbvalywwY?authuser=0&hl=en&rclk=1
"Egan Law Firm, PLLC","https://www.google.com/maps/place/Egan+Law+Firm,+PLLC/data=!4m7!3m6!1s0x872b5b251e4e8d1d:0xd1fda7a185fcb249!8m2!3d33.656428!4d-112.3712462!16s%2Fg%2F11h1mdqp6n!19sChIJHY1OHiVbK4cRSbL8haGn_dE?authuser=0&hl=en&rclk=1"
Law Offices of Stacie B. Robb,https://www.google.com/maps/place/Law+Offices+of+Stacie+B.+Robb/data=!4m7!3m6!1s0x872b456d1790badd:0x899f941ec0956ca6!8m2!3d33.6376856!4d-112.3904448!16s%2Fg%2F11k3msppdk!19sChIJ3bqQF21FK4cRpmyVwB6Un4k?authuser=0&hl=en&rclk=1
Bankruptcy Law Offices of Nicholas Fuerst -Surprise,https://www.google.com/maps/place/Bankruptcy+Law+Offices+of+Nicholas+Fuerst+-Surprise/data=!4m7!3m6!1s0x872b439eb8d7510b:0xcb90900ed1952c5c!8m2!3d33.6383341!4d-112.322977!16s%2Fg%2F11fsh178b_!19sChIJC1HXuJ5DK4cRXCyV0Q6QkMs?authuser=0&hl=en&rclk=1
Blischak Law Offices,https://www.google.com/maps/place/Blischak+Law+Offices/data=!4m7!3m6!1s0x872b475d4934d6fb:0x31dc14ee8a10b211!8m2!3d33.274751!4d-111.891768!16s%2Fg%2F11f7kl26x0!19sChIJ-9Y0SV1HK4cREbIQiu4U3DE?authuser=0&hl=en&rclk=1
"Sharon Ravenscroft, Esq., The Cavanagh Law Firm, P.A.","https://www.google.com/maps/place/Sharon+Ravenscroft,+Esq.,+The+Cavanagh+Law+Firm,+P.A./data=!4m7!3m6!1s0x872b43b277a290e3:0x61a977822399ae04!8m2!3d33.605261!4d-112.290049!16s%2Fg%2F11xbczb2r!19sChIJ45Cid7JDK4cRBK6ZI4J3qWE?authuser=0&hl=en&rclk=1"
Surprise DUI Lawyer,https://www.google.com/maps/place/Surprise+DUI+Lawyer/data=!4m7!3m6!1s0x872b456b9a97c41f:0x4d749a65e9ef8796!8m2!3d33.6376831!4d-112.3903567!16s%2Fg%2F11n5rnt6wp!19sChIJH8SXmmtFK4cRlofv6WWadE0?authuser=0&hl=en&rclk=1
Dana Whiting Law,https://www.google.com/maps/place/Dana+Whiting+Law/data=!4m7!3m6!1s0x872b43409cb35365:0xb327e81b38b01451!8m2!3d33.63819!4d-112.3281756!16s%2Fg%2F11ft3jn56j!19sChIJZVOznEBDK4cRURSwOBvoJ7M?authuser=0&hl=en&rclk=1
The Law Office of Joel L. Brand,https://www.google.com/maps/place/The+Law+Office+of+Joel+L.+Brand/data=!4m7!3m6!1s0x872b4380badb5685:0x5cbcc50faa4b65df!8m2!3d33.5831661!4d-112.2719617!16s%2Fg%2F11q94xqtzk!19sChIJhVbbuoBDK4cR32VLqg_FvFw?authuser=0&hl=en&rclk=1
Michael Sokol - Independent Consultant of LegalShield,https://www.google.com/maps/place/Michael+Sokol+-+Independent+Consultant+of+LegalShield/data=!4m7!3m6!1s0x872b45422385669d:0xa402d124b74de60b!8m2!3d33.6198208!4d-112.373057!16s%2Fg%2F11kgkbz22b!19sChIJnWaFI0JFK4cRC-ZNtyTRAqQ?authuser=0&hl=en&rclk=1
"LL Estate Planning, LLC","https://www.google.com/maps/place/LL+Estate+Planning,+LLC/data=!4m7!3m6!1s0x872b5b1d62ac9e4f:0xe9e3fcc825660e5e!8m2!3d33.6401505!4d-112.3895589!16s%2Fg%2F11gy3lfym0!19sChIJT56sYh1bK4cRXg5mJcj84-k?authuser=0&hl=en&rclk=1"
"Jennings, Strouss & Salmon, PLC","https://www.google.com/maps/place/Jennings,+Strouss+%26+Salmon,+PLC/data=!4m7!3m6!1s0x872b682838933d77:0xa23bf38136ba96ac!8m2!3d33.6349504!4d-112.2515522!16s%2Fg%2F1tkc2kvt!19sChIJdz2TOChoK4cRrJa6NoHzO6I?authuser=0&hl=en&rclk=1"
Law Office,https://www.google.com/maps/place/Law+Office/data=!4m7!3m6!1s0x872b42e8e245f4f9:0x1b82a76679bcbf1d!8m2!3d33.6374705!4d-112.2712868!16s%2Fg%2F11h6505h1y!19sChIJ-fRF4uhCK4cRHb-8eWanghs?authuser=0&hl=en&rclk=1
Stewart Law Group,https://www.google.com/maps/place/Stewart+Law+Group/data=!4m7!3m6!1s0x872b452c982804cd:0x3d8feaac359b3c7a!8m2!3d33.6376856!4d-112.3904448!16s%2Fg%2F11mw_vkyjc!19sChIJzQQomCxFK4cRejybNazqjz0?authuser=0&hl=en&rclk=1
THE CAVANAGH LAW FIRM,https://www.google.com/maps/place/THE+CAVANAGH+LAW+FIRM/data=!4m7!3m6!1s0x872b43b2767e3f49:0x6709da29d2da2009!8m2!3d33.6054455!4d-112.2901101!16s%2Fg%2F1pp2vm47h!19sChIJST9-drJDK4cRCSDa0inaCWc?authuser=0&hl=en&rclk=1
Jeffrey R Gill PLLC,https://www.google.com/maps/place/Jeffrey+R+Gill+PLLC/data=!4m7!3m6!1s0x872b497a6129f501:0xd5080385e289e3e!8m2!3d33.4961149!4d-112.5138465!16s%2Fg%2F1vd3w7zh!19sChIJAfUpYXpJK4cRPp4oXjiAUA0?authuser=0&hl=en&rclk=1
The Law Offices of Ashley and McPhillips,https://www.google.com/maps/place/The+Law+Offices+of+Ashley+and+McPhillips/data=!4m7!3m6!1s0x80cddde454418411:0xc6eaa101b3fb5578!8m2!3d35.2098378!4d-114.0355602!16s%2Fg%2F11j9cc0klr!19sChIJEYRBVOTdzYAReFX7swGh6sY?authuser=0&hl=en&rclk=1
Fite Law Group,https://www.google.com/maps/place/Fite+Law+Group/data=!4m7!3m6!1s0x872b455e8d576b1b:0xb8648acbf4a4a910!8m2!3d33.6376856!4d-112.3904448!16s%2Fg%2F11s_t2fx8_!19sChIJG2tXjV5FK4cREKmk9MuKZLg?authuser=0&hl=en&rclk=1
Wayne Howell,https://www.google.com/maps/place/Wayne+Howell/data=!4m7!3m6!1s0x872b5d2f34a1bf49:0xab05420d398d4379!8m2!3d33.6695898!4d-112.2808809!16s%2Fg%2F1hc1m522k!19sChIJSb-hNC9dK4cReUONOQ1CBas?authuser=0&hl=en&rclk=1
Jet Probate,https://www.google.com/maps/place/Jet+Probate/data=!4m7!3m6!1s0x872b434048f2532d:0x811b503fa5ce3992!8m2!3d33.6231533!4d-112.2389045!16s%2Fg%2F11tt23hz18!19sChIJLVPySEBDK4cRkjnOpT9QG4E?authuser=0&hl=en&rclk=1
Farley & Holmes PLLC - attorneys at law,https://www.google.com/maps/place/Farley+%26+Holmes+PLLC+-+attorneys+at+law/data=!4m7!3m6!1s0x872b426823cd4493:0x2fd59041d1766d31!8m2!3d33.6092068!4d-112.2612215!16s%2Fg%2F12649jftd!19sChIJk0TNI2hCK4cRMW120UGQ1S8?authuser=0&hl=en&rclk=1
Your Arizona Lawyer,https://www.google.com/maps/place/Your+Arizona+Lawyer/data=!4m7!3m6!1s0x872b13d33c4fffc5:0xf341fc3aca5e14e4!8m2!3d33.5313469!4d-112.055977!16s%2Fg%2F11swxw42nb!19sChIJxf9PPNMTK4cR5BReyjr8QfM?authuser=0&hl=en&rclk=1
dioguardi law firm,https://www.google.com/maps/place/dioguardi+law+firm/data=!4m7!3m6!1s0x872b73a3d5955555:0xc7440e779911a249!8m2!3d33.7076698!4d-112.2732832!16s%2Fg%2F11d_bky4mv!19sChIJVVWV1aNzK4cRSaIRmXcORMc?authuser=0&hl=en&rclk=1
Thompson Carol A,https://www.google.com/maps/place/Thompson+Carol+A/data=!4m7!3m6!1s0x872b5b0e0e1d9593:0xddadaf5820a5fc85!8m2!3d33.6775121!4d-112.3641735!16s%2Fg%2F1thpx95t!19sChIJk5UdDg5bK4cRhfylIFivrd0?authuser=0&hl=en&rclk=1
"Signature Law Group, PLLC","https://www.google.com/maps/place/Signature+Law+Group,+PLLC/data=!4m7!3m6!1s0x872d2906c6be1547:0xdfe130dfdf66a017!8m2!3d34.5420784!4d-112.4623705!16s%2Fg%2F11t321jlgm!19sChIJRxW-xgYpLYcRF6Bm398w4d8?authuser=0&hl=en&rclk=1"
All Rise Legal Document Preparation,https://www.google.com/maps/place/All+Rise+Legal+Document+Preparation/data=!4m7!3m6!1s0x872b45e0daaf8237:0x44dbce802977430d!8m2!3d33.6376855!4d-112.3904449!16s%2Fg%2F11rz9gq94m!19sChIJN4Kv2uBFK4cRDUN3KYDO20Q?authuser=0&hl=en&rclk=1
