"Law Office of Jeremy J Waite, PC","https://www.google.com/maps/place/Law+Office+of+Jeremy+J+Waite,+PC/data=!4m7!3m6!1s0x86d7fc7d18c4845f:0x57e1f7021ba11a1a!8m2!3d32.8330552!4d-109.7123145!16s%2Fg%2F1vhkk_6l!19sChIJX4TEGH3814YRGhqhGwL34Vc?authuser=0&hl=en&rclk=1"
"Doug Newborn Law Firm, PLLC","https://www.google.com/maps/place/Doug+Newborn+Law+Firm,+PLLC/data=!4m7!3m6!1s0x86d670e049920e53:0x6fab3964b45d8efa!8m2!3d32.3395843!4d-110.9781494!16s%2Fg%2F11c43cdmsk!19sChIJUw6SSeBw1oYR-o5dtGQ5q28?authuser=0&hl=en&rclk=1"
Channen Day â€“ Attorney at Law,https://www.google.com/maps/place/Channen+Day+%E2%80%93+Attorney+at+Law/data=!4m7!3m6!1s0x86d7fc90423543f5:0x2c4b9bf1ed9bcc5!8m2!3d32.8347473!4d-109.729187!16s%2Fg%2F1hc4q141g!19sChIJ9UM1QpD814YRxbzZHr-5xAI?authuser=0&hl=en&rclk=1
"Fleishman Law, PLC","https://www.google.com/maps/place/Fleishman+Law,+PLC/data=!4m7!3m6!1s0x86d67348739c2d8d:0x1feb0a56f954498f!8m2!3d32.3364105!4d-110.9761581!16s%2Fg%2F11cntj9bf_!19sChIJjS2cc0hz1oYRj0lU-VYK6x8?authuser=0&hl=en&rclk=1"
Pima County Bar Association,https://www.google.com/maps/place/Pima+County+Bar+Association/data=!4m7!3m6!1s0x86d6711f954ce46f:0x751943adabafce9!8m2!3d32.223954!4d-110.973406!16s%2Fg%2F1vq7595v!19sChIJb-RMlR9x1oYR6fy62jqUUQc?authuser=0&hl=en&rclk=1
"Law Office of Carlos A. Medina, PLLC","https://www.google.com/maps/place/Law+Office+of+Carlos+A.+Medina,+PLLC/data=!4m7!3m6!1s0x89c260bd9742f8df:0xbb0d29b41cd4b015!8m2!3d32.2231013!4d-110.9712902!16s%2Fg%2F11gbx8_4xw!19sChIJ3_hCl71gwokRFbDUHLQpDbs?authuser=0&hl=en&rclk=1"
Rockafellow Law Firm,https://www.google.com/maps/place/Rockafellow+Law+Firm/data=!4m7!3m6!1s0x86d6704eff558103:0x29adbe2d1feb5b92!8m2!3d32.2212018!4d-110.9357649!16s%2Fg%2F1tlgyc_m!19sChIJA4FV_05w1oYRklvrHy2-rSk?authuser=0&hl=en&rclk=1
Hollingsworth Kelly Law Firm,https://www.google.com/maps/place/Hollingsworth+Kelly+Law+Firm/data=!4m7!3m6!1s0x86d6718750e0801b:0xd88a02478bae27a3!8m2!3d32.2707161!4d-110.9440734!16s%2Fg%2F1vknpv0p!19sChIJG4DgUIdx1oYRoyeui0cCitg?authuser=0&hl=en&rclk=1
Your Arizona Lawyer,https://www.google.com/maps/place/Your+Arizona+Lawyer/data=!4m7!3m6!1s0x86d66f85c5102193:0x262253b68e91e5c!8m2!3d32.2221694!4d-110.8789015!16s%2Fg%2F11ftwsyt4c!19sChIJkyEQxYVv1oYRXB7paDslYgI?authuser=0&hl=en&rclk=1
Moore Law Firm,https://www.google.com/maps/place/Moore+Law+Firm/data=!4m7!3m6!1s0x86d66e1bbecce043:0xc0b9bede4947ce12!8m2!3d32.2647778!4d-110.8951598!16s%2Fg%2F1ptw79zzc!19sChIJQ-DMvhtu1oYREs5HSd6-ucA?authuser=0&hl=en&rclk=1
Griffith Law Office,https://www.google.com/maps/place/Griffith+Law+Office/data=!4m7!3m6!1s0x86d7fc8666a0c39f:0xec0abd3948d705f1!8m2!3d32.8326081!4d-109.7163755!16s%2Fg%2F11b5vtj04z!19sChIJn8OgZob814YR8QXXSDm9Cuw?authuser=0&hl=en&rclk=1
"Law Office of Jessica C. Graves, PLLC","https://www.google.com/maps/place/Law+Office+of+Jessica+C.+Graves,+PLLC/data=!4m7!3m6!1s0x86d67374a310e0d3:0xebe10756e1fdf1ed!8m2!3d32.3416857!4d-110.976277!16s%2Fg%2F11hdjbr7bv!19sChIJ0-AQo3Rz1oYR7fH94VYH4es?authuser=0&hl=en&rclk=1"
Zanes Law Injury Lawyers,https://www.google.com/maps/place/Zanes+Law+Injury+Lawyers/data=!4m7!3m6!1s0x86d671cc34c68cf3:0x15d0e35719f53b41!8m2!3d32.2503273!4d-110.8949207!16s%2Fg%2F11xw4s1qd!19sChIJ84zGNMxx1oYRQTv1GVfj0BU?authuser=0&hl=en&rclk=1
J Grant Walker PLLC,https://www.google.com/maps/place/J+Grant+Walker+PLLC/data=!4m7!3m6!1s0x86d7fc8f9b3815af:0xd0973a83ebc37341!8m2!3d32.8351929!4d-109.7207251!16s%2Fg%2F11b6212jgm!19sChIJrxU4m4_814YRQXPD64M6l9A?authuser=0&hl=en&rclk=1
The Law Offices of Richard Bock,https://www.google.com/maps/place/The+Law+Offices+of+Richard+Bock/data=!4m7!3m6!1s0x86d6711fd53e966d:0xd1a03426b02d25f7!8m2!3d32.2231645!4d-110.971146!16s%2Fg%2F1pp2x8z3c!19sChIJbZY-1R9x1oYR9yUtsCY0oNE?authuser=0&hl=en&rclk=1
The Law Office of Reagen Kulseth,https://www.google.com/maps/place/The+Law+Office+of+Reagen+Kulseth/data=!4m7!3m6!1s0x86d67186c65bbe85:0xb4a7733fa4754bae!8m2!3d32.2675022!4d-110.9444714!16s%2Fg%2F1tgnb1b_!19sChIJhb5bxoZx1oYRrkt1pD9zp7Q?authuser=0&hl=en&rclk=1
Southern Arizona Legal Aid Inc,https://www.google.com/maps/place/Southern+Arizona+Legal+Aid+Inc/data=!4m7!3m6!1s0x86d6704e411f828b:0x2e424bb849d00a48!8m2!3d32.2217823!4d-110.9370318!16s%2Fg%2F1thffwxb!19sChIJi4IfQU5w1oYRSArQSbhLQi4?authuser=0&hl=en&rclk=1
"Benavidez Law Group, P.C.","https://www.google.com/maps/place/Benavidez+Law+Group,+P.C./data=!4m7!3m6!1s0x86d67348074555c7:0x6a1e3d2c04677cfd!8m2!3d32.341686!4d-110.976277!16s%2Fg%2F1tmqm6v_!19sChIJx1VFB0hz1oYR_XxnBCw9Hmo?authuser=0&hl=en&rclk=1"
Pima County Attorney's Office,https://www.google.com/maps/place/Pima+County+Attorney%27s+Office/data=!4m7!3m6!1s0x86d670e1d1a8fe21:0x4e8c692aa829b5d5!8m2!3d32.222509!4d-110.9710069!16s%2Fg%2F1tgcsb1d!19sChIJIf6o0eFw1oYR1bUpqCppjE4?authuser=0&hl=en&rclk=1
"Ayala Law Office, P.C.","https://www.google.com/maps/place/Ayala+Law+Office,+P.C./data=!4m7!3m6!1s0x86d671e8666156f7:0xafbc9861356e26cb!8m2!3d32.2261364!4d-110.9728586!16s%2Fg%2F11h6q5dvq8!19sChIJ91ZhZuhx1oYRyyZuNWGYvK8?authuser=0&hl=en&rclk=1"
Litwak Law Group,https://www.google.com/maps/place/Litwak+Law+Group/data=!4m7!3m6!1s0x872b132cc3afa74b:0x17fce2ca3a003f94!8m2!3d33.4485711!4d-112.0721355!16s%2Fg%2F11fnb0wcjf!19sChIJS6evwywTK4cRlD8AOsri_Bc?authuser=0&hl=en&rclk=1
Law Office Of Lowell A Jensen Plc,https://www.google.com/maps/place/Law+Office+Of+Lowell+A+Jensen+Plc/data=!4m7!3m6!1s0x86d7fc87bc4226d5:0x962073bc750f83e5!8m2!3d32.8337563!4d-109.7126865!16s%2Fg%2F1tplqr_w!19sChIJ1SZCvIf814YR5YMPdbxzIJY?authuser=0&hl=en&rclk=1
Pima County Public Defender,https://www.google.com/maps/place/Pima+County+Public+Defender/data=!4m7!3m6!1s0x86d6711f954ce46f:0x95ba3b3701b5cfa1!8m2!3d32.222389!4d-110.971785!16s%2Fg%2F1td6gy61!19sChIJb-RMlR9x1oYRoc-1ATc7upU?authuser=0&hl=en&rclk=1
Cheryl a Wall PC,https://www.google.com/maps/place/Cheryl+a+Wall+PC/data=!4m7!3m6!1s0x86d7faf19990d3bd:0x7fa055f46611878d!8m2!3d32.7648418!4d-109.7210815!16s%2Fg%2F1tdftl99!19sChIJvdOQmfH614YRjYcRZvRVoH8?authuser=0&hl=en&rclk=1
"Larson & Simpson, PLC Attorneys at Law","https://www.google.com/maps/place/Larson+%26+Simpson,+PLC+Attorneys+at+Law/data=!4m7!3m6!1s0x86d7fc8666a0c39f:0x64dd4f9f4f8d1b02!8m2!3d32.8326081!4d-109.7163755!16s%2Fg%2F11bbycrr6l!19sChIJn8OgZob814YRAhuNT59P3WQ?authuser=0&hl=en&rclk=1"
Step Up To Justice,https://www.google.com/maps/place/Step+Up+To+Justice/data=!4m7!3m6!1s0x86d671683db805b7:0x932592bd95dbe947!8m2!3d31.9701009!4d-111.8908745!16s%2Fg%2F11jmzkxb9b!19sChIJtwW4PWhx1oYRR-nblb2SJZM?authuser=0&hl=en&rclk=1
"Gillespie, Shields, Durrant & Goldfarb","https://www.google.com/maps/place/Gillespie,+Shields,+Durrant+%26+Goldfarb/data=!4m7!3m6!1s0x86d7fc867a889909:0x4b11c2e04431723c!8m2!3d32.832742!4d-109.716825!16s%2Fg%2F1tk6qr_y!19sChIJCZmIeob814YRPHIxRODCEUs?authuser=0&hl=en&rclk=1"
The Hallinan Law Firm,https://www.google.com/maps/place/The+Hallinan+Law+Firm/data=!4m7!3m6!1s0x86d66e35e9707d49:0xb654956831ab9d27!8m2!3d32.2430903!4d-110.8804029!16s%2Fg%2F11bws8wyl4!19sChIJSX1w6TVu1oYRJ52rMWiVVLY?authuser=0&hl=en&rclk=1
Pima County Legal Defender,https://www.google.com/maps/place/Pima+County+Legal+Defender/data=!4m7!3m6!1s0x86d670e1d1a8fe21:0xb8410232dbc7a22!8m2!3d32.2225063!4d-110.97171!16s%2Fg%2F1tk8ckct!19sChIJIf6o0eFw1oYRInq8LSMQhAs?authuser=0&hl=en&rclk=1
"Law Office of Michael A. Johnson, P.C.","https://www.google.com/maps/place/Law+Office+of+Michael+A.+Johnson,+P.C./data=!4m7!3m6!1s0x86d6711f954ce46f:0x7e5bb5ab5df76346!8m2!3d32.223954!4d-110.973406!16s%2Fg%2F1vg_7r3x!19sChIJb-RMlR9x1oYRRmP3Xau1W34?authuser=0&hl=en&rclk=1"
Gaxiola Law Group,https://www.google.com/maps/place/Gaxiola+Law+Group/data=!4m7!3m6!1s0x872b71e063644e2b:0x94e3bea86c4a19c5!8m2!3d33.448543!4d-112.074158!16s%2Fg%2F1td59249!19sChIJK05kY-BxK4cRxRlKbKi-45Q?authuser=0&hl=en&rclk=1
"Johnson, Rebecca R, Law Office Of","https://www.google.com/maps/place/Johnson,+Rebecca+R,+Law+Office+Of/data=!4m7!3m6!1s0x86d7fc8666a0c39f:0x565653d96e3c486a!8m2!3d32.8326081!4d-109.7163755!16s%2Fg%2F11ckvld6q0!19sChIJn8OgZob814YRakg8btlTVlY?authuser=0&hl=en&rclk=1"
"Kimberly S. Earp, Attorney","https://www.google.com/maps/place/Kimberly+S.+Earp,+Attorney/data=!4m7!3m6!1s0x86d7fd6810bf684d:0x4638817143b552ed!8m2!3d32.8330302!4d-109.7123077!16s%2Fg%2F11h_k77pvd!19sChIJTWi_EGj914YR7VK1Q3GBOEY?authuser=0&hl=en&rclk=1"
Roderick Law PLLC,https://www.google.com/maps/place/Roderick+Law+PLLC/data=!4m7!3m6!1s0x86d7e31a1982ec27:0xad211e00efc0cbf0!8m2!3d33.038753!4d-109.786158!16s%2Fg%2F11rb9kbcj0!19sChIJJ-yCGRrj14YR8MvA7wAeIa0?authuser=0&hl=en&rclk=1
Pima County Law Library,https://www.google.com/maps/place/Pima+County+Law+Library/data=!4m7!3m6!1s0x86d6706475112b7f:0x64f05ca516489dba!8m2!3d32.222129!4d-110.9727574!16s%2Fg%2F1tg5vhcq!19sChIJfysRdWRw1oYRup1IFqVc8GQ?authuser=0&hl=en&rclk=1
Bache & Lynch,https://www.google.com/maps/place/Bache+%26+Lynch/data=!4m7!3m6!1s0x86d66fc6d083388d:0x99e301b205b34250!8m2!3d32.2226557!4d-110.8826306!16s%2Fg%2F11c6_mngmp!19sChIJjTiD0MZv1oYRUEKzBbIB45k?authuser=0&hl=en&rclk=1
Lopez Josi Y,https://www.google.com/maps/place/Lopez+Josi+Y/data=!4m7!3m6!1s0x86d7fc8763c0b26d:0xb3f12cb4a4c4a520!8m2!3d32.8320457!4d-109.7117565!16s%2Fg%2F1tglhrvn!19sChIJbbLAY4f814YRIKXEpLQs8bM?authuser=0&hl=en&rclk=1
Law Office of Stephen K. Lundell PLC,https://www.google.com/maps/place/Law+Office+of+Stephen+K.+Lundell+PLC/data=!4m7!3m6!1s0x86d7fc7d18c4845f:0x49bd91e8657a911b!8m2!3d32.83464!4d-109.709011!16s%2Fg%2F11bbs2_hmf!19sChIJX4TEGH3814YRG5F6ZeiRvUk?authuser=0&hl=en&rclk=1
"Osborn Maledon, P.A.","https://www.google.com/maps/place/Osborn+Maledon,+P.A./data=!4m7!3m6!1s0x872b125dd0fb80df:0x368ef18f2da7447!8m2!3d33.4817022!4d-112.0733954!16s%2Fg%2F1tcxq3xy!19sChIJ34D70F0SK4cRR3Ta8hjvaAM?authuser=0&hl=en&rclk=1"
Walker J Grant,https://www.google.com/maps/place/Walker+J+Grant/data=!4m7!3m6!1s0x872ba7c28900eb87:0x2add942a9539ca92!8m2!3d32.835461!4d-109.7205222!16s%2Fg%2F1tf87kd9!19sChIJh-sAicKnK4cRkso5lSqU3So?authuser=0&hl=en&rclk=1
Curl & Abraham,https://www.google.com/maps/place/Curl+%26+Abraham/data=!4m7!3m6!1s0x86d670e764f9dba9:0x7da8f69510662fb7!8m2!3d32.2151752!4d-110.9739916!16s%2Fg%2F1vl5h6r1!19sChIJqdv5ZOdw1oYRty9mEJX2qH0?authuser=0&hl=en&rclk=1
"Law Office of Michael D. Peterson, P.C.","https://www.google.com/maps/place/Law+Office+of+Michael+D.+Peterson,+P.C./data=!4m7!3m6!1s0x86d7fc7d16d455df:0x1b383c17f063a1dc!8m2!3d32.8340928!4d-109.7095621!16s%2Fg%2F1tdnlkpd!19sChIJ31XUFn3814YR3KFj8Bc8OBs?authuser=0&hl=en&rclk=1"
Pima County Legal Advocate,https://www.google.com/maps/place/Pima+County+Legal+Advocate/data=!4m7!3m6!1s0x86d670e02c880f9d:0xbfa60a5aab0378a7!8m2!3d32.2225063!4d-110.97171!16s%2Fg%2F11hb3x0d3p!19sChIJnQ-ILOBw1oYRp3gDq1oKpr8?authuser=0&hl=en&rclk=1
Riggs Ellsworth & Porter,https://www.google.com/maps/place/Riggs+Ellsworth+%26+Porter/data=!4m7!3m6!1s0x86d7fdd8ab1e5e47:0x5265a7f85a58aa25!8m2!3d32.8327735!4d-109.7167471!16s%2Fg%2F11h02bkprz!19sChIJR14eq9j914YRJapYWvinZVI?authuser=0&hl=en&rclk=1
Riddle Don,https://www.google.com/maps/place/Riddle+Don/data=!4m7!3m6!1s0x86d7fc8776d07241:0x13d1d2b31b4c7662!8m2!3d32.8325667!4d-109.7126644!16s%2Fg%2F1tfz0kf4!19sChIJQXLQdof814YRYnZMG7PS0RM?authuser=0&hl=en&rclk=1
Claire Cordon PLLC,https://www.google.com/maps/place/Claire+Cordon+PLLC/data=!4m7!3m6!1s0x86d61a84b4d0e779:0x66dc994fe6b7c938!8m2!3d46.423669!4d-129.9427086!16s%2Fg%2F11bwdd3f9d!19sChIJeefQtIQa1oYROMm35k-Z3GY?authuser=0&hl=en&rclk=1
Johnson Rebecca,https://www.google.com/maps/place/Johnson+Rebecca/data=!4m7!3m6!1s0x86d7fc87769e065f:0xfb8b3477e6d6a2ad!8m2!3d32.8325667!4d-109.7126644!16s%2Fg%2F12643879t!19sChIJXwaedof814YRraLW5nc0i_s?authuser=0&hl=en&rclk=1
Pima County Office of Court Appointed Counsel,https://www.google.com/maps/place/Pima+County+Office+of+Court+Appointed+Counsel/data=!4m7!3m6!1s0x86d670e1d33c41bd:0xd1e0f38ae2aaf1fd!8m2!3d32.2225063!4d-110.97171!16s%2Fg%2F11b7kh8wkb!19sChIJvUE80-Fw1oYR_fGq4orz4NE?authuser=0&hl=en&rclk=1
Graham County Attorney,https://www.google.com/maps/place/Graham+County+Attorney/data=!4m7!3m6!1s0x86d7fc86731bc459:0xa7677f06777ca4f0!8m2!3d32.833317!4d-109.7164484!16s%2Fm%2F06wbgfr!19sChIJWcQbc4b814YR8KR8dwZ_Z6c?authuser=0&hl=en&rclk=1
Gravina Law,https://www.google.com/maps/place/Gravina+Law/data=!4m7!3m6!1s0x86d673d6fd103729:0x510cdbb63bc77eab!8m2!3d32.2716117!4d-110.9592112!16s%2Fg%2F11csb1pr8j!19sChIJKTcQ_dZz1oYRq37HO7bbDFE?authuser=0&hl=en&rclk=1
United States Bankruptcy Court - District of Arizona - Tucson,https://www.google.com/maps/place/United+States+Bankruptcy+Court+-+District+of+Arizona+-+Tucson/data=!4m7!3m6!1s0x86d670e197a6536d:0xad598a9f0c28e42d!8m2!3d32.2214004!4d-110.9699153!16s%2Fg%2F1tnbll3p!19sChIJbVOml-Fw1oYRLeQoDJ-KWa0?authuser=0&hl=en&rclk=1
Pima Police Office,https://www.google.com/maps/place/Pima+Police+Office/data=!4m7!3m6!1s0x87281d8b4970b9c3:0x626041adf1103998!8m2!3d32.896508!4d-109.830162!16s%2Fg%2F1td5gl9m!19sChIJw7lwSYsdKIcRmDkQ8a1BYGI?authuser=0&hl=en&rclk=1
Pima County Public Defense Services,https://www.google.com/maps/place/Pima+County+Public+Defense+Services/data=!4m7!3m6!1s0x86d670e02c880f9d:0x425e2a8a975110dc!8m2!3d32.222495!4d-110.9718227!16s%2Fg%2F11dxqckgjw!19sChIJnQ-ILOBw1oYR3BBRl4oqXkI?authuser=0&hl=en&rclk=1
Safford Attorney,https://www.google.com/maps/place/Safford+Attorney/data=!4m7!3m6!1s0x86d7fc86937cb15b:0xe3eba8d8da9c320!8m2!3d32.8305018!4d-109.7167307!16s%2Fg%2F1thlzwys!19sChIJW7F8k4b814YRIMOpjY26Pg4?authuser=0&hl=en&rclk=1
