"The Carroll Law Firm, PLC","https://www.google.com/maps/place/The+Carroll+Law+Firm,+PLC/data=!4m7!3m6!1s0x872c9de2b3737bed:0x8cfa05c4e685bda2!8m2!3d33.867186!4d-112.1413632!16s%2Fg%2F1tf_hwt3!19sChIJ7Xtzs-KdLIcRor2F5sQF-ow?authuser=0&hl=en&rclk=1"
"Law Office of John E. Perry Jr., LLC","https://www.google.com/maps/place/Law+Office+of+John+E.+Perry+Jr.,+LLC/data=!4m7!3m6!1s0x872c9df547f7ba97:0x5e081279b802a8fd!8m2!3d33.86193!4d-112.119976!16s%2Fg%2F11r94tws9!19sChIJl7r3R_WdLIcR_agCuHkSCF4?authuser=0&hl=en&rclk=1"
Anthem Law,https://www.google.com/maps/place/Anthem+Law/data=!4m7!3m6!1s0x872b6f7ef13b305b:0xc4fcf636ba43d0d1!8m2!3d33.8680085!4d-112.1401339!16s%2Fg%2F12hs2z2q5!19sChIJWzA78X5vK4cR0dBDujb2_MQ?authuser=0&hl=en&rclk=1
Law Office Of Florence M Bruemmer PC,https://www.google.com/maps/place/Law+Office+Of+Florence+M+Bruemmer+PC/data=!4m7!3m6!1s0x872c9dfd49321e53:0xa6fc24b483611e91!8m2!3d33.866869!4d-112.141776!16s%2Fg%2F11b67gqn40!19sChIJUx4ySf2dLIcRkR5hg7Qk_KY?authuser=0&hl=en&rclk=1
Criminal Defense Attorney Steven Scharboneau,https://www.google.com/maps/place/Criminal+Defense+Attorney+Steven+Scharboneau/data=!4m7!3m6!1s0x48c81401a3a83095:0xd27312c5bc4f2640!8m2!3d33.8447106!4d-112.1346745!16s%2Fg%2F11t6llydtt!19sChIJlTCoowEUyEgRQCZPvMUSc9I?authuser=0&hl=en&rclk=1
The Garde Law Firm PLLC,https://www.google.com/maps/place/The+Garde+Law+Firm+PLLC/data=!4m7!3m6!1s0x872c9e08ebf74a17:0x7938f1c8fca4b0b1!8m2!3d33.8674621!4d-112.146955!16s%2Fg%2F1vfwdb1_!19sChIJF0r36wieLIcRsbCk_MjxOHk?authuser=0&hl=en&rclk=1
The Rooney Law Firm,https://www.google.com/maps/place/The+Rooney+Law+Firm/data=!4m7!3m6!1s0x872b63954146cb8f:0xccdcf3ab95617dd9!8m2!3d33.8666305!4d-112.1419503!16s%2Fg%2F1tg5vj40!19sChIJj8tGQZVjK4cR2X1hlavz3Mw?authuser=0&hl=en&rclk=1
Bowers Law Firm,https://www.google.com/maps/place/Bowers+Law+Firm/data=!4m7!3m6!1s0x872c9dfb390e4833:0xc01c95740d874590!8m2!3d33.8442779!4d-112.0964215!16s%2Fg%2F11c60jmfkz!19sChIJM0gOOfudLIcRkEWHDXSVHMA?authuser=0&hl=en&rclk=1
Sam Crump,https://www.google.com/maps/place/Sam+Crump/data=!4m7!3m6!1s0x872b620d5bbaaaab:0xa760b6cd78b2fc90!8m2!3d33.8680085!4d-112.1401339!16s%2Fg%2F11fx7v_j0v!19sChIJq6q6Ww1iK4cRkPyyeM22YKc?authuser=0&hl=en&rclk=1
Decker Deloney LLP,https://www.google.com/maps/place/Decker+Deloney+LLP/data=!4m7!3m6!1s0x44b025817c89601:0x26fa604fd695afcb!8m2!3d49.0138!4d-121.9883!16s%2Fg%2F11sz0qk2l_!19sChIJAZbIF1gCSwQRy6-V1k9g-iY?authuser=0&hl=en&rclk=1
Unlock Auto Doors Anthem,https://www.google.com/maps/place/Unlock+Auto+Doors+Anthem/data=!4m7!3m6!1s0x872c9e061be53a61:0x1f2077a17f20126e!8m2!3d33.8657221!4d-112.1496349!16s%2Fg%2F1tfh_1h4!19sChIJYTrlGwaeLIcRbhIgf6F3IB8?authuser=0&hl=en&rclk=1
"Jenn Wassermann, Core Law, PLC","https://www.google.com/maps/place/Jenn+Wassermann,+Core+Law,+PLC/data=!4m7!3m6!1s0x872c9d88769032f1:0x5c44885e2201c65e!8m2!3d33.6227824!4d-112.1016955!16s%2Fg%2F11r9d9s29y!19sChIJ8TKQdoidLIcRXsYBIl6IRFw?authuser=0&hl=en&rclk=1"
landis legal service,https://www.google.com/maps/place/landis+legal+service/data=!4m7!3m6!1s0xa903315716b69e47:0xe98a2dfbf441d54c!8m2!3d34.1683024!4d-111.930773!16s%2Fg%2F11rr3c6sqx!19sChIJR562FlcxA6kRTNVB9Pstiuk?authuser=0&hl=en&rclk=1
"Bearnson & Caldwell, LLC","https://www.google.com/maps/place/Bearnson+%26+Caldwell,+LLC/data=!4m7!3m6!1s0x872b7e97af2bc24b:0xcc4d284811fa5f2d!8m2!3d33.8335096!4d-111.9382647!16s%2Fg%2F11csqgw0kf!19sChIJS8Irr5d-K4cRLV_6EUgoTcw?authuser=0&hl=en&rclk=1"
"Morris Hall, PLLC","https://www.google.com/maps/place/Morris+Hall,+PLLC/data=!4m7!3m6!1s0x872b7ec6b42c8e65:0x227e543defbc2ca1!8m2!3d33.8280249!4d-111.9237949!16s%2Fg%2F11b7tn7rc9!19sChIJZY4stMZ-K4cRoSy87z1UfiI?authuser=0&hl=en&rclk=1"
Baja Legal Services,https://www.google.com/maps/place/Baja+Legal+Services/data=!4m7!3m6!1s0xa07ae7fb0736d36d:0xbf55346a418251ae!8m2!3d32.6358401!4d-116.8460104!16s%2Fg%2F11rjqt65_j!19sChIJbdM2B_vneqARrlGCQWo0Vb8?authuser=0&hl=en&rclk=1
Anthem Paralegal,https://www.google.com/maps/place/Anthem+Paralegal/data=!4m7!3m6!1s0x872c9d234dc05373:0x4137249270f00158!8m2!3d33.8590605!4d-112.1253901!16s%2Fg%2F11jmyyc6dc!19sChIJc1PATSOdLIcRWAHwcJIkN0E?authuser=0&hl=en&rclk=1
Anthem Law,https://www.google.com/maps/place/Anthem+Law/data=!4m7!3m6!1s0x872c9dfd4bffffff:0x869e9d3af6009acc!8m2!3d33.8671326!4d-112.1414845!16s%2Fg%2F11s30kl1k2!19sChIJ____S_2dLIcRzJoA9jqdnoY?authuser=0&hl=en&rclk=1
Nat Nickele's Office,https://www.google.com/maps/place/Nat+Nickele%27s+Office/data=!4m7!3m6!1s0x872b0d6f34a58b8d:0x5dccc56f39960391!8m2!3d33.7092952!4d-112.2369608!16s%2Fg%2F11clvfsfm4!19sChIJjYulNG8NK4cRkQOWOW_FzF0?authuser=0&hl=en&rclk=1
"Mazza + Niro, PLC","https://www.google.com/maps/place/Mazza+%2B+Niro,+PLC/data=!4m7!3m6!1s0x872b6736ac6fd773:0x962b24ca55d8db52!8m2!3d33.7092952!4d-112.2369608!16s%2Fg%2F11mv5qc4rl!19sChIJc9dvrDZnK4cRUtvYVcokK5Y?authuser=0&hl=en&rclk=1"
Carol Lynn deSzendeffy Law,https://www.google.com/maps/place/Carol+Lynn+deSzendeffy+Law/data=!4m7!3m6!1s0x872b7ebf133cf121:0xaead063651a77552!8m2!3d33.8290079!4d-111.9300901!16s%2Fg%2F1tvq4ll0!19sChIJIfE8E79-K4cRUnWnUTYGra4?authuser=0&hl=en&rclk=1
Grand Canyon Law Group,https://www.google.com/maps/place/Grand+Canyon+Law+Group/data=!4m7!3m6!1s0x872b07c002dfdb99:0x5e8b1daff2563a4a!8m2!3d33.4376519!4d-111.7893083!16s%2Fg%2F11c1n20ydw!19sChIJmdvfAsAHK4cRSjpW8q8di14?authuser=0&hl=en&rclk=1
Spikes Law PLLC,https://www.google.com/maps/place/Spikes+Law+PLLC/data=!4m7!3m6!1s0x872b7b85f8b15555:0x3b91bc18584abfb0!8m2!3d33.7947138!4d-111.9880898!16s%2Fg%2F11mw75hffr!19sChIJVVWx-IV7K4cRsL9KWBi8kTs?authuser=0&hl=en&rclk=1
Beebe Law PLLC,https://www.google.com/maps/place/Beebe+Law+PLLC/data=!4m7!3m6!1s0x872b63c3e9faaaab:0xc62dc63c76b73677!8m2!3d33.7997747!4d-112.1262084!16s%2Fg%2F11f63yqlb6!19sChIJq6r66cNjK4cRdza3djzGLcY?authuser=0&hl=en&rclk=1
Carol Lynn de Szendeffy Attorney,https://www.google.com/maps/place/Carol+Lynn+de+Szendeffy+Attorney/data=!4m7!3m6!1s0x872b7ebf133cf121:0xe3071041650d2798!8m2!3d33.82892!4d-111.9299978!16s%2Fg%2F11cs4gwq9r!19sChIJIfE8E79-K4cRmCcNZUEQB-M?authuser=0&hl=en&rclk=1
Anthem Paralegal Services,https://www.google.com/maps/place/Anthem+Paralegal+Services/data=!4m7!3m6!1s0x872b6332f994c3df:0x1afa29f723212935!8m2!3d33.8341476!4d-112.1422064!16s%2Fg%2F11f5_gsmx9!19sChIJ38OU-TJjK4cRNSkhI_cp-ho?authuser=0&hl=en&rclk=1
Successful Trial Attorney,https://www.google.com/maps/place/Successful+Trial+Attorney/data=!4m7!3m6!1s0x872b7c1d2055e055:0xfb4209132c310628!8m2!3d33.8185972!4d-111.9553804!16s%2Fg%2F11fct7byvd!19sChIJVeBVIB18K4cRKAYxLBMJQvs?authuser=0&hl=en&rclk=1
Raymond A Kenney Law Office,https://www.google.com/maps/place/Raymond+A+Kenney+Law+Office/data=!4m7!3m6!1s0x872b679f824f1b87:0xe0e39bfc68aeba23!8m2!3d33.712782!4d-112.215054!16s%2Fg%2F1263lysq9!19sChIJhxtPgp9nK4cRI7quaPyb4-A?authuser=0&hl=en&rclk=1
"Law Office of Jennifer Al-Imari, PLLC","https://www.google.com/maps/place/Law+Office+of+Jennifer+Al-Imari,+PLLC/data=!4m7!3m6!1s0x872b63166a577921:0x1fbdc8eee437adc8!8m2!3d33.6164644!4d-112.0139766!16s%2Fg%2F11jmyzsllh!19sChIJIXlXahZjK4cRyK035O7IvR8?authuser=0&hl=en&rclk=1"
Premier Estate Planning,https://www.google.com/maps/place/Premier+Estate+Planning/data=!4m7!3m6!1s0x872b7fe3755edb73:0x9111ebc05feba0d6!8m2!3d33.8242238!4d-111.9241836!16s%2Fg%2F11h75rvrfx!19sChIJc9tedeN_K4cR1qDrX8DrEZE?authuser=0&hl=en&rclk=1
Jonathan Laurans,https://www.google.com/maps/place/Jonathan+Laurans/data=!4m7!3m6!1s0x872b7f3b2b08cdf5:0x2ce4385300ba7301!8m2!3d33.824928!4d-111.9237721!16s%2Fg%2F11pdp1346v!19sChIJ9c0IKzt_K4cRAXO6AFM45Cw?authuser=0&hl=en&rclk=1
"Davis Miles McGuire Gardner, PLLC","https://www.google.com/maps/place/Davis+Miles+McGuire+Gardner,+PLLC/data=!4m7!3m6!1s0x872b0926745bd559:0x5c648ca4220a8070!8m2!3d33.4302779!4d-111.9395028!16s%2Fg%2F11clhrr5v4!19sChIJWdVbdCYJK4cRcIAKIqSMZFw?authuser=0&hl=en&rclk=1"
Law Office of Justin R. Davis PLLC,https://www.google.com/maps/place/Law+Office+of+Justin+R.+Davis+PLLC/data=!4m7!3m6!1s0x872b5da0fea36027:0x7a256131c6c44cf6!8m2!3d33.7092952!4d-112.2369608!16s%2Fg%2F11hdq9jyf6!19sChIJJ2Cj_qBdK4cR9kzExjFhJXo?authuser=0&hl=en&rclk=1
Arizona Legal Smart & Probate Services,https://www.google.com/maps/place/Arizona+Legal+Smart+%26+Probate+Services/data=!4m7!3m6!1s0x872b633949cd7033:0x449ed9d7f9980169!8m2!3d33.7965434!4d-112.1193572!16s%2Fg%2F11sy_g7hfk!19sChIJM3DNSTljK4cRaQGY-dfZnkQ?authuser=0&hl=en&rclk=1
Alan M Simpson PC,https://www.google.com/maps/place/Alan+M+Simpson+PC/data=!4m7!3m6!1s0x872b7ec6a2013b2b:0xbb35a5af5821aa71!8m2!3d33.8271743!4d-111.9228178!16s%2Fg%2F1xtf20sl!19sChIJKzsBosZ-K4cRcaohWK-lNbs?authuser=0&hl=en&rclk=1
Mitchell & Yearin PLC,https://www.google.com/maps/place/Mitchell+%26+Yearin+PLC/data=!4m7!3m6!1s0x872b7a180bb3a559:0x5870a8f6f03f2e56!8m2!3d33.7411217!4d-111.9629298!16s%2Fg%2F1262z6n06!19sChIJWaWzCxh6K4cRVi4_8PaocFg?authuser=0&hl=en&rclk=1
