"McDermott Law Firm, PLLC.","https://www.google.com/maps/place/McDermott+Law+Firm,+PLLC./data=!4m7!3m6!1s0x872b00b4a2c513d3:0xf947b1608b79d8d7!8m2!3d33.0349807!4d-111.3872396!16s%2Fg%2F1pt_n38xh!19sChIJ0xPForQAK4cR19h5i2CxR_k?authuser=0&hl=en&rclk=1"
"Ritter Law Group, LLC","https://www.google.com/maps/place/Ritter+Law+Group,+LLC/data=!4m7!3m6!1s0x872a3e9899005dd9:0x3492e6ac09e70a06!8m2!3d33.0338319!4d-111.3877719!16s%2Fg%2F11ckr9h_wh!19sChIJ2V0AmZg-KocRBgrnCazmkjQ?authuser=0&hl=en&rclk=1"
Villarreal Michael A,https://www.google.com/maps/place/Villarreal+Michael+A/data=!4m7!3m6!1s0x872a3ea24af531a7:0x6945a3d9cea85cbf!8m2!3d33.0270191!4d-111.3879031!16s%2Fg%2F1tdm8ss1!19sChIJpzH1SqI-KocRv1yoztmjRWk?authuser=0&hl=en&rclk=1
Canyon State Law in Florence - Criminal Defense Lawyer DUI Attorney,https://www.google.com/maps/place/Canyon+State+Law+in+Florence+-+Criminal+Defense+Lawyer+DUI+Attorney/data=!4m7!3m6!1s0x872a4713595e4b4b:0x5797773b80faf082!8m2!3d33.061955!4d-111.4836317!16s%2Fg%2F11qn6vb3sk!19sChIJS0teWRNHKocRgvD6gDt3l1c?authuser=0&hl=en&rclk=1
"Weagant Law Offices, PLC","https://www.google.com/maps/place/Weagant+Law+Offices,+PLC/data=!4m7!3m6!1s0x872a3f88efb51b97:0xe717e15c7cc382!8m2!3d33.0343049!4d-111.3866465!16s%2Fg%2F11qbv73f8l!19sChIJlxu174g_KocRgsN8XOEX5wA?authuser=0&hl=en&rclk=1"
Florence Paralegal Services,https://www.google.com/maps/place/Florence+Paralegal+Services/data=!4m7!3m6!1s0x872a3e9921e007a9:0x8e0efb4fabefa38c!8m2!3d33.035722!4d-111.3866069!16s%2Fg%2F1tmxx191!19sChIJqQfgIZk-KocRjKPvq0_7Do4?authuser=0&hl=en&rclk=1
Anthony Pelino Law Office,https://www.google.com/maps/place/Anthony+Pelino+Law+Office/data=!4m7!3m6!1s0x872a3e9cdd035a23:0xacf6325136720b74!8m2!3d33.025536!4d-111.383476!16s%2Fg%2F1tfc71w9!19sChIJI1oD3Zw-KocRdAtyNlEy9qw?authuser=0&hl=en&rclk=1
Jensen Family Law in Florence AZ,https://www.google.com/maps/place/Jensen+Family+Law+in+Florence+AZ/data=!4m7!3m6!1s0x872a477f69478b77:0xf910246528b0f482!8m2!3d33.061955!4d-111.4836317!16s%2Fg%2F11jmyzwh7d!19sChIJd4tHaX9HKocRgvSwKGUkEPk?authuser=0&hl=en&rclk=1
"Parmar American Visa Law, PLLC","https://www.google.com/maps/place/Parmar+American+Visa+Law,+PLLC/data=!4m7!3m6!1s0x872a4157a41aea8d:0xe9afb514ceb2a715!8m2!3d32.9774414!4d-111.5206994!16s%2Fg%2F11h4v39sgl!19sChIJjeoapFdBKocRFaeyzhS1r-k?authuser=0&hl=en&rclk=1"
Tus Abogados Locales,https://www.google.com/maps/place/Tus+Abogados+Locales/data=!4m7!3m6!1s0x872b6b4d05849431:0x2931cb516565eaaf!8m2!3d33.0303197!4d-111.39014!16s%2Fg%2F11l7t7vbcw!19sChIJMZSEBU1rK4cRr-plZVHLMSk?authuser=0&hl=en&rclk=1
Hinkle Richard K,https://www.google.com/maps/place/Hinkle+Richard+K/data=!4m7!3m6!1s0x872a3c1e65d985a7:0x108f19e2adc1c13b!8m2!3d33.0406541!4d-111.3769767!16s%2Fg%2F12627s7q_!19sChIJp4XZZR48KocRO8HBreIZjxA?authuser=0&hl=en&rclk=1
