The Holland Law,https://www.google.com/maps/place/The+Holland+Law/data=!4m7!3m6!1s0x87d2be22b9d47355:0x7b038b7c9a6fc3a!8m2!3d34.8324056!4d-92.2090345!16s%2Fg%2F11cs64w2t5!19sChIJVXPUuSK-0ocROvymybc4sAc?authuser=0&hl=en&rclk=1
"McClelland Law Firm, P.A.","https://www.google.com/maps/place/McClelland+Law+Firm,+P.A./data=!4m7!3m6!1s0x87d2be6f6a25fc4d:0x9604662720f32855!8m2!3d34.8103695!4d-92.2102631!16s%2Fg%2F1ptvz9xms!19sChIJTfwlam--0ocRVSjzICdmBJY?authuser=0&hl=en&rclk=1"
Duty Law,https://www.google.com/maps/place/Duty+Law/data=!4m7!3m6!1s0x87d2bf8e3d790aad:0x40c6b43f5b9b9881!8m2!3d34.8281008!4d-92.1908339!16s%2Fg%2F11tm_bqfbv!19sChIJrQp5PY6_0ocRgZibWz-0xkA?authuser=0&hl=en&rclk=1
Stephen Bennett,https://www.google.com/maps/place/Stephen+Bennett/data=!4m7!3m6!1s0x87d2be235b80c8f7:0xcaf32cde633a7f6f!8m2!3d34.8326072!4d-92.1995083!16s%2Fg%2F1tdh4dgk!19sChIJ98iAWyO-0ocRb386Y94s88o?authuser=0&hl=en&rclk=1
Merritt Sara F,https://www.google.com/maps/place/Merritt+Sara+F/data=!4m7!3m6!1s0x87d2bcf2745c1305:0x1359691953c1693b!8m2!3d34.8321666!4d-92.2027444!16s%2Fg%2F1260mfg8b!19sChIJBRNcdPK80ocRO2nBUxlpWRM?authuser=0&hl=en&rclk=1
"Denson DWI & Drug Defense, PLLC","https://www.google.com/maps/place/Denson+DWI+%26+Drug+Defense,+PLLC/data=!4m7!3m6!1s0x7142d6da534595f:0xf1a6b43684ded576!8m2!3d34.7520671!4d-92.392453!16s%2Fg%2F11s4g6r6lt!19sChIJX1k0pW0tFAcRdtXehDa0pvE?authuser=0&hl=en&rclk=1"
Monterrey Law Firm,https://www.google.com/maps/place/Monterrey+Law+Firm/data=!4m7!3m6!1s0x87d2bb63c2a72483:0x9a8d811a147d3f86!8m2!3d34.7973841!4d-92.220546!16s%2Fg%2F1thffzv2!19sChIJgySnwmO70ocRhj99FBqBjZo?authuser=0&hl=en&rclk=1
Hankins Law Firm,https://www.google.com/maps/place/Hankins+Law+Firm/data=!4m7!3m6!1s0x87d2be0511e976cb:0xc5db2b247189f90!8m2!3d34.8329911!4d-92.2156365!16s%2Fg%2F1260wpfhm!19sChIJy3bpEQW-0ocRkJ8YR7KyXQw?authuser=0&hl=en&rclk=1
Hale & Young,https://www.google.com/maps/place/Hale+%26+Young/data=!4m7!3m6!1s0x87d2bdcb6715855f:0xb39bcfeeeb56c11c!8m2!3d34.799643!4d-92.2391872!16s%2Fg%2F1tgcsf3d!19sChIJX4UVZ8u90ocRHMFW6-7Pm7M?authuser=0&hl=en&rclk=1
Clow Law,https://www.google.com/maps/place/Clow+Law/data=!4m7!3m6!1s0x87d2bfdcaa23d6a1:0xf7a83be1dded9e2c!8m2!3d34.8281033!4d-92.1908387!16s%2Fg%2F11s614wq8g!19sChIJodYjqty_0ocRLJ7t3eE7qPc?authuser=0&hl=en&rclk=1
Cobb Stephen,https://www.google.com/maps/place/Cobb+Stephen/data=!4m7!3m6!1s0x87d295efcba86eed:0x91ca0fa572088c99!8m2!3d34.8545065!4d-92.2115312!16s%2Fg%2F1264m8yzb!19sChIJ7W6oy--V0ocRmYwIcqUPypE?authuser=0&hl=en&rclk=1
Bright Bankruptcy Firm,https://www.google.com/maps/place/Bright+Bankruptcy+Firm/data=!4m7!3m6!1s0x87d2bde6f46437e7:0x3a234b2d5994ee90!8m2!3d34.8238222!4d-92.2307073!16s%2Fg%2F11c60881jw!19sChIJ5zdk9Oa90ocRkO6UWS1LIzo?authuser=0&hl=en&rclk=1
MyVirtual.Lawyer,https://www.google.com/maps/place/MyVirtual.Lawyer/data=!4m7!3m6!1s0x87d2bc32df035311:0xce81c5493d506f06!8m2!3d34.7966433!4d-92.2358308!16s%2Fg%2F11d_79zjtn!19sChIJEVMD3zK80ocRBm9QPUnFgc4?authuser=0&hl=en&rclk=1
"Mason & Harmon, PLLC - Attorneys at Law","https://www.google.com/maps/place/Mason+%26+Harmon,+PLLC+-+Attorneys+at+Law/data=!4m7!3m6!1s0x87d2be1760308193:0xc4cba6a522786702!8m2!3d34.831471!4d-92.2078735!16s%2Fg%2F1hc4ljvh5!19sChIJk4EwYBe-0ocRAmd4IqWmy8Q?authuser=0&hl=en&rclk=1"
"The Firm, PLLC","https://www.google.com/maps/place/The+Firm,+PLLC/data=!4m7!3m6!1s0x87d2bb6491a5c28f:0x654be67afb5f9c0d!8m2!3d34.7945808!4d-92.2591126!16s%2Fg%2F11c512mqw9!19sChIJj8KlkWS70ocRDZxf-3rmS2U?authuser=0&hl=en&rclk=1"
Frye Law Firm,https://www.google.com/maps/place/Frye+Law+Firm/data=!4m7!3m6!1s0x87d2bdd296c13a11:0xab969023e34de012!8m2!3d34.800132!4d-92.2326642!16s%2Fg%2F1tdpmmb7!19sChIJETrBltK90ocREuBN4yOQlqs?authuser=0&hl=en&rclk=1
Nelms Crawford Law Firm,https://www.google.com/maps/place/Nelms+Crawford+Law+Firm/data=!4m7!3m6!1s0x87d2bde7a5b59225:0xed30a72a0e125bf1!8m2!3d34.8218861!4d-92.2314469!16s%2Fg%2F1262n8ngt!19sChIJJZK1pee90ocR8VsSDiqnMO0?authuser=0&hl=en&rclk=1
Pray Law Firm,https://www.google.com/maps/place/Pray+Law+Firm/data=!4m7!3m6!1s0x87d2bc2a599e65db:0x3a98d3f1c673bc88!8m2!3d34.7949955!4d-92.2252804!16s%2Fg%2F1tqtb697!19sChIJ22WeWSq80ocRiLxzxvHTmDo?authuser=0&hl=en&rclk=1
Cobb Stephen R,https://www.google.com/maps/place/Cobb+Stephen+R/data=!4m7!3m6!1s0x87d2bde7a5ca7041:0x457fd97291f582f0!8m2!3d34.8218861!4d-92.2314469!16s%2Fg%2F1tdd5t3m!19sChIJQXDKpee90ocR8IL1kXLZf0U?authuser=0&hl=en&rclk=1
wh Law,https://www.google.com/maps/place/wh+Law/data=!4m7!3m6!1s0x87d2bc8225815d07:0xd8b533468a159680!8m2!3d34.7550633!4d-92.2684105!16s%2Fg%2F1tfl0rc7!19sChIJB12BJYK80ocRgJYVikYztdg?authuser=0&hl=en&rclk=1
Brian C. Wilson Law Firm,https://www.google.com/maps/place/Brian+C.+Wilson+Law+Firm/data=!4m7!3m6!1s0x87d2bc5376b35637:0xfa4d4240b85c654a!8m2!3d34.7951606!4d-92.2573807!16s%2Fg%2F1262jg8jk!19sChIJN1azdlO80ocRSmVcuEBCTfo?authuser=0&hl=en&rclk=1
Lion Legal Services,https://www.google.com/maps/place/Lion+Legal+Services/data=!4m7!3m6!1s0x87d2a141fd74ba6b:0x66561c4213535314!8m2!3d34.7806312!4d-92.2750413!16s%2Fg%2F1263zjw_d!19sChIJa7p0_UGh0ocRFFNTE0IcVmY?authuser=0&hl=en&rclk=1
"Knollmeyer Law Office, PA","https://www.google.com/maps/place/Knollmeyer+Law+Office,+PA/data=!4m7!3m6!1s0x87d2823ad44babb9:0x7310f08c3a2f9051!8m2!3d34.89128!4d-92.1032515!16s%2Fg%2F1tdftp7j!19sChIJuatL1DqC0ocRUZAvOozwEHM?authuser=0&hl=en&rclk=1"
Lickert Doug,https://www.google.com/maps/place/Lickert+Doug/data=!4m7!3m6!1s0x87d2a6b3e303fc7f:0xf31aa1cfb7a30520!8m2!3d34.804057!4d-92.253953!16s%2Fg%2F1tdz9y_0!19sChIJf_wD47Om0ocRIAWjt8-hGvM?authuser=0&hl=en&rclk=1
Galvis Law,https://www.google.com/maps/place/Galvis+Law/data=!4m7!3m6!1s0x87d2bdb046d17bff:0x17fb0565331eef3b!8m2!3d34.8065686!4d-92.2515674!16s%2Fg%2F11cpfg7230!19sChIJ_3vRRrC90ocRO-8eM2UF-xc?authuser=0&hl=en&rclk=1
Wankum Law Firm,https://www.google.com/maps/place/Wankum+Law+Firm/data=!4m7!3m6!1s0x87d2bb64631f258f:0x692be1ac93da498d!8m2!3d34.7572654!4d-92.2737175!16s%2Fg%2F1tm0tprw!19sChIJjyUfY2S70ocRjUnak6zhK2k?authuser=0&hl=en&rclk=1
Young Virgil W,https://www.google.com/maps/place/Young+Virgil+W/data=!4m7!3m6!1s0x87d2bdcb6715855f:0xcd23c327e591157e!8m2!3d34.7993384!4d-92.2393886!16s%2Fg%2F1tf0r4hv!19sChIJX4UVZ8u90ocRfhWR5SfDI80?authuser=0&hl=en&rclk=1
"Reddick Law, PLLC","https://www.google.com/maps/place/Reddick+Law,+PLLC/data=!4m7!3m6!1s0x87d2a3497c5322a3:0x51ae27dadb40c9fe!8m2!3d34.7710903!4d-92.3055658!16s%2Fg%2F1tffvgmv!19sChIJoyJTfEmj0ocR_slA29onrlE?authuser=0&hl=en&rclk=1"
"Green & Gillispie, Attorneys at Law","https://www.google.com/maps/place/Green+%26+Gillispie,+Attorneys+at+Law/data=!4m7!3m6!1s0x87d2bb5e53e383e7:0x663e959702caa7d0!8m2!3d34.7550498!4d-92.2684134!16s%2Fg%2F1hc2fxh6k!19sChIJ54PjU1670ocR0KfKApeVPmY?authuser=0&hl=en&rclk=1"
Alexander Law Firm,https://www.google.com/maps/place/Alexander+Law+Firm/data=!4m7!3m6!1s0x87d2eaea821d0723:0xefa52069d93ad1cf!8m2!3d34.8683395!4d-92.1255187!16s%2Fg%2F1tgvf4xd!19sChIJIwcdgurq0ocRz9E62Wkgpe8?authuser=0&hl=en&rclk=1
Law Offices of John G. Phillips,https://www.google.com/maps/place/Law+Offices+of+John+G.+Phillips/data=!4m7!3m6!1s0x87d2bc331702d349:0x765d8ba51dcf0164!8m2!3d34.8073955!4d-92.2517715!16s%2Fg%2F11clv88f_t!19sChIJSdMCFzO80ocRZAHPHaWLXXY?authuser=0&hl=en&rclk=1
Judgment Recovery Services,https://www.google.com/maps/place/Judgment+Recovery+Services/data=!4m7!3m6!1s0x87d2bde4e2130759:0x874f824c4cd2596!8m2!3d34.8291568!4d-92.2308543!16s%2Fg%2F1tjs5gq6!19sChIJWQcT4uS90ocRliXNxCT4dAg?authuser=0&hl=en&rclk=1
Jackson Law Firm,https://www.google.com/maps/place/Jackson+Law+Firm/data=!4m7!3m6!1s0x87d2bb7b2095b903:0x2778fb24789cbd7f!8m2!3d34.7568293!4d-92.2773438!16s%2Fg%2F1hc122j1t!19sChIJA7mVIHu70ocRf72ceCT7eCc?authuser=0&hl=en&rclk=1
Rainwater Holt & Sexton,https://www.google.com/maps/place/Rainwater+Holt+%26+Sexton/data=!4m7!3m6!1s0x87d2eb3d2fdc2665:0x18bc0572d6960f07!8m2!3d34.8909385!4d-92.1006642!16s%2Fg%2F11ph76n_kr!19sChIJZSbcLz3r0ocRBw-W1nIFvBg?authuser=0&hl=en&rclk=1
Lisa Douglas (Registered Nurse/Attorney),https://www.google.com/maps/place/Lisa+Douglas+%28Registered+Nurse%2FAttorney%29/data=!4m7!3m6!1s0x87d2bcf4eb93e327:0xc60322a334e73eb5!8m2!3d34.7772572!4d-92.266474!16s%2Fg%2F1td6h05v!19sChIJJ-OT6_S80ocRtT7nNKMiA8Y?authuser=0&hl=en&rclk=1
Turner & Associates,https://www.google.com/maps/place/Turner+%26+Associates/data=!4m7!3m6!1s0x87d2be7c4ca04765:0x9f2a22cffc149cc2!8m2!3d34.8010964!4d-92.217161!16s%2Fg%2F1tgvf4x5!19sChIJZUegTHy-0ocRwpwU_M8iKp8?authuser=0&hl=en&rclk=1
Harris Law Firm,https://www.google.com/maps/place/Harris+Law+Firm/data=!4m7!3m6!1s0x87d2bc9cb416ddeb:0x8c49efc6e477e9a1!8m2!3d34.7572859!4d-92.2738873!16s%2Fg%2F1tj_5sb1!19sChIJ690WtJy80ocRoel35MbvSYw?authuser=0&hl=en&rclk=1
Tellez Law Firm PLLC,https://www.google.com/maps/place/Tellez+Law+Firm+PLLC/data=!4m7!3m6!1s0x87d2bc57a97998b7:0x301531f4a07c560e!8m2!3d34.7552676!4d-92.2755353!16s%2Fg%2F11c0xdhqq4!19sChIJt5h5qVe80ocRDlZ8oPQxFTA?authuser=0&hl=en&rclk=1
Davidson Law Firm,https://www.google.com/maps/place/Davidson+Law+Firm/data=!4m7!3m6!1s0x87d2bb6186915aeb:0xb57bf5f0f96e7076!8m2!3d34.7502892!4d-92.2781591!16s%2Fg%2F1tcvcf99!19sChIJ61qRhmG70ocRdnBu-fD1e7U?authuser=0&hl=en&rclk=1
Rooster Law Firm,https://www.google.com/maps/place/Rooster+Law+Firm/data=!4m7!3m6!1s0x87d2bdff28d5308b:0x30bf5547fbf10e87!8m2!3d34.7567983!4d-92.2727723!16s%2Fg%2F11q96srqcg!19sChIJizDVKP-90ocRhw7x-0dVvzA?authuser=0&hl=en&rclk=1
"Mays, Byrd & O'Guinn, PLLC.","https://www.google.com/maps/place/Mays,+Byrd+%26+O%27Guinn,+PLLC./data=!4m7!3m6!1s0x87d2bbcab027544b:0xa64b5c89dc998413!8m2!3d34.7469568!4d-92.2732239!16s%2Fg%2F11qqynjyb3!19sChIJS1QnsMq70ocRE4SZ3IlcS6Y?authuser=0&hl=en&rclk=1"
"Denton & Zachary, PLLC","https://www.google.com/maps/place/Denton+%26+Zachary,+PLLC/data=!4m7!3m6!1s0x87cd5f893920b4ff:0x4fa61be701c53baa!8m2!3d34.7683067!4d-92.3079152!16s%2Fg%2F11gdwlr0xh!19sChIJ_7QgOYlfzYcRqjvFAecbpk8?authuser=0&hl=en&rclk=1"
Morledge Law Firm,https://www.google.com/maps/place/Morledge+Law+Firm/data=!4m7!3m6!1s0x87d2bb6491a5c289:0x10744f381b1357e2!8m2!3d34.7464903!4d-92.2746029!16s%2Fg%2F11ckczf5gm!19sChIJicKlkWS70ocR4lcTGzhPdBA?authuser=0&hl=en&rclk=1
"Friedman Law Firm, PLLC","https://www.google.com/maps/place/Friedman+Law+Firm,+PLLC/data=!4m7!3m6!1s0x87d2eac8142d0121:0xf0b38fc0b5e6a53!8m2!3d34.8694383!4d-92.1091858!16s%2Fg%2F11bc8cy07p!19sChIJIQEtFMjq0ocRU2peC_w4Cw8?authuser=0&hl=en&rclk=1"
Johnson Jon,https://www.google.com/maps/place/Johnson+Jon/data=!4m7!3m6!1s0x87d2eaea821d0723:0x2c833c28f728ca0!8m2!3d34.8684764!4d-92.1254253!16s%2Fg%2F1tcxq66y!19sChIJIwcdgurq0ocRoIxyj8IzyAI?authuser=0&hl=en&rclk=1
Skarda Cecily,https://www.google.com/maps/place/Skarda+Cecily/data=!4m7!3m6!1s0x87d2bc8225815d07:0x999be45534990591!8m2!3d34.7550498!4d-92.2684134!16s%2Fg%2F1262qltkw!19sChIJB12BJYK80ocRkQWZNFXkm5k?authuser=0&hl=en&rclk=1
Harvison Law Firm LLC,https://www.google.com/maps/place/Harvison+Law+Firm+LLC/data=!4m7!3m6!1s0x87d2bdae16d19a15:0xd683da50752df8de!8m2!3d34.804054!4d-92.2539931!16s%2Fg%2F11hb6hj13m!19sChIJFZrRFq690ocR3vgtdVDag9Y?authuser=0&hl=en&rclk=1
Attorney In a Hurry,https://www.google.com/maps/place/Attorney+In+a+Hurry/data=!4m7!3m6!1s0xa007ac866fbf86c7:0x3d5703d0e84c8384!8m2!3d38.9348445!4d-77.0314476!16s%2Fg%2F11rqhwkvrz!19sChIJx4a_b4asB6ARhINM6NADVz0?authuser=0&hl=en&rclk=1
Chosen Law Group PLLC,https://www.google.com/maps/place/Chosen+Law+Group+PLLC/data=!4m7!3m6!1s0x87d2bbbcaa01a27b:0x9acdc6bbac8be841!8m2!3d34.7446472!4d-92.2719259!16s%2Fg%2F11ll49nvky!19sChIJe6IBqry70ocRQeiLrLvGzZo?authuser=0&hl=en&rclk=1
Alexander Jr Hubert W At-Law,https://www.google.com/maps/place/Alexander+Jr+Hubert+W+At-Law/data=!4m7!3m6!1s0x87d2ebb4d17961ff:0xd67d09201ae95c33!8m2!3d34.8685319!4d-92.1254238!16s%2Fg%2F1hc508lp6!19sChIJ_2F50bTr0ocRM1zpGiAJfdY?authuser=0&hl=en&rclk=1
McMath Woods P.A.,https://www.google.com/maps/place/McMath+Woods+P.A./data=!4m7!3m6!1s0x87d2bb66b1470bf7:0x78ac63f7ab4b2a5d!8m2!3d34.7469598!4d-92.2787045!16s%2Fg%2F1tgqjz2v!19sChIJ9wtHsWa70ocRXSpLq_djrHg?authuser=0&hl=en&rclk=1
"Polewski & Associates, P.C.","https://www.google.com/maps/place/Polewski+%26+Associates,+P.C./data=!4m7!3m6!1s0x87d2a3c117871b11:0x5d39ad7831929ad4!8m2!3d34.7472982!4d-92.2776078!16s%2Fg%2F11bwn3x011!19sChIJERuHF8Gj0ocR1JqSMXitOV0?authuser=0&hl=en&rclk=1"
Hicks & Lickert,https://www.google.com/maps/place/Hicks+%26+Lickert/data=!4m7!3m6!1s0x87d2bdb1e8772a59:0x1f650ee0f9812868!8m2!3d34.8040589!4d-92.2539958!16s%2Fg%2F1tf5l5f2!19sChIJWSp36LG90ocRaCiB-eAOZR8?authuser=0&hl=en&rclk=1
"Collins, Collins & Ray, P.A.","https://www.google.com/maps/place/Collins,+Collins+%26+Ray,+P.A./data=!4m7!3m6!1s0x87d2bb5dc03c2d6b:0xf4cb6a0b6cb8defe!8m2!3d34.7467903!4d-92.2808761!16s%2Fg%2F12hkbfpwg!19sChIJay08wF270ocR_t64bAtqy_Q?authuser=0&hl=en&rclk=1"
"Wesley Rhodes, Attorney at Law","https://www.google.com/maps/place/Wesley+Rhodes,+Attorney+at+Law/data=!4m7!3m6!1s0x87d2bb64ae83535b:0x3fe576aa49315bb8!8m2!3d34.7471397!4d-92.2724645!16s%2Fg%2F11f63y8phh!19sChIJW1ODrmS70ocRuFsxSap25T8?authuser=0&hl=en&rclk=1"
Monica L Mason PA,https://www.google.com/maps/place/Monica+L+Mason+PA/data=!4m7!3m6!1s0x87d2be17603a7f81:0x173459e8d5453900!8m2!3d34.8314711!4d-92.2078734!16s%2Fg%2F1vfp8r9b!19sChIJgX86YBe-0ocRADlF1ehZNBc?authuser=0&hl=en&rclk=1
"Rice, Adams & Woodruff, Attorneys at Law","https://www.google.com/maps/place/Rice,+Adams+%26+Woodruff,+Attorneys+at+Law/data=!4m7!3m6!1s0x87d2eaf2b07ff0c9:0xb974b4c06a2b122a!8m2!3d34.8668486!4d-92.1148659!16s%2Fg%2F1tcty2ds!19sChIJyfB_sPLq0ocRKhIrasC0dLk?authuser=0&hl=en&rclk=1"
Morgan & Morgan,https://www.google.com/maps/place/Morgan+%26+Morgan/data=!4m7!3m6!1s0x87d4293ac2c40af1:0x1518c1d8445a06a0!8m2!3d34.7454105!4d-92.2749654!16s%2Fg%2F11b86sy5nl!19sChIJ8QrEwjop1IcRoAZaRNjBGBU?authuser=0&hl=en&rclk=1
Ryan Allen Law Firm,https://www.google.com/maps/place/Ryan+Allen+Law+Firm/data=!4m7!3m6!1s0x87d2bcf2745c1305:0xcf9a4db0222ec09a!8m2!3d34.778989!4d-92.272673!16s%2Fg%2F1tf16dpn!19sChIJBRNcdPK80ocRmsAuIrBNms8?authuser=0&hl=en&rclk=1
The Wright Law Firm,https://www.google.com/maps/place/The+Wright+Law+Firm/data=!4m7!3m6!1s0x87d2bb7cac5da301:0x21c272f48e311d89!8m2!3d34.74796!4d-92.272468!16s%2Fg%2F1x5fbx7c!19sChIJAaNdrHy70ocRiR0xjvRywiE?authuser=0&hl=en&rclk=1
"Rippy, Stepps & Associates","https://www.google.com/maps/place/Rippy,+Stepps+%26+Associates/data=!4m7!3m6!1s0x87d2bd7815f29a33:0xe1c1650985aa6a7c!8m2!3d34.7790581!4d-92.2726954!16s%2Fg%2F11pcm18d5v!19sChIJM5ryFXi90ocRfGqqhQllweE?authuser=0&hl=en&rclk=1"
Niswanger Law Firm PLC,https://www.google.com/maps/place/Niswanger+Law+Firm+PLC/data=!4m7!3m6!1s0x87d2bb64ae89d4c5:0x9371811168a68758!8m2!3d34.7469136!4d-92.273267!16s%2Fg%2F1pv5xmmxn!19sChIJxdSJrmS70ocRWIemaBGBcZM?authuser=0&hl=en&rclk=1
"Greg Bryant, Attorney At Law","https://www.google.com/maps/place/Greg+Bryant,+Attorney+At+Law/data=!4m7!3m6!1s0x87d2bb6491f32b1b:0x6311c6590bbe4625!8m2!3d34.746497!4d-92.2745422!16s%2Fg%2F1tf7h63b!19sChIJGyvzkWS70ocRJUa-C1nGEWM?authuser=0&hl=en&rclk=1"
Nickels James E,https://www.google.com/maps/place/Nickels+James+E/data=!4m7!3m6!1s0x87d2bdedd6262501:0xced00cf8bb6427c5!8m2!3d34.8285921!4d-92.2384142!16s%2Fg%2F1262tsrb7!19sChIJASUm1u290ocRxSdku_gM0M4?authuser=0&hl=en&rclk=1
John Ogles Attorney at Law,https://www.google.com/maps/place/John+Ogles+Attorney+at+Law/data=!4m7!3m6!1s0x87d2ea9354cc0891:0x94587cab83f9c5b1!8m2!3d34.8658595!4d-92.1205046!16s%2Fg%2F1264qz3_c!19sChIJkQjMVJPq0ocRscX5g6t8WJQ?authuser=0&hl=en&rclk=1
ARlaw Partners,https://www.google.com/maps/place/ARlaw+Partners/data=!4m7!3m6!1s0x87d2a3041d2e9d41:0xb3841277fee07893!8m2!3d34.7556052!4d-92.3443744!16s%2Fg%2F11r129h6dy!19sChIJQZ0uHQSj0ocRk3jg_ncShLM?authuser=0&hl=en&rclk=1
"Cox, Sterling, Vandiver & Botteicher, PLLC","https://www.google.com/maps/place/Cox,+Sterling,+Vandiver+%26+Botteicher,+PLLC/data=!4m7!3m6!1s0x87d29f55248dd873:0x7d905407845910d3!8m2!3d34.7762076!4d-92.3660923!16s%2Fg%2F1tgqjz1s!19sChIJc9iNJFWf0ocR0xBZhAdUkH0?authuser=0&hl=en&rclk=1"
Jesse Law Firm,https://www.google.com/maps/place/Jesse+Law+Firm/data=!4m7!3m6!1s0x87d2bc9ccb3b4fe3:0x11e2f05442d49b66!8m2!3d34.756879!4d-92.272943!16s%2Fg%2F1tph286q!19sChIJ4087y5y80ocRZpvUQlTw4hE?authuser=0&hl=en&rclk=1
"Worsham Law Firm, P.A.","https://www.google.com/maps/place/Worsham+Law+Firm,+P.A./data=!4m7!3m6!1s0x87d2a152b1002dc9:0x2b1da5441e0a3cce!8m2!3d34.7514404!4d-92.3904899!16s%2Fg%2F1tyzzjb2!19sChIJyS0AsVKh0ocRzjwKHkSlHSs?authuser=0&hl=en&rclk=1"
"PPGMR Law, PLLC","https://www.google.com/maps/place/PPGMR+Law,+PLLC/data=!4m7!3m6!1s0x87d2a34bb10b0cf7:0x54c500c0a5222a62!8m2!3d34.7477197!4d-92.2689913!16s%2Fg%2F1tk686mf!19sChIJ9wwLsUuj0ocRYioipcAAxVQ?authuser=0&hl=en&rclk=1"
"Hart Law Firm, L.L.P.","https://www.google.com/maps/place/Hart+Law+Firm,+L.L.P./data=!4m7!3m6!1s0x87d2a36d8f23f5cd:0xc29aae3436b416cd!8m2!3d34.7556052!4d-92.3443744!16s%2Fg%2F1tqtb68h!19sChIJzfUjj22j0ocRzRa0NjSumsI?authuser=0&hl=en&rclk=1"
"Wallace, Martin, Duke & Russell, PLLC","https://www.google.com/maps/place/Wallace,+Martin,+Duke+%26+Russell,+PLLC/data=!4m7!3m6!1s0x87d2bb64afd16eb7:0x6a2a9da8a7493c8b!8m2!3d34.7469142!4d-92.2732542!16s%2Fg%2F1yg4fj3hk!19sChIJt27Rr2S70ocRizxJp6idKmo?authuser=0&hl=en&rclk=1"
Gates Law Firm PLLC,https://www.google.com/maps/place/Gates+Law+Firm+PLLC/data=!4m7!3m6!1s0x87cd5fd8ec6b97b7:0x39190fca56b6c401!8m2!3d34.7589255!4d-92.3065994!16s%2Fg%2F11qpv1vhgs!19sChIJt5dr7NhfzYcRAcS2VsoPGTk?authuser=0&hl=en&rclk=1
"Brasuell Law Firm, PLLC","https://www.google.com/maps/place/Brasuell+Law+Firm,+PLLC/data=!4m7!3m6!1s0x87d2bb64912af05d:0xf84c7cae026ebccd!8m2!3d34.7655075!4d-92.312149!16s%2Fg%2F1hfg5spd6!19sChIJXfAqkWS70ocRzbxuAq58TPg?authuser=0&hl=en&rclk=1"
Patrick J. Benca - Attorney at Law,https://www.google.com/maps/place/Patrick+J.+Benca+-+Attorney+at+Law/data=!4m7!3m6!1s0x87d2bb6ea6319ec1:0x2badc21af47b3ce5!8m2!3d34.7365186!4d-92.2772402!16s%2Fg%2F1td3s0m1!19sChIJwZ4xpm670ocR5Tx79BrCrSs?authuser=0&hl=en&rclk=1
"Law Office of Boyd Connors, P.A.","https://www.google.com/maps/place/Law+Office+of+Boyd+Connors,+P.A./data=!4m7!3m6!1s0x87d2bbdcb48c5e7b:0x2af32ed2e5206999!8m2!3d34.7519275!4d-92.1313785!16s%2Fg%2F11g25j0d8z!19sChIJe16MtNy70ocRmWkg5dIu8yo?authuser=0&hl=en&rclk=1"
John Wesley Hall,https://www.google.com/maps/place/John+Wesley+Hall/data=!4m7!3m6!1s0x87d2bb71e4f6f17d:0xea2404d442894813!8m2!3d34.7370872!4d-92.2727868!16s%2Fg%2F1tdyrb0l!19sChIJffH25HG70ocRE0iJQtQEJOo?authuser=0&hl=en&rclk=1
"Childers Law Firm, PLLC","https://www.google.com/maps/place/Childers+Law+Firm,+PLLC/data=!4m7!3m6!1s0x87d2a30a2cc211a9:0x386ceae3b36c4fb!8m2!3d34.75715!4d-92.2737389!16s%2Fg%2F11dflby3w4!19sChIJqRHCLAqj0ocR-8Q2O67OhgM?authuser=0&hl=en&rclk=1"
"DeWitt Law, PC","https://www.google.com/maps/place/DeWitt+Law,+PC/data=!4m7!3m6!1s0x87d2bbecf41fdde5:0xb21ff5da17756d42!8m2!3d34.7454105!4d-92.2749654!16s%2Fg%2F11h030d_27!19sChIJ5d0f9Oy70ocRQm11F9r1H7I?authuser=0&hl=en&rclk=1"
Taylor King Law,https://www.google.com/maps/place/Taylor+King+Law/data=!4m7!3m6!1s0x87d2bc83b0c17a3b:0xba89bbffeaf2da91!8m2!3d34.7475569!4d-92.2799185!16s%2Fg%2F1tghq3j6!19sChIJO3rBsIO80ocRkdry6v-7ibo?authuser=0&hl=en&rclk=1
Bailey & Greer,https://www.google.com/maps/place/Bailey+%26+Greer/data=!4m7!3m6!1s0x87d2a3399097f21f:0x4dd0d3a12a6bba4!8m2!3d34.755603!4d-92.3446104!16s%2Fg%2F11h8cs1v4x!19sChIJH_KXkDmj0ocRpLumEjoN3QQ?authuser=0&hl=en&rclk=1
Pfeifer Law Firm: Car Accident Lawyer Little Rock,https://www.google.com/maps/place/Pfeifer+Law+Firm:+Car+Accident+Lawyer+Little+Rock/data=!4m7!3m6!1s0x87d2bb7cac5da301:0x5ff211486bae2b1f!8m2!3d34.7478675!4d-92.2726581!16s%2Fg%2F1tjbsq0j!19sChIJAaNdrHy70ocRHyuua0gR8l8?authuser=0&hl=en&rclk=1
Lott Rolfe IV PA,https://www.google.com/maps/place/Lott+Rolfe+IV+PA/data=!4m7!3m6!1s0x87d2bc8b0ca5baf9:0xcdafb638d01c5d12!8m2!3d34.7727682!4d-92.2666708!16s%2Fg%2F1tdh8_0g!19sChIJ-bqlDIu80ocREl0c0Di2r80?authuser=0&hl=en&rclk=1
Dr. Marcus Law,https://www.google.com/maps/place/Dr.+Marcus+Law/data=!4m7!3m6!1s0x87d2be2329b174ef:0x629380fdc1b2eb9f!8m2!3d34.8320369!4d-92.201439!16s%2Fg%2F11p079_jcv!19sChIJ73SxKSO-0ocRn-uywf2Ak2I?authuser=0&hl=en&rclk=1
Dustin A. Duke - Attorney,https://www.google.com/maps/place/Dustin+A.+Duke+-+Attorney/data=!4m7!3m6!1s0x87d2bbd5983d7db3:0xecde359a7d0a13d1!8m2!3d34.7556052!4d-92.3443744!16s%2Fg%2F11h0z967_5!19sChIJs309mNW70ocR0RMKfZo13uw?authuser=0&hl=en&rclk=1
"Vickie Lynn Cochran, Attorney at Law","https://www.google.com/maps/place/Vickie+Lynn+Cochran,+Attorney+at+Law/data=!4m7!3m6!1s0x87d2bb7acf204795:0x3f819350ca1958f3!8m2!3d34.7727822!4d-92.2666778!16s%2Fg%2F1hhj5d817!19sChIJlUcgz3q70ocR81gZylCTgT8?authuser=0&hl=en&rclk=1"
"Mark F. Hampton, PA","https://www.google.com/maps/place/Mark+F.+Hampton,+PA/data=!4m7!3m6!1s0x87d2bb5de9fdf1a9:0xdd5a95a7c38075b!8m2!3d34.7460747!4d-92.2840091!16s%2Fg%2F1tf7n2pl!19sChIJqfH96V270ocRWwc4fFqp1Q0?authuser=0&hl=en&rclk=1"
"Ashley Stepps, P. A.","https://www.google.com/maps/place/Ashley+Stepps,+P.+A./data=!4m7!3m6!1s0x87d2bdeb35b4fd6d:0xc102fed4c9f8d155!8m2!3d34.7519275!4d-92.1313785!16s%2Fg%2F11jmzb4ynj!19sChIJbf20Neu90ocRVdH4ydT-AsE?authuser=0&hl=en&rclk=1"
"Gary Holt & Associates, P. A.","https://www.google.com/maps/place/Gary+Holt+%26+Associates,+P.+A./data=!4m7!3m6!1s0x87d2bb6159732a55:0x6145bea61f9cd8a3!8m2!3d34.7483562!4d-92.2780578!16s%2Fg%2F1tflgs0f!19sChIJVSpzWWG70ocRo9icH6a-RWE?authuser=0&hl=en&rclk=1"
"Wagoner Law Firm, P.A.","https://www.google.com/maps/place/Wagoner+Law+Firm,+P.A./data=!4m7!3m6!1s0x87d2a34de11a59f7:0x9ec273652402bbca!8m2!3d34.765672!4d-92.308176!16s%2Fg%2F1tk700vt!19sChIJ91ka4U2j0ocRyrsCJGVzwp4?authuser=0&hl=en&rclk=1"
Lumpkin Law Firm,https://www.google.com/maps/place/Lumpkin+Law+Firm/data=!4m7!3m6!1s0x87d2bb6491f32b1b:0x95fb388047d746e!8m2!3d34.7800665!4d-92.269933!16s%2Fg%2F1tcyf_n8!19sChIJGyvzkWS70ocRbnR9BIizXwk?authuser=0&hl=en&rclk=1
Dickerson Law Firm P.A.,https://www.google.com/maps/place/Dickerson+Law+Firm+P.A./data=!4m7!3m6!1s0x87d2bd9ccc62b169:0xbe4620bd05029bd3!8m2!3d34.7550498!4d-92.2684134!16s%2Fg%2F11h5rg5j42!19sChIJabFizJy90ocR05sCBb0gRr4?authuser=0&hl=en&rclk=1
Law Offices of Nicki Nicolo,https://www.google.com/maps/place/Law+Offices+of+Nicki+Nicolo/data=!4m7!3m6!1s0x87d2bc9ccaa69c85:0x923facd7815db38e!8m2!3d34.7018836!4d-92.6426178!16s%2Fg%2F11hb24qn6c!19sChIJhZymypy80ocRjrNdgdesP5I?authuser=0&hl=en&rclk=1
Morley Law Firm,https://www.google.com/maps/place/Morley+Law+Firm/data=!4m7!3m6!1s0x87d2bc9cc75c7349:0x36093d30b9596a9b!8m2!3d34.7572654!4d-92.2737175!16s%2Fg%2F1tfyf2_k!19sChIJSXNcx5y80ocRm2pZuTA9CTY?authuser=0&hl=en&rclk=1
Cook & Cossio,https://www.google.com/maps/place/Cook+%26+Cossio/data=!4m7!3m6!1s0x87d2a3c11a7b0595:0x6d8f479bc2099b13!8m2!3d34.7472982!4d-92.2776078!16s%2Fg%2F1tnpljr6!19sChIJlQV7GsGj0ocRE5sJwptHj20?authuser=0&hl=en&rclk=1
Destiny Law Firm,https://www.google.com/maps/place/Destiny+Law+Firm/data=!4m7!3m6!1s0x87d2a15262bdbd0b:0x898181244f5821e9!8m2!3d34.7469178!4d-92.2805649!16s%2Fg%2F11cmbml72n!19sChIJC729YlKh0ocR6SFYTySBgYk?authuser=0&hl=en&rclk=1
Law Tigers Motorcycle Injury Lawyers - Little Rock,https://www.google.com/maps/place/Law+Tigers+Motorcycle+Injury+Lawyers+-+Little+Rock/data=!4m7!3m6!1s0x87d2a78f47db0709:0x17e16bdd69079d67!8m2!3d34.7472429!4d-92.2727146!16s%2Fg%2F11j1f4cv4y!19sChIJCQfbR4-n0ocRZ50Had1r4Rc?authuser=0&hl=en&rclk=1
Kristin Law,https://www.google.com/maps/place/Kristin+Law/data=!4m7!3m6!1s0x87d2be2329b174ef:0xecf3afba50ff78f!8m2!3d34.8320369!4d-92.201439!16s%2Fg%2F11rkj9htwv!19sChIJ73SxKSO-0ocRj_cPpfs6zw4?authuser=0&hl=en&rclk=1
"McKay Law Firm, PLLC","https://www.google.com/maps/place/McKay+Law+Firm,+PLLC/data=!4m7!3m6!1s0x87d2bb64f9dd287f:0x30b9684d5ce54602!8m2!3d34.7476143!4d-92.2689827!16s%2Fg%2F11g6_cs36l!19sChIJfyjd-WS70ocRAkblXE1ouTA?authuser=0&hl=en&rclk=1"
