The Potter Law Firm,https://www.google.com/maps/place/The+Potter+Law+Firm/data=!4m7!3m6!1s0x86346a591588c897:0x1a86634ca6db53c!8m2!3d33.4219494!4d-94.0423847!16s%2Fg%2F1tfcnqg_!19sChIJl8iIFVlqNIYRPLVtyjRmqAE?authuser=0&hl=en&rclk=1
Karlton H Kemp Jr PC,https://www.google.com/maps/place/Karlton+H+Kemp+Jr+PC/data=!4m7!3m6!1s0x86346a59615714c5:0xc469e20434a0c66b!8m2!3d33.4602945!4d-94.0256821!16s%2Fg%2F1tql54cv!19sChIJxRRXYVlqNIYRa8agNATiacQ?authuser=0&hl=en&rclk=1
Bailey & Galyen Attorneys at Law,https://www.google.com/maps/place/Bailey+%26+Galyen+Attorneys+at+Law/data=!4m7!3m6!1s0x86346b2b06a2c5f9:0x672f4f750bd1a603!8m2!3d33.422908!4d-94.0418469!16s%2Fg%2F11mk7ymdf0!19sChIJ-cWiBitrNIYRA6bRC3VPL2c?authuser=0&hl=en&rclk=1
"McDaniel Binkley Law Office, Attorney at Law","https://www.google.com/maps/place/McDaniel+Binkley+Law+Office,+Attorney+at+Law/data=!4m7!3m6!1s0x86346a1f8c362135:0x80bf6e262c946b0a!8m2!3d33.4643826!4d-94.0294958!16s%2Fg%2F1v7tlrk0!19sChIJNSE2jB9qNIYRCmuULCZuv4A?authuser=0&hl=en&rclk=1"
"Olivia A. Sheppard - The Sheppard Firm, PLLC","https://www.google.com/maps/place/Olivia+A.+Sheppard+-+The+Sheppard+Firm,+PLLC/data=!4m7!3m6!1s0x86346b4333cfa285:0x27bde745dff58d99!8m2!3d33.4247059!4d-94.042646!16s%2Fg%2F11h_4y3ljj!19sChIJhaLPM0NrNIYRmY3130XnvSc?authuser=0&hl=en&rclk=1"
"Keil Law Firm, PLLC","https://www.google.com/maps/place/Keil+Law+Firm,+PLLC/data=!4m7!3m6!1s0x86346a5a535242c7:0x99d97b5c30c16819!8m2!3d33.4250965!4d-94.0407831!16s%2Fg%2F1v_snlxp!19sChIJx0JSU1pqNIYRGWjBMFx72Zk?authuser=0&hl=en&rclk=1"
Law Office of Matthew C. Lewis,https://www.google.com/maps/place/Law+Office+of+Matthew+C.+Lewis/data=!4m7!3m6!1s0x44b7e33178a86301:0xe90875cb9133f9cf!8m2!3d33.3675635!4d-94.2059844!16s%2Fg%2F11t55x16pb!19sChIJAWOoeDHjt0QRz_kzkct1COk?authuser=0&hl=en&rclk=1
Beatty David L,https://www.google.com/maps/place/Beatty+David+L/data=!4m7!3m6!1s0x8633ed646ebc2135:0x239f7f4c9e93ea75!8m2!3d33.3572149!4d-93.575327!16s%2Fg%2F1thp8c0r!19sChIJNSG8bmTtM4YRdeqTnkx_nyM?authuser=0&hl=en&rclk=1
Soyars & Soyars,https://www.google.com/maps/place/Soyars+%26+Soyars/data=!4m7!3m6!1s0x8634411a61bce553:0x341ddbf6f8a3e3bf!8m2!3d33.453441!4d-94.0718229!16s%2Fg%2F11pf5ydc50!19sChIJU-W8YRpBNIYRv-Oj-PbbHTQ?authuser=0&hl=en&rclk=1
Friedman Law Office,https://www.google.com/maps/place/Friedman+Law+Office/data=!4m7!3m6!1s0x86346a5ed2b497b9:0xe5f796c5d8ddb0fa!8m2!3d33.4211057!4d-94.0444223!16s%2Fg%2F1tdjxcvf!19sChIJuZe00l5qNIYR-rDd2MWW9-U?authuser=0&hl=en&rclk=1
"Moore, Giles & Matteson, LLP","https://www.google.com/maps/place/Moore,+Giles+%26+Matteson,+LLP/data=!4m7!3m6!1s0x86346a46a2afffff:0x330e87334321bd92!8m2!3d33.4349879!4d-94.0429403!16s%2Fg%2F11c6wmx6_m!19sChIJ__-vokZqNIYRkr0hQzOHDjM?authuser=0&hl=en&rclk=1"
John Delk Attorney at Law,https://www.google.com/maps/place/John+Delk+Attorney+at+Law/data=!4m7!3m6!1s0x86346a4243a9da61:0xa04b2fc5afb1b8ab!8m2!3d33.4322319!4d-94.0476986!16s%2Fg%2F11c5sv951y!19sChIJYdqpQ0JqNIYRq7ixr8UvS6A?authuser=0&hl=en&rclk=1
Tinkes Law Firm,https://www.google.com/maps/place/Tinkes+Law+Firm/data=!4m7!3m6!1s0x86345edd32fbcc9d:0xff76167aaf4fc44!8m2!3d33.6729404!4d-94.1324056!16s%2Fg%2F11c1qs8pzk!19sChIJncz7Mt1eNIYRRPz0qmdh9w8?authuser=0&hl=en&rclk=1
W Kelvin Wyrick Law Offices,https://www.google.com/maps/place/W+Kelvin+Wyrick+Law+Offices/data=!4m7!3m6!1s0x86346a5abef16d87:0x38f89077c93507ef!8m2!3d33.4280601!4d-94.0399596!16s%2Fg%2F1v_ncwnv!19sChIJh23xvlpqNIYR7wc1yXeQ-Dg?authuser=0&hl=en&rclk=1
Harrelson Law Firm,https://www.google.com/maps/place/Harrelson+Law+Firm/data=!4m7!3m6!1s0x86346a595c84cb8f:0x132bfe1a1fbe9e54!8m2!3d33.4218185!4d-94.0428067!16s%2Fg%2F1tfl0l06!19sChIJj8uEXFlqNIYRVJ6-Hxr-KxM?authuser=0&hl=en&rclk=1
"Arnold & Arnold: Arnold, Stephen T","https://www.google.com/maps/place/Arnold+%26+Arnold:+Arnold,+Stephen+T/data=!4m7!3m6!1s0x86346bd9c3afab75:0x344838644106fcf2!8m2!3d33.4254461!4d-94.0432728!16s%2Fg%2F1vnrlczv!19sChIJdauvw9lrNIYR8vwGQWQ4SDQ?authuser=0&hl=en&rclk=1"
Stevens Michael,https://www.google.com/maps/place/Stevens+Michael/data=!4m7!3m6!1s0x86346a5be60ae017:0xa236aab7af51310c!8m2!3d33.4244444!4d-94.0429064!16s%2Fg%2F1tj4hf19!19sChIJF-AK5ltqNIYRDDFRr7eqNqI?authuser=0&hl=en&rclk=1
Keil Matt,https://www.google.com/maps/place/Keil+Matt/data=!4m7!3m6!1s0x86346a5a53525d67:0xc32acd0c1739a3a!8m2!3d33.4250965!4d-94.0407831!16s%2Fg%2F1tn01lt7!19sChIJZ11SU1pqNIYROppzwdCsMgw?authuser=0&hl=en&rclk=1
"Matthew Golden Law Firm, PLLC","https://www.google.com/maps/place/Matthew+Golden+Law+Firm,+PLLC/data=!4m7!3m6!1s0x86346a5d0e70d549:0x7d046b6e14cf56a8!8m2!3d33.4262755!4d-94.0475561!16s%2Fg%2F11bxg0g_m3!19sChIJSdVwDl1qNIYRqFbPFG5rBH0?authuser=0&hl=en&rclk=1"
Whitefield Carolyn Lee,https://www.google.com/maps/place/Whitefield+Carolyn+Lee/data=!4m7!3m6!1s0x86346a4e54cc29f9:0xa518405177840e21!8m2!3d33.4672542!4d-94.0284561!16s%2Fg%2F1tfj3jpz!19sChIJ-SnMVE5qNIYRIQ6Ed1FAGKU?authuser=0&hl=en&rclk=1
Fouke Police Department,https://www.google.com/maps/place/Fouke+Police+Department/data=!4m7!3m6!1s0x86340e40a359d0cd:0x4d7dc3278d738048!8m2!3d33.2611198!4d-93.8845829!16s%2Fg%2F1tjytzyx!19sChIJzdBZo0AONIYRSIBzjSfDfU0?authuser=0&hl=en&rclk=1
Smith Alwin Atty At Law,https://www.google.com/maps/place/Smith+Alwin+Atty+At+Law/data=!4m7!3m6!1s0x86346a5c67d746e9:0xf69ba5e41890a284!8m2!3d33.425553!4d-94.0450364!16s%2Fg%2F1wn_6gtb!19sChIJ6UbXZ1xqNIYRhKKQGOSlm_Y?authuser=0&hl=en&rclk=1
Dunbar & Morgan,https://www.google.com/maps/place/Dunbar+%26+Morgan/data=!4m7!3m6!1s0x863469fd9bcf7c15:0x5d859ae1d1f56483!8m2!3d33.4701995!4d-94.0695114!16s%2Fg%2F1tfgdm0_!19sChIJFXzPm_1pNIYRg2T10eGahV0?authuser=0&hl=en&rclk=1
Jason Horton Law,https://www.google.com/maps/place/Jason+Horton+Law/data=!4m7!3m6!1s0x86346a593081b7a1:0x350389ebae09f681!8m2!3d33.44952!4d-94.0534057!16s%2Fg%2F1hc94dt27!19sChIJobeBMFlqNIYRgfYJruuJAzU?authuser=0&hl=en&rclk=1
Miller County Public Defender,https://www.google.com/maps/place/Miller+County+Public+Defender/data=!4m7!3m6!1s0x86346a5a54a81ee7:0x2efad4eb475026c2!8m2!3d33.4260303!4d-94.040965!16s%2Fg%2F1tdv_7rg!19sChIJ5x6oVFpqNIYRwiZQR-vU-i4?authuser=0&hl=en&rclk=1
"The Crockett Law Firm, PLLC","https://www.google.com/maps/place/The+Crockett+Law+Firm,+PLLC/data=!4m7!3m6!1s0x86346a5940118bc1:0xbdd3c3ddb51d6d2c!8m2!3d33.4218398!4d-94.0427879!16s%2Fg%2F11cmt4kv9v!19sChIJwYsRQFlqNIYRLG0dtd3D070?authuser=0&hl=en&rclk=1"
"Collins, Collins & Ray, P.A.","https://www.google.com/maps/place/Collins,+Collins+%26+Ray,+P.A./data=!4m7!3m6!1s0x86346a596fc1a689:0x3ced9399e932880a!8m2!3d33.4226637!4d-94.0419748!16s%2Fg%2F11f04dh0yq!19sChIJiabBb1lqNIYRCogy6ZmT7Tw?authuser=0&hl=en&rclk=1"
Bailey & Galyen Attorneys at Law,https://www.google.com/maps/place/Bailey+%26+Galyen+Attorneys+at+Law/data=!4m7!3m6!1s0x86346bba54eb34c3:0xa700258a26d721e3!8m2!3d33.4611876!4d-94.0651205!16s%2Fg%2F11j0yvy146!19sChIJwzTrVLprNIYR4yHXJoolAKc?authuser=0&hl=en&rclk=1
Mowery Law Firm,https://www.google.com/maps/place/Mowery+Law+Firm/data=!4m7!3m6!1s0x86346a1997c05c27:0xc6a26d275ecf0a3b!8m2!3d33.4532799!4d-94.0536775!16s%2Fg%2F1thmfs5f!19sChIJJ1zAlxlqNIYROwrPXidtosY?authuser=0&hl=en&rclk=1
Smith Alwin A,https://www.google.com/maps/place/Smith+Alwin+A/data=!4m7!3m6!1s0x86345edd32fbcc9d:0x5ed339c6c2c8f6b2!8m2!3d33.6720476!4d-94.1325233!16s%2Fg%2F1thks1vw!19sChIJncz7Mt1eNIYRsvbIwsY5014?authuser=0&hl=en&rclk=1
Michael R. Lusk Attorney At Law,https://www.google.com/maps/place/Michael+R.+Lusk+Attorney+At+Law/data=!4m7!3m6!1s0x8634416f52b0d5cf:0x7b169293ece1decc!8m2!3d33.3636778!4d-94.2062905!16s%2Fg%2F11hzph3ftk!19sChIJz9WwUm9BNIYRzN7h7JOSFns?authuser=0&hl=en&rclk=1
Robert Witterstaetter Law Office,https://www.google.com/maps/place/Robert+Witterstaetter+Law+Office/data=!4m7!3m6!1s0x86346a1efb5018c9:0x6703c79949ee03a8!8m2!3d33.4585945!4d-94.05203!16s%2Fg%2F11cm1bsyc7!19sChIJyRhQ-x5qNIYRqAPuSZnHA2c?authuser=0&hl=en&rclk=1
Charles E. Friday Attorney at Law,https://www.google.com/maps/place/Charles+E.+Friday+Attorney+at+Law/data=!4m7!3m6!1s0x863469ff4161f95f:0xd4438709dd7434b3!8m2!3d33.4626015!4d-94.0654133!16s%2Fg%2F11b6yqzwkg!19sChIJX_lhQf9pNIYRszR03QmHQ9Q?authuser=0&hl=en&rclk=1
Clarice Allen Attorney at Law,https://www.google.com/maps/place/Clarice+Allen+Attorney+at+Law/data=!4m7!3m6!1s0x86346a1fbce6f0af:0x8047930868b664d5!8m2!3d33.4254461!4d-94.0432728!16s%2Fg%2F1ts1m_qy!19sChIJr_DmvB9qNIYR1WS2aAiTR4A?authuser=0&hl=en&rclk=1
The Brad Hendricks Law Firm,https://www.google.com/maps/place/The+Brad+Hendricks+Law+Firm/data=!4m7!3m6!1s0x86346b10b47c774b:0xeed3f5f3c1bc3557!8m2!3d33.422908!4d-94.0418469!16s%2Fg%2F11gvxy8v2d!19sChIJS3d8tBBrNIYRVzW8wfP10-4?authuser=0&hl=en&rclk=1
"The Glass Firm, PLLC","https://www.google.com/maps/place/The+Glass+Firm,+PLLC/data=!4m7!3m6!1s0x86346b6d83149c99:0x1b71f84ade91e1b6!8m2!3d33.4701118!4d-94.0694519!16s%2Fg%2F11nm_7dhhn!19sChIJmZwUg21rNIYRtuGR3kr4cRs?authuser=0&hl=en&rclk=1"
THE CORCORAN LAW FIRM,https://www.google.com/maps/place/THE+CORCORAN+LAW+FIRM/data=!4m7!3m6!1s0x863441f4fa7be193:0x8dc13f56bd43647e!8m2!3d33.4649329!4d-94.0949154!16s%2Fg%2F11btmqn487!19sChIJk-F7-vRBNIYRfmRDvVY_wY0?authuser=0&hl=en&rclk=1
"Northcross Legal, PLLC","https://www.google.com/maps/place/Northcross+Legal,+PLLC/data=!4m7!3m6!1s0x863469992b10bcfd:0x166307d0d9bb7bc7!8m2!3d46.423669!4d-129.9427086!16s%2Fg%2F11qpr_mm10!19sChIJ_bwQK5lpNIYRx3u72dAHYxY?authuser=0&hl=en&rclk=1"
The Alford Firm,https://www.google.com/maps/place/The+Alford+Firm/data=!4m7!3m6!1s0x86346a19e9e8c429:0x21f5a0f84d27f836!8m2!3d33.4727165!4d-94.0668699!16s%2Fg%2F1tdf1qtj!19sChIJKcTo6RlqNIYRNvgnTfig9SE?authuser=0&hl=en&rclk=1
Johnson Law Office,https://www.google.com/maps/place/Johnson+Law+Office/data=!4m7!3m6!1s0x2f2eaa04ec08d0dd:0x58caa5683df55e70!8m2!3d33.441418!4d-94.0938704!16s%2Fg%2F11khfbl9ms!19sChIJ3dAI7ASqLi8RcF71PWilylg?authuser=0&hl=en&rclk=1
"VEON LAW FIRM, PA Texarkana Office","https://www.google.com/maps/place/VEON+LAW+FIRM,+PA+Texarkana+Office/data=!4m7!3m6!1s0x86346a5940155555:0xb636b36815b83af6!8m2!3d33.4218185!4d-94.0428067!16s%2Fg%2F11ghr0kxz5!19sChIJVVUVQFlqNIYR9jq4FWizNrY?authuser=0&hl=en&rclk=1"
Fisk Pamela,https://www.google.com/maps/place/Fisk+Pamela/data=!4m7!3m6!1s0x86346a44961d8905:0xda0b751ead9002bb!8m2!3d33.4302088!4d-94.0434329!16s%2Fg%2F1v26mgtk!19sChIJBYkdlkRqNIYRuwKQrR51C9o?authuser=0&hl=en&rclk=1
Cook Law Office PC,https://www.google.com/maps/place/Cook+Law+Office+PC/data=!4m7!3m6!1s0x86346a44961d8905:0xea68935df0d1c472!8m2!3d33.4302099!4d-94.0436102!16s%2Fg%2F1tfcck5t!19sChIJBYkdlkRqNIYRcsTR8F2TaOo?authuser=0&hl=en&rclk=1
Ross & Shoalmire PLLC,https://www.google.com/maps/place/Ross+%26+Shoalmire+PLLC/data=!4m7!3m6!1s0x86344221382d1403:0xfd2d7397f67f2cf6!8m2!3d33.4706372!4d-94.0646089!16s%2Fg%2F1tgyx274!19sChIJAxQtOCFCNIYR9ix_9pdzLf0?authuser=0&hl=en&rclk=1
Trammell Piazza Law Firm,https://www.google.com/maps/place/Trammell+Piazza+Law+Firm/data=!4m7!3m6!1s0x86346a593a8199dd:0x48a09bb5193613ec!8m2!3d33.4246576!4d-94.0428506!16s%2Fg%2F1v_s67lm!19sChIJ3ZmBOllqNIYR7BM2GbWboEg?authuser=0&hl=en&rclk=1
Norwood Law Office,https://www.google.com/maps/place/Norwood+Law+Office/data=!4m7!3m6!1s0x86346a5bebcbcb39:0x1ac88b24fd6a30d1!8m2!3d33.4242586!4d-94.0428909!16s%2Fg%2F11hy9nmwwg!19sChIJOcvL61tqNIYR0TBq_SSLyBo?authuser=0&hl=en&rclk=1
Jordan Law Firm LLP,https://www.google.com/maps/place/Jordan+Law+Firm+LLP/data=!4m7!3m6!1s0x863469fce22380ed:0x5cf07a9f0c810a90!8m2!3d33.470404!4d-94.0664939!16s%2Fg%2F1vknprst!19sChIJ7YAj4vxpNIYRkAqBDJ968Fw?authuser=0&hl=en&rclk=1
"Morgan, Cook, & Beck, LLP","https://www.google.com/maps/place/Morgan,+Cook,+%26+Beck,+LLP/data=!4m7!3m6!1s0x86344224d1d4caed:0x3a239b69b66f48bb!8m2!3d33.4514504!4d-94.0525606!16s%2Fg%2F1th7n85f!19sChIJ7crU0SRCNIYRu0hvtmmbIzo?authuser=0&hl=en&rclk=1"
Burgess Law Firm PLLC,https://www.google.com/maps/place/Burgess+Law+Firm+PLLC/data=!4m7!3m6!1s0x86346a1ef23a8891:0x29495b45d414aa7e!8m2!3d33.45855!4d-94.05275!16s%2Fg%2F11bx1bv_r9!19sChIJkYg68h5qNIYRfqoU1EVbSSk?authuser=0&hl=en&rclk=1
Biddle Anthony,https://www.google.com/maps/place/Biddle+Anthony/data=!4m7!3m6!1s0x86346a2f939a618b:0x6e3252a3aac1f21b!8m2!3d33.4530905!4d-94.0377415!16s%2Fg%2F1whdjqv0!19sChIJi2Gaky9qNIYRG_LBqqNSMm4?authuser=0&hl=en&rclk=1
Mores Mullar,https://www.google.com/maps/place/Mores+Mullar/data=!4m7!3m6!1s0x86346bd9871a3e9d:0x3acb3b8549135d82!8m2!3d33.4366825!4d-94.0398366!16s%2Fg%2F11rnnzl_6m!19sChIJnT4ah9lrNIYRgl0TSYU7yzo?authuser=0&hl=en&rclk=1
Law Office of David Ruff,https://www.google.com/maps/place/Law+Office+of+David+Ruff/data=!4m7!3m6!1s0x863469ffc55d919d:0xc4d26b2604a010fe!8m2!3d33.4645715!4d-94.064689!16s%2Fg%2F1tf9t5_f!19sChIJnZFdxf9pNIYR_hCgBCZr0sQ?authuser=0&hl=en&rclk=1
Bishop & Bishop,https://www.google.com/maps/place/Bishop+%26+Bishop/data=!4m7!3m6!1s0x86345edd139a32bf:0x1f173d5813bd355c!8m2!3d33.673437!4d-94.1323102!16s%2Fg%2F1ts3f_4m!19sChIJvzKaE91eNIYRXDW9E1g9Fx8?authuser=0&hl=en&rclk=1
Norton & Wood,https://www.google.com/maps/place/Norton+%26+Wood/data=!4m7!3m6!1s0x86346a5eb9f6f39f:0xc25926fc298ce322!8m2!3d33.422273!4d-94.045165!16s%2Fg%2F1th1d2m4!19sChIJn_P2uV5qNIYRIuOMKfwmWcI?authuser=0&hl=en&rclk=1
"The Law Offices of Flint, Crawford & Cogburn","https://www.google.com/maps/place/The+Law+Offices+of+Flint,+Crawford+%26+Cogburn/data=!4m7!3m6!1s0x86344220711bfa45:0xca28fca2d614f5fb!8m2!3d33.461266!4d-94.0921929!16s%2Fg%2F12602n0c9!19sChIJRfobcSBCNIYR-_UU1qL8KMo?authuser=0&hl=en&rclk=1"
Unger Law Firm,https://www.google.com/maps/place/Unger+Law+Firm/data=!4m7!3m6!1s0x863469fce22380ed:0x951336a3117e5ad8!8m2!3d33.4619995!4d-94.0654432!16s%2Fg%2F1tf080lj!19sChIJ7YAj4vxpNIYR2Fp-EaM2E5U?authuser=0&hl=en&rclk=1
"Eric T. Bishop Attorney at Law, PLLC","https://www.google.com/maps/place/Eric+T.+Bishop+Attorney+at+Law,+PLLC/data=!4m7!3m6!1s0x86345edd148bffff:0x6a9feedf850891d7!8m2!3d33.6730966!4d-94.1316462!16s%2Fg%2F11gfnyv450!19sChIJ__-LFN1eNIYR15EIhd_un2o?authuser=0&hl=en&rclk=1"
Law Offices of Hawley Holman,https://www.google.com/maps/place/Law+Offices+of+Hawley+Holman/data=!4m7!3m6!1s0x863469f933002bfd:0x1b017add90f60a47!8m2!3d33.4651579!4d-94.0643397!16s%2Fg%2F1q69v4mwq!19sChIJ_SsAM_lpNIYRRwr2kN16ARs?authuser=0&hl=en&rclk=1
Law Office of Cary G Rochelle,https://www.google.com/maps/place/Law+Office+of+Cary+G+Rochelle/data=!4m7!3m6!1s0x863469fe6b272a03:0x3a973cdd503758cc!8m2!3d33.4652055!4d-94.0692452!16s%2Fg%2F1thvyndh!19sChIJAyona_5pNIYRzFg3UN08lzo?authuser=0&hl=en&rclk=1
Hart Demaris,https://www.google.com/maps/place/Hart+Demaris/data=!4m7!3m6!1s0x863469e26e75cbbf:0xa6c2f6dc50138d9d!8m2!3d33.4764884!4d-94.0688787!16s%2Fg%2F12607vz5j!19sChIJv8t1buJpNIYRnY0TUNz2wqY?authuser=0&hl=en&rclk=1
Anderson Law Firm,https://www.google.com/maps/place/Anderson+Law+Firm/data=!4m7!3m6!1s0x863469fcd14c2297:0x102f2ce609fc8259!8m2!3d33.4727456!4d-94.0668838!16s%2Fg%2F1tcys5_d!19sChIJlyJM0fxpNIYRWYL8CeYsLxA?authuser=0&hl=en&rclk=1
Young Pickett Law Ofcs,https://www.google.com/maps/place/Young+Pickett+Law+Ofcs/data=!4m7!3m6!1s0x86346a1eb57070ad:0x5a89d6ad1ade1331!8m2!3d33.4571037!4d-94.0526279!16s%2Fg%2F1xg5t132!19sChIJrXBwtR5qNIYRMRPeGq3WiVo?authuser=0&hl=en&rclk=1
"Morris Bart, LLC","https://www.google.com/maps/place/Morris+Bart,+LLC/data=!4m7!3m6!1s0x86346a5938a4bf15:0x82bf1cc1724b0255!8m2!3d33.425439!4d-94.043268!16s%2Fg%2F1thxlfj_!19sChIJFb-kOFlqNIYRVQJLcsEcv4I?authuser=0&hl=en&rclk=1"
Murry Law Office,https://www.google.com/maps/place/Murry+Law+Office/data=!4m7!3m6!1s0x86346a196cc6e51d:0xde9b7c190e32222e!8m2!3d33.4547821!4d-94.052544!16s%2Fg%2F1tfv0y0l!19sChIJHeXGbBlqNIYRLiIyDhl8m94?authuser=0&hl=en&rclk=1
Graham Law Firm,https://www.google.com/maps/place/Graham+Law+Firm/data=!4m7!3m6!1s0x8634422135b23fdd:0x9836f87dc8b0aa60!8m2!3d33.4598886!4d-94.0500432!16s%2Fg%2F1tdq1hq_!19sChIJ3T-yNSFCNIYRYKqwyH34Npg?authuser=0&hl=en&rclk=1
"Bruce A. Condit, Attorney at Law","https://www.google.com/maps/place/Bruce+A.+Condit,+Attorney+at+Law/data=!4m7!3m6!1s0x86346a06b179afcd:0x1ed8aa4dbd8e40a2!8m2!3d33.4565205!4d-94.0640848!16s%2Fg%2F11cly7fn98!19sChIJza95sQZqNIYRokCOvU2q2B4?authuser=0&hl=en&rclk=1"
"Mercy Carter, L.L.P.","https://www.google.com/maps/place/Mercy+Carter,+L.L.P./data=!4m7!3m6!1s0x863469fb37862e4b:0xe02fef43a94d5ec5!8m2!3d33.471624!4d-94.0634755!16s%2Fg%2F1tcw3_80!19sChIJSy6GN_tpNIYRxV5NqUPvL-A?authuser=0&hl=en&rclk=1"
Lisa Soyars,https://www.google.com/maps/place/Lisa+Soyars/data=!4m7!3m6!1s0x86346b1dfcda2e2d:0xefa61601c943dcbe!8m2!3d33.453441!4d-94.0718229!16s%2Fg%2F11j6t8jj5j!19sChIJLS7a_B1rNIYRvtxDyQEWpu8?authuser=0&hl=en&rclk=1
"Ford, Dooley, & Griffin, PLLC, Attorneys at Law","https://www.google.com/maps/place/Ford,+Dooley,+%26+Griffin,+PLLC,+Attorneys+at+Law/data=!4m7!3m6!1s0x87d4587b650d511f:0x392dd65a46dd2971!8m2!3d35.2213819!4d-90.7861431!16s%2Fg%2F1tf65_zh!19sChIJH1ENZXtY1IcRcSndRlrWLTk?authuser=0&hl=en&rclk=1"
Frank Poff Mediation,https://www.google.com/maps/place/Frank+Poff+Mediation/data=!4m7!3m6!1s0x86346a5a68aeb7d1:0xfed8b442605538d2!8m2!3d33.4253328!4d-94.0402868!16s%2Fg%2F11b8c37sdr!19sChIJ0beuaFpqNIYR0jhVYEK02P4?authuser=0&hl=en&rclk=1
