Hicky & Collins,https://www.google.com/maps/place/Hicky+%26+Collins/data=!4m7!3m6!1s0x87d4efb10dc0a033:0x6492d36dcc263eae!8m2!3d35.0068452!4d-90.7850024!16s%2Fg%2F1tdlvtf6!19sChIJM6DADbHv1IcRrj4mzG3TkmQ?authuser=0&hl=en&rclk=1
Easley & Houseal PLLC,https://www.google.com/maps/place/Easley+%26+Houseal+PLLC/data=!4m7!3m6!1s0x87d4efb0e28a8003:0x30a3a214cec01dfa!8m2!3d35.0068179!4d-90.7834039!16s%2Fg%2F1tfp2_80!19sChIJA4CK4rDv1IcR-h3AzhSiozA?authuser=0&hl=en&rclk=1
Sims Law Office,https://www.google.com/maps/place/Sims+Law+Office/data=!4m7!3m6!1s0x87d4efa7e17027b9:0xfe70683518390499!8m2!3d34.9930482!4d-90.7819658!16s%2Fg%2F1th7nfjh!19sChIJuSdw4afv1IcRmQQ5GDVocP4?authuser=0&hl=en&rclk=1
Ziegenhorn and Bernard Attorneys at Law,https://www.google.com/maps/place/Ziegenhorn+and+Bernard+Attorneys+at+Law/data=!4m7!3m6!1s0x87d57702e4679623:0xfbb87821d0448259!8m2!3d35.1613105!4d-90.1859102!16s%2Fg%2F1tlbppl5!19sChIJI5Zn5AJ31YcRWYJE0CF4uPs?authuser=0&hl=en&rclk=1
Louis Etoch Law Firm,https://www.google.com/maps/place/Louis+Etoch+Law+Firm/data=!4m7!3m6!1s0x87d52a95f523d3a3:0xff722c1a28e88e46!8m2!3d34.5300612!4d-90.5863015!16s%2Fg%2F1v44qz1s!19sChIJo9Mj9ZUq1YcRRo7oKBoscv8?authuser=0&hl=en&rclk=1
Knapp Law Firm,https://www.google.com/maps/place/Knapp+Law+Firm/data=!4m7!3m6!1s0x87d4d56d0071a347:0x3dac13fbb3bd949d!8m2!3d34.5268011!4d-90.5864504!16s%2Fg%2F1tgvf4yh!19sChIJR6NxAG3V1IcRnZS9s_sTrD0?authuser=0&hl=en&rclk=1
Bland Vandell,https://www.google.com/maps/place/Bland+Vandell/data=!4m7!3m6!1s0x87d4efb7a983cb2b:0x96caba6245b78828!8m2!3d35.0116739!4d-90.7838673!16s%2Fg%2F1tdyrb2d!19sChIJK8uDqbfv1IcRKIi3RWK6ypY?authuser=0&hl=en&rclk=1
Hoshall Reeves Law,https://www.google.com/maps/place/Hoshall+Reeves+Law/data=!4m7!3m6!1s0x87d4ef8ea1913c69:0x9f98f81ddc0ad12f!8m2!3d35.011743!4d-90.7848375!16s%2Fg%2F11ncl90z4_!19sChIJaTyRoY7v1IcRL9EK3B34mJ8?authuser=0&hl=en&rclk=1
Bridgforth John D,https://www.google.com/maps/place/Bridgforth+John+D/data=!4m7!3m6!1s0x87d4efb5f7a0b7b1:0x3e60fe85f7bb5382!8m2!3d35.0141348!4d-90.7870515!16s%2Fg%2F1tfv5nry!19sChIJsbeg97Xv1IcRglO794X-YD4?authuser=0&hl=en&rclk=1
Stoner Law,https://www.google.com/maps/place/Stoner+Law/data=!4m7!3m6!1s0x87d52abdf2378eb1:0x45c7e7a2c871a23f!8m2!3d34.527385!4d-90.5865214!16s%2Fg%2F11fz96sbhk!19sChIJsY438r0q1YcRP6JxyKLnx0U?authuser=0&hl=en&rclk=1
Eason Law,https://www.google.com/maps/place/Eason+Law/data=!4m7!3m6!1s0x87d2bb60bc89f9dd:0x59576663a81aac7b!8m2!3d35.8185111!4d-90.7287987!16s%2Fg%2F11bvt9pqnh!19sChIJ3fmJvGC70ocRe6waqGNmV1k?authuser=0&hl=en&rclk=1
Ziegenhorn Bart E,https://www.google.com/maps/place/Ziegenhorn+Bart+E/data=!4m7!3m6!1s0x87d57702e4679623:0xce9286eb92e67b19!8m2!3d35.1613051!4d-90.185906!16s%2Fg%2F1thvhgqw!19sChIJI5Zn5AJ31YcRGXvmkuuGks4?authuser=0&hl=en&rclk=1
Sara Rogers Law Firm,https://www.google.com/maps/place/Sara+Rogers+Law+Firm/data=!4m7!3m6!1s0x87d5771d2875ab6d:0x57a1804fdb6381f2!8m2!3d35.1856389!4d-90.1843036!16s%2Fg%2F1td0h0yf!19sChIJbat1KB131YcR8oFj20-AoVc?authuser=0&hl=en&rclk=1
Easley & Houseal: Austin Easley,https://www.google.com/maps/place/Easley+%26+Houseal:+Austin+Easley/data=!4m7!3m6!1s0x87d4efb0e28a8003:0xc8334820e02a73c7!8m2!3d35.0067934!4d-90.7840924!16s%2Fg%2F1v8l048c!19sChIJA4CK4rDv1IcRx3Mq4CBIM8g?authuser=0&hl=en&rclk=1
Jeremy Bland,https://www.google.com/maps/place/Jeremy+Bland/data=!4m7!3m6!1s0x87d4efb7a983cb2b:0x5f11ebc1b4b5a768!8m2!3d35.0116739!4d-90.7838673!16s%2Fg%2F11c54p11f9!19sChIJK8uDqbfv1IcRaKe1tMHrEV8?authuser=0&hl=en&rclk=1
"Tyler Ginn, Attorney at Law","https://www.google.com/maps/place/Tyler+Ginn,+Attorney+at+Law/data=!4m7!3m6!1s0x87d576f8db7abaf9:0x6da5b1b503355b25!8m2!3d35.2066899!4d-90.2032967!16s%2Fg%2F11b634528g!19sChIJ-bp62_h21YcRJVs1A7WxpW0?authuser=0&hl=en&rclk=1"
Hughes Law Firm,https://www.google.com/maps/place/Hughes+Law+Firm/data=!4m7!3m6!1s0x87d67b65bf07c68d:0x8e7613b3abeb6705!8m2!3d36.056546!4d-90.5265577!16s%2Fg%2F1wn_6n37!19sChIJjcYHv2V71ocRBWfrq7MTdo4?authuser=0&hl=en&rclk=1
Hughes Police Department,https://www.google.com/maps/place/Hughes+Police+Department/data=!4m7!3m6!1s0x87d51a1c23c34173:0xd4c3e076767536!8m2!3d34.9487443!4d-90.4702342!16s%2Fg%2F1wyc4wfx!19sChIJc0HDIxwa1YcRNnV2duDD1AA?authuser=0&hl=en&rclk=1
Davis H Loftin,https://www.google.com/maps/place/Davis+H+Loftin/data=!4m7!3m6!1s0x87d5770133288a4d:0x6c4e1dfd40835e67!8m2!3d35.1686313!4d-90.1928061!16s%2Fg%2F1w8wbkdw!19sChIJTYooMwF31YcRZ16DQP0dTmw?authuser=0&hl=en&rclk=1
Beavers Brad,https://www.google.com/maps/place/Beavers+Brad/data=!4m7!3m6!1s0x87d4ef107eca728f:0x90811c7aa9897f39!8m2!3d34.9788021!4d-90.7814823!16s%2Fg%2F12624w5cj!19sChIJj3LKfhDv1IcROX-JqXocgZA?authuser=0&hl=en&rclk=1
Durrett & Coleman,https://www.google.com/maps/place/Durrett+%26+Coleman/data=!4m7!3m6!1s0x87d576ddae57a3f9:0xab195b3216c6d3c4!8m2!3d35.147311!4d-90.1932748!16s%2Fg%2F1tcx21ld!19sChIJ-aNXrt121YcRxNPGFjJbGas?authuser=0&hl=en&rclk=1
Hughes & Hughes Law Firm,https://www.google.com/maps/place/Hughes+%26+Hughes+Law+Firm/data=!4m7!3m6!1s0x8632dfe64cabf183:0x9ee70a6373a831db!8m2!3d34.118979!4d-93.05046!16s%2Fg%2F1td7zg49!19sChIJg_GrTObfMoYR2zGoc2MK554?authuser=0&hl=en&rclk=1
"Hale, Young & Partlow","https://www.google.com/maps/place/Hale,+Young+%26+Partlow/data=!4m7!3m6!1s0x87d5762826c46361:0x1d9c824fbe5063bc!8m2!3d35.2145697!4d-90.1961982!16s%2Fg%2F1tdb4ts2!19sChIJYWPEJih21YcRvGNQvk-CnB0?authuser=0&hl=en&rclk=1"
Harris Rita,https://www.google.com/maps/place/Harris+Rita/data=!4m7!3m6!1s0x87d4efb6e430fe1f:0x739fd19bceac87c7!8m2!3d35.0105298!4d-90.7846058!16s%2Fg%2F1thxr56x!19sChIJH_4w5Lbv1IcRx4eszpvRn3M?authuser=0&hl=en&rclk=1
Rogers & Coe,https://www.google.com/maps/place/Rogers+%26+Coe/data=!4m7!3m6!1s0x87d5772066435435:0xad055e4328eb2c7b!8m2!3d35.146974!4d-90.186776!16s%2Fg%2F1td7tqm7!19sChIJNVRDZiB31YcReyzrKENeBa0?authuser=0&hl=en&rclk=1
Dulaney Law Firm LLP,https://www.google.com/maps/place/Dulaney+Law+Firm+LLP/data=!4m7!3m6!1s0x87d53a06f1a4ff8f:0xd6734592af2d653b!8m2!3d34.688729!4d-90.3813464!16s%2Fg%2F1w0p64v2!19sChIJj_-k8QY61YcRO2Utr5JFc9Y?authuser=0&hl=en&rclk=1
Wright Marshall,https://www.google.com/maps/place/Wright+Marshall/data=!4m7!3m6!1s0x87d4efb6cbddda87:0x55558acff605e603!8m2!3d35.0092257!4d-90.7848189!16s%2Fg%2F1tngqv11!19sChIJh9rdy7bv1IcRA-YF9s-KVVU?authuser=0&hl=en&rclk=1
Attorney Amy Green,https://www.google.com/maps/place/Attorney+Amy+Green/data=!4m7!3m6!1s0x87d52abd9334df73:0x1fb25b64c45a1d5b!8m2!3d34.5288521!4d-90.5858638!16s%2Fg%2F1tfv12fb!19sChIJc980k70q1YcRWx1axGRbsh8?authuser=0&hl=en&rclk=1
Beavers & Cline,https://www.google.com/maps/place/Beavers+%26+Cline/data=!4m7!3m6!1s0x87d4efb6dbc3ae75:0x6b692e1919509ae7!8m2!3d35.0096888!4d-90.7845329!16s%2Fg%2F11bzwrcqsh!19sChIJda7D27bv1IcR55pQGRkuaWs?authuser=0&hl=en&rclk=1
Wilson Dion E,https://www.google.com/maps/place/Wilson+Dion+E/data=!4m7!3m6!1s0x87d4efb6f64e7c51:0x81b53a6bcde66a50!8m2!3d35.0115742!4d-90.7848425!16s%2Fg%2F1tf71glf!19sChIJUXxO9rbv1IcRUGrmzWs6tYE?authuser=0&hl=en&rclk=1
Nance & Nance,https://www.google.com/maps/place/Nance+%26+Nance/data=!4m7!3m6!1s0x87d576ddd6309711:0x17077acd1e7e5dde!8m2!3d35.1460002!4d-90.1922028!16s%2Fg%2F1wfcppch!19sChIJEZcw1t121YcR3l1-Hs16Bxc?authuser=0&hl=en&rclk=1
Rees David N,https://www.google.com/maps/place/Rees+David+N/data=!4m7!3m6!1s0x87d576d000000001:0x595de7294016bd6f!8m2!3d35.1377209!4d-90.1963364!16s%2Fg%2F1tfvzpfm!19sChIJAQAAANB21YcRb70WQCnnXVk?authuser=0&hl=en&rclk=1
"Law Offices of Arthur Horne III, PLLC","https://www.google.com/maps/place/Law+Offices+of+Arthur+Horne+III,+PLLC/data=!4m7!3m6!1s0x87d57e95ccf73a9b:0x2f60bf9aabb0ad70!8m2!3d35.1433713!4d-90.0546312!16s%2Fg%2F1hc4dfjdm!19sChIJmzr3zJV-1YcRcK2wq5q_YC8?authuser=0&hl=en&rclk=1"
Madden Law Firm: Kubicek C James,https://www.google.com/maps/place/Madden+Law+Firm:+Kubicek+C+James/data=!4m7!3m6!1s0x87d576d000000001:0xa52155bfa8a86a8d!8m2!3d35.1377209!4d-90.1963364!16s%2Fg%2F1td0nkhb!19sChIJAQAAANB21YcRjWqoqL9VIaU?authuser=0&hl=en&rclk=1
Holland & Hisaw Attorneys at Law,https://www.google.com/maps/place/Holland+%26+Hisaw+Attorneys+at+Law/data=!4m7!3m6!1s0x87d563c55b69bf47:0x9d51e30eaa51b571!8m2!3d34.9630627!4d-90.0424418!16s%2Fg%2F1tggbhxy!19sChIJR79pW8Vj1YcRcbVRqg7jUZ0?authuser=0&hl=en&rclk=1
"Nahon, Saharovich & Trotz Personal Injury Attorneys","https://www.google.com/maps/place/Nahon,+Saharovich+%26+Trotz+Personal+Injury+Attorneys/data=!4m7!3m6!1s0x87d563b8ed8abfff:0x7226182d0f04a5cd!8m2!3d35.0262448!4d-90.0240302!16s%2Fg%2F11s5bhtktm!19sChIJ_7-K7bhj1YcRzaUEDy0YJnI?authuser=0&hl=en&rclk=1"
"Jack P. Sherman, Attorney At Law","https://www.google.com/maps/place/Jack+P.+Sherman,+Attorney+At+Law/data=!4m7!3m6!1s0x87d57e9302935537:0x8173f45c658a47a5!8m2!3d35.1467119!4d-90.0490646!16s%2Fg%2F1tf16ds1!19sChIJN1WTApN-1YcRpUeKZVz0c4E?authuser=0&hl=en&rclk=1"
"HP Attorneys, PLLC","https://www.google.com/maps/place/HP+Attorneys,+PLLC/data=!4m7!3m6!1s0x19b51118b1e973f:0xe0838081e4f22cc3!8m2!3d34.9915185!4d-90.0188805!16s%2Fg%2F11q98c8mpt!19sChIJP5ceixFRmwERwyzy5IGAg-A?authuser=0&hl=en&rclk=1"
Madden Law Firm: Crockett C Richard,https://www.google.com/maps/place/Madden+Law+Firm:+Crockett+C+Richard/data=!4m7!3m6!1s0x87d576d000000001:0xee1bcddbce6c0b3d!8m2!3d35.1377209!4d-90.1963364!16s%2Fg%2F1tg7sk9q!19sChIJAQAAANB21YcRPQtsztvNG-4?authuser=0&hl=en&rclk=1
"Hewlett Law Firm, PLLC","https://www.google.com/maps/place/Hewlett+Law+Firm,+PLLC/data=!4m7!3m6!1s0x87d57e9302935537:0xb8d3a848bc1e3224!8m2!3d46.423669!4d-129.9427086!16s%2Fg%2F1tdy9lyx!19sChIJN1WTApN-1YcRJDIevEio07g?authuser=0&hl=en&rclk=1"
