The Law Offices of Craig L. Cook,https://www.google.com/maps/place/The+Law+Offices+of+Craig+L.+Cook/data=!4m7!3m6!1s0x87cbb9f1be366369:0x7ff6739d9075cc6f!8m2!3d35.4887461!4d-94.2077744!16s%2Fg%2F11fv4fqbqs!19sChIJaWM2vvG5y4cRb8x1kJ1z9n8?authuser=0&hl=en&rclk=1
"Wahlmeier Law Firm, P.A.","https://www.google.com/maps/place/Wahlmeier+Law+Firm,+P.A./data=!4m7!3m6!1s0x87cbb5eee3209e45:0xf6e09e2485e88fa2!8m2!3d35.4349193!4d-94.3552634!16s%2Fg%2F11jn45fjr9!19sChIJRZ4g4-61y4cRoo_ohSSe4PY?authuser=0&hl=en&rclk=1"
Hopkins & Holmes PLLC,https://www.google.com/maps/place/Hopkins+%26+Holmes+PLLC/data=!4m7!3m6!1s0x87cbb5a0d3253b6d:0x75c1c4e640fb1000!8m2!3d35.4345906!4d-94.3550279!16s%2Fg%2F1wj_6kgt!19sChIJbTsl06C1y4cRABD7QObEwXU?authuser=0&hl=en&rclk=1
Jernigan Law Group,https://www.google.com/maps/place/Jernigan+Law+Group/data=!4m7!3m6!1s0x87cbb5aa004a98df:0x3e695c4fd25a2ca1!8m2!3d35.4735853!4d-94.3565529!16s%2Fg%2F1tdhmb_g!19sChIJ35hKAKq1y4cRoSxa0k9caT4?authuser=0&hl=en&rclk=1
Baker Law Firm,https://www.google.com/maps/place/Baker+Law+Firm/data=!4m7!3m6!1s0x87cbb81aa431f215:0xa0b69ba2e3672bbd!8m2!3d35.4804157!4d-94.2233715!16s%2Fg%2F1td72jf7!19sChIJFfIxpBq4y4cRvStn46KbtqA?authuser=0&hl=en&rclk=1
"Medlock & Gramlich, LLP Attorneys at Law","https://www.google.com/maps/place/Medlock+%26+Gramlich,+LLP+Attorneys+at+Law/data=!4m7!3m6!1s0x87cbb457c9ee6e2f:0x29fc865635a876b2!8m2!3d35.4358367!4d-94.3485922!16s%2Fg%2F1thsrxrk!19sChIJL27uyVe0y4cRsnaoNVaG_Ck?authuser=0&hl=en&rclk=1"
"Brister Law Firm, PLLC","https://www.google.com/maps/place/Brister+Law+Firm,+PLLC/data=!4m7!3m6!1s0x87cbb8763b3c6745:0xff98610f0034b069!8m2!3d35.4953799!4d-94.2256264!16s%2Fg%2F1tdvf2zv!19sChIJRWc8O3a4y4cRabA0AA9hmP8?authuser=0&hl=en&rclk=1"
"Howell Law Firm, P.A.","https://www.google.com/maps/place/Howell+Law+Firm,+P.A./data=!4m7!3m6!1s0x87cbb45730c5e9eb:0x5dac9146a5e020ec!8m2!3d35.4346536!4d-94.3520147!16s%2Fg%2F1ptzpmz8j!19sChIJ6-nFMFe0y4cR7CDgpUaRrF0?authuser=0&hl=en&rclk=1"
"Walters, Allison, Parker & Estell, Attorneys at Law","https://www.google.com/maps/place/Walters,+Allison,+Parker+%26+Estell,+Attorneys+at+Law/data=!4m7!3m6!1s0x87cba92944b10923:0x1b1f368ca31bd659!8m2!3d35.2194874!4d-94.2790502!16s%2Fg%2F1tgnxrhc!19sChIJIwmxRCmpy4cRWdYbo4w2Hxs?authuser=0&hl=en&rclk=1"
Hickey & Hull Law Partners - Fort Smith,https://www.google.com/maps/place/Hickey+%26+Hull+Law+Partners+-+Fort+Smith/data=!4m7!3m6!1s0x87ca4c9a8bfe1bd3:0x1ef81fa87ba3ecf2!8m2!3d35.3876333!4d-94.4261575!16s%2Fg%2F124ylzwm0!19sChIJ0xv-i5pMyocR8uyje6gf-B4?authuser=0&hl=en&rclk=1
Baker Rinda A,https://www.google.com/maps/place/Baker+Rinda+A/data=!4m7!3m6!1s0x87cbb81aa431f215:0x67c96dc7c5f66b67!8m2!3d35.4803396!4d-94.223413!16s%2Fg%2F1tdl6njy!19sChIJFfIxpBq4y4cRZ2v2xcdtyWc?authuser=0&hl=en&rclk=1
Gean Gean & Gean,https://www.google.com/maps/place/Gean+Gean+%26+Gean/data=!4m7!3m6!1s0x87ca4c9a5df03a5b:0x61db045d86ceb042!8m2!3d35.3878136!4d-94.4255917!16s%2Fg%2F1tc_0159!19sChIJWzrwXZpMyocRQrDOhl0E22E?authuser=0&hl=en&rclk=1
"Carrie Jernigan, attorney","https://www.google.com/maps/place/Carrie+Jernigan,+attorney/data=!4m7!3m6!1s0x87cbb5a9f86da5c7:0x370ba445594251a9!8m2!3d35.4735947!4d-94.3566557!16s%2Fg%2F11b633nj_y!19sChIJx6Vt-Km1y4cRqVFCWUWkCzc?authuser=0&hl=en&rclk=1"
"Medlock & Gramlich, LLP Attorneys at Law","https://www.google.com/maps/place/Medlock+%26+Gramlich,+LLP+Attorneys+at+Law/data=!4m7!3m6!1s0x87ca4cdbffffffff:0x7500d9ef62acbe1!8m2!3d35.383542!4d-94.4172488!16s%2Fg%2F1v6p4trd!19sChIJ_____9tMyocR4csq9p4NUAc?authuser=0&hl=en&rclk=1"
Gramlich Lucas S,https://www.google.com/maps/place/Gramlich+Lucas+S/data=!4m7!3m6!1s0x87ca4cc99689fd3b:0x933331b0108543!8m2!3d35.4358367!4d-94.3485922!16s%2Fg%2F1261vbwq9!19sChIJO_2JlslMyocRQ4UQsDEzkwA?authuser=0&hl=en&rclk=1
Caddell Reynolds Law Firm,https://www.google.com/maps/place/Caddell+Reynolds+Law+Firm/data=!4m7!3m6!1s0x87ca4c97be36d4ab:0x71c2a49c48db7a1e!8m2!3d35.3853341!4d-94.4190244!16s%2Fg%2F1tdmw49q!19sChIJq9Q2vpdMyocRHnrbSJykwnE?authuser=0&hl=en&rclk=1
"King Law Group, PLLC","https://www.google.com/maps/place/King+Law+Group,+PLLC/data=!4m7!3m6!1s0x87ca4c978438b1ed:0xd96600db017cd856!8m2!3d35.3895454!4d-94.4227228!16s%2Fg%2F1v3knllj!19sChIJ7bE4hJdMyocRVth8AdsAZtk?authuser=0&hl=en&rclk=1"
Cox Rasavong Amanda,https://www.google.com/maps/place/Cox+Rasavong+Amanda/data=!4m7!3m6!1s0x87ca4c979d74d1c3:0x53ef4e00a1f31882!8m2!3d35.35424!4d-94.4129215!16s%2Fg%2F1th57j2x!19sChIJw9F0nZdMyocRghjzoQBO71M?authuser=0&hl=en&rclk=1
"Brent Hall, Attorney at Law","https://www.google.com/maps/place/Brent+Hall,+Attorney+at+Law/data=!4m7!3m6!1s0x87ca4cbe1600b821:0xaedeedc0485b589!8m2!3d35.379958!4d-94.4172952!16s%2Fg%2F11c3k6dhs3!19sChIJIbgAFr5MyocRibWFBNzu7Qo?authuser=0&hl=en&rclk=1"
"Cory L. Bridges, Attorney at Law","https://www.google.com/maps/place/Cory+L.+Bridges,+Attorney+at+Law/data=!4m7!3m6!1s0x87cbb51cf68bd2bb:0x1f914825514de59!8m2!3d35.4358367!4d-94.3485922!16s%2Fg%2F11sqx0mlhg!19sChIJu9KL9hy1y4cRWd4UVYIU-QE?authuser=0&hl=en&rclk=1"
Richard Strunks PA,https://www.google.com/maps/place/Richard+Strunks+PA/data=!4m7!3m6!1s0x87ca4c9a09c24b9d:0xd1ecc9131c3c4141!8m2!3d35.3864227!4d-94.4243578!16s%2Fg%2F1tg7sk1c!19sChIJnUvCCZpMyocRQUE8HBPJ7NE?authuser=0&hl=en&rclk=1
"Bryant Law Partners, Attorneys at Law","https://www.google.com/maps/place/Bryant+Law+Partners,+Attorneys+at+Law/data=!4m7!3m6!1s0x87ca4d22769b8209:0xecb914be68288ce1!8m2!3d35.3806275!4d-94.4166062!16s%2Fg%2F11gj782qxt!19sChIJCYKbdiJNyocR4YwoaL4Uuew?authuser=0&hl=en&rclk=1"
Michael Hamby Pa,https://www.google.com/maps/place/Michael+Hamby+Pa/data=!4m7!3m6!1s0x87cba8c72282fc07:0xa9331c3538c8612d!8m2!3d35.211929!4d-94.2560169!16s%2Fg%2F1tn069y4!19sChIJB_yCIseoy4cRLWHIODUcM6k?authuser=0&hl=en&rclk=1
Milligan Law Offices,https://www.google.com/maps/place/Milligan+Law+Offices/data=!4m7!3m6!1s0x87ca4cbe4f9cb8c3:0x50c02bacef3c49e2!8m2!3d35.3788901!4d-94.4166582!16s%2Fg%2F1hc27049c!19sChIJw7icT75MyocR4kk876wrwFA?authuser=0&hl=en&rclk=1
Barling Law Office,https://www.google.com/maps/place/Barling+Law+Office/data=!4m7!3m6!1s0x87cbb1f22a9829f1:0x3f92f4a7f72df514!8m2!3d35.3312469!4d-94.3079605!16s%2Fg%2F1tds76sr!19sChIJ8SmYKvKxy4cRFPUt96f0kj8?authuser=0&hl=en&rclk=1
Mediated Solutions,https://www.google.com/maps/place/Mediated+Solutions/data=!4m7!3m6!1s0x87cbb5a9ffe78823:0xab51e9861d71788!8m2!3d35.4491767!4d-94.3564528!16s%2Fg%2F1td3m3gb!19sChIJI4jn_6m1y4cRiBfXYZgetQo?authuser=0&hl=en&rclk=1
Taylor King Law,https://www.google.com/maps/place/Taylor+King+Law/data=!4m7!3m6!1s0x87ca4cb8234ef627:0xbb883b27baff6152!8m2!3d35.3777812!4d-94.4085284!16s%2Fg%2F11cs3j5g6t!19sChIJJ_ZOI7hMyocRUmH_uic7iLs?authuser=0&hl=en&rclk=1
"Jones, Jackson, Moll, McGinnis & Stocks, PLC","https://www.google.com/maps/place/Jones,+Jackson,+Moll,+McGinnis+%26+Stocks,+PLC/data=!4m7!3m6!1s0x87ca4c9905ec6fe3:0x2d6938becd865076!8m2!3d35.39008!4d-94.421436!16s%2Fg%2F1tv3p69w!19sChIJ42_sBZlMyocRdlCGzb44aS0?authuser=0&hl=en&rclk=1"
"Keith M. Kannett, Brister Law Firm PLLC","https://www.google.com/maps/place/Keith+M.+Kannett,+Brister+Law+Firm+PLLC/data=!4m7!3m6!1s0x87cbc72956c9e903:0x68f4084b7b651d45!8m2!3d35.4953799!4d-94.2256264!16s%2Fg%2F11kj4_98jb!19sChIJA-nJVinHy4cRRR1le0sI9Gg?authuser=0&hl=en&rclk=1"
McKinnon Law Firm,https://www.google.com/maps/place/McKinnon+Law+Firm/data=!4m7!3m6!1s0x87cbb31812b9601b:0x761f64d4e8ccf3df!8m2!3d35.3664102!4d-94.3753455!16s%2Fg%2F1tfk9k32!19sChIJG2C5Ehizy4cR3_PM6NRkH3Y?authuser=0&hl=en&rclk=1
"Byars & Hall, PLLC","https://www.google.com/maps/place/Byars+%26+Hall,+PLLC/data=!4m7!3m6!1s0x87ca4cbe1672db05:0x5b2c7f2805422e8b!8m2!3d35.3799716!4d-94.4173038!16s%2Fg%2F11c2lb3jsw!19sChIJBdtyFr5MyocRiy5CBSh_LFs?authuser=0&hl=en&rclk=1"
Rex W. Chronister,https://www.google.com/maps/place/Rex+W.+Chronister/data=!4m7!3m6!1s0x87ca4c997569c391:0xc357a121eec43661!8m2!3d35.3893669!4d-94.4220793!16s%2Fg%2F1tf5qs0n!19sChIJkcNpdZlMyocRYTbE7iGhV8M?authuser=0&hl=en&rclk=1
McCutchen Sexton Napurano â€” The Law Firm,https://www.google.com/maps/place/McCutchen+Sexton+Napurano+%E2%80%94+The+Law+Firm/data=!4m7!3m6!1s0x87ca4cbc1741b4df:0x2c9150e838008826!8m2!3d35.3821!4d-94.4141431!16s%2Fg%2F1tkc2mx5!19sChIJ37RBF7xMyocRJogAOOhQkSw?authuser=0&hl=en&rclk=1
Deeanna Weimar Attorney at Law,https://www.google.com/maps/place/Deeanna+Weimar+Attorney+at+Law/data=!4m7!3m6!1s0x87cba8c72c77b5e3:0x7bcbf4d33c4c7ff1!8m2!3d35.211929!4d-94.2560169!16s%2Fg%2F1pp2xbqkg!19sChIJ47V3LMeoy4cR8X9MPNP0y3s?authuser=0&hl=en&rclk=1
Providence Estate Planning and Elder Law Attorneys,https://www.google.com/maps/place/Providence+Estate+Planning+and+Elder+Law+Attorneys/data=!4m7!3m6!1s0x87ca4d7005b2f66d:0x5590e55fbeb0767a!8m2!3d35.3516674!4d-94.3925017!16s%2Fg%2F11j2xjrmzw!19sChIJbfayBXBNyocRenawvl_lkFU?authuser=0&hl=en&rclk=1
Chronister Fields & Flake Law Firm,https://www.google.com/maps/place/Chronister+Fields+%26+Flake+Law+Firm/data=!4m7!3m6!1s0x87ca4c997569c391:0x2adac01cd11b0130!8m2!3d35.3894086!4d-94.4220871!16s%2Fg%2F1vxw8t3r!19sChIJkcNpdZlMyocRMAEb0RzA2io?authuser=0&hl=en&rclk=1
Honeycutt Law Office,https://www.google.com/maps/place/Honeycutt+Law+Office/data=!4m7!3m6!1s0x15212366be54421f:0x7d3f5638c69d8f58!8m2!3d35.3872356!4d-94.4279412!16s%2Fg%2F11b76tsb7k!19sChIJH0JUvmYjIRURWI-dxjhWP30?authuser=0&hl=en&rclk=1
Center For Arkansas Legal Services,https://www.google.com/maps/place/Center+For+Arkansas+Legal+Services/data=!4m7!3m6!1s0x87ca4cc79e58c58b:0x1aa23279eeaa52f9!8m2!3d35.374898!4d-94.4103389!16s%2Fg%2F11bwyvyzvn!19sChIJi8VYnsdMyocR-VKq7nkyoho?authuser=0&hl=en&rclk=1
"Aundrea Stone Hanna, P.L.L.C.","https://www.google.com/maps/place/Aundrea+Stone+Hanna,+P.L.L.C./data=!4m7!3m6!1s0x87ca4da2378dcf17:0x1da865c741149256!8m2!3d35.382422!4d-94.414545!16s%2Fg%2F11f7bdjblr!19sChIJF8-NN6JNyocRVpIUQcdlqB0?authuser=0&hl=en&rclk=1"
"Aubrey Barr, Attorney at Law","https://www.google.com/maps/place/Aubrey+Barr,+Attorney+at+Law/data=!4m7!3m6!1s0x87ca4c9083b96a4f:0x5873cadb3d276f20!8m2!3d35.386183!4d-94.4254853!16s%2Fg%2F11b6xr8t9_!19sChIJT2q5g5BMyocRIG8nPdvKc1g?authuser=0&hl=en&rclk=1"
Gilker & Jones Attorneys,https://www.google.com/maps/place/Gilker+%26+Jones+Attorneys/data=!4m7!3m6!1s0x87cbc67bbcada72d:0x8e5eba6e3b1a98fe!8m2!3d35.572851!4d-94.1989688!16s%2Fg%2F1tf9tc0z!19sChIJLaetvHvGy4cR_pgaO266Xo4?authuser=0&hl=en&rclk=1
Naif Samuel Khoury Law Offices,https://www.google.com/maps/place/Naif+Samuel+Khoury+Law+Offices/data=!4m7!3m6!1s0x87ca4cca6e408427:0x1fbf09bfa1f29348!8m2!3d35.3755247!4d-94.4013986!16s%2Fg%2F1td5944q!19sChIJJ4RAbspMyocRSJPyob8Jvx8?authuser=0&hl=en&rclk=1
Bagby Law Firm Pa,https://www.google.com/maps/place/Bagby+Law+Firm+Pa/data=!4m7!3m6!1s0x87cbb457b11fa41b:0x48d5124cf24e9855!8m2!3d35.4353568!4d-94.3547282!16s%2Fg%2F1hbpws3gw!19sChIJG6QfsVe0y4cRVZhO8kwS1Ug?authuser=0&hl=en&rclk=1
"Phil Votaw & Associates, Attorneys at Law","https://www.google.com/maps/place/Phil+Votaw+%26+Associates,+Attorneys+at+Law/data=!4m7!3m6!1s0x87ca4c9742e7932b:0x5fa979a505f7db6c!8m2!3d35.3857969!4d-94.4224271!16s%2Fg%2F11b6wghzj9!19sChIJK5PnQpdMyocRbNv3BaV5qV8?authuser=0&hl=en&rclk=1"
Rush Law Firm,https://www.google.com/maps/place/Rush+Law+Firm/data=!4m7!3m6!1s0x87ca4cbefac1d969:0x4d90e853c20b3df1!8m2!3d35.3793148!4d-94.4147728!16s%2Fg%2F1tyyxn50!19sChIJadnB-r5MyocR8T0LwlPokE0?authuser=0&hl=en&rclk=1
The Law Offices of Craig L. Cook,https://www.google.com/maps/place/The+Law+Offices+of+Craig+L.+Cook/data=!4m7!3m6!1s0x87ca4d135d467c3b:0xbb8dd122409c0bbf!8m2!3d35.3890232!4d-94.4208397!16s%2Fg%2F11t7njqx56!19sChIJO3xGXRNNyocRvwucQCLRjbs?authuser=0&hl=en&rclk=1
"Dennis Sbanotto, P.C. Attorney At Law","https://www.google.com/maps/place/Dennis+Sbanotto,+P.C.+Attorney+At+Law/data=!4m7!3m6!1s0x87ca4cb62d53ef4b:0xb01008a91d6c2b34!8m2!3d35.377199!4d-94.4047821!16s%2Fg%2F1tfscclk!19sChIJS-9TLbZMyocRNCtsHakIELA?authuser=0&hl=en&rclk=1"
"The Law Offices of David L Powell, PLLC","https://www.google.com/maps/place/The+Law+Offices+of+David+L+Powell,+PLLC/data=!4m7!3m6!1s0x87ca4c908232f863:0xbc4da3cc0270a5c!8m2!3d35.3815994!4d-94.4036259!16s%2Fg%2F11hbg8yys3!19sChIJY_gygpBMyocRXAonwDzaxAs?authuser=0&hl=en&rclk=1"
"David L. Moore, P.A.","https://www.google.com/maps/place/David+L.+Moore,+P.A./data=!4m7!3m6!1s0x87cbb43379efbec7:0xe6b72d7061b170ba!8m2!3d35.4474166!4d-94.3543691!16s%2Fg%2F11ftwv0v9p!19sChIJx77veTO0y4cRunCxYXAtt-Y?authuser=0&hl=en&rclk=1"
Matthew Scott Law Firm,https://www.google.com/maps/place/Matthew+Scott+Law+Firm/data=!4m7!3m6!1s0x87ca4c9a969c995d:0xc2865b0b833bf494!8m2!3d35.3872875!4d-94.4270938!16s%2Fg%2F1q67qmbg1!19sChIJXZmclppMyocRlPQ7gwtbhsI?authuser=0&hl=en&rclk=1
James W. Robb Attorney at Law,https://www.google.com/maps/place/James+W.+Robb+Attorney+at+Law/data=!4m7!3m6!1s0x87ca4c9a66f8543d:0xb15a2e385730f403!8m2!3d35.3875939!4d-94.4254646!16s%2Fg%2F1thcn94w!19sChIJPVT4ZppMyocRA_QwVzguWrE?authuser=0&hl=en&rclk=1
"Parmele Law Firm, P.C.","https://www.google.com/maps/place/Parmele+Law+Firm,+P.C./data=!4m7!3m6!1s0x87cbb3a658702a17:0x9bbc72a78739a9f1!8m2!3d35.3615395!4d-94.373761!16s%2Fg%2F11j0bw20nv!19sChIJFypwWKazy4cR8ak5h6dyvJs?authuser=0&hl=en&rclk=1"
The Law Offices of Craig L. Cook,https://www.google.com/maps/place/The+Law+Offices+of+Craig+L.+Cook/data=!4m7!3m6!1s0x87cb8ca3443b2027:0x29e9f452722f36ad!8m2!3d35.4875784!4d-93.8347387!16s%2Fg%2F1vqmjxc4!19sChIJJyA7RKOMy4cRrTYvclL06Sk?authuser=0&hl=en&rclk=1
Andrew A. Flake - Attorney at Law,https://www.google.com/maps/place/Andrew+A.+Flake+-+Attorney+at+Law/data=!4m7!3m6!1s0x87ca4d29093b8ab1:0x5114b72a9a96c69e!8m2!3d35.3894086!4d-94.4220871!16s%2Fg%2F11fm5vqmhq!19sChIJsYo7CSlNyocRnsaWmiq3FFE?authuser=0&hl=en&rclk=1
Masri Law Firm,https://www.google.com/maps/place/Masri+Law+Firm/data=!4m7!3m6!1s0x87ca4d14539f7225:0x9b839526b8733716!8m2!3d35.3877516!4d-94.425377!16s%2Fg%2F11cjkw9l1z!19sChIJJXKfUxRNyocRFjdzuCaVg5s?authuser=0&hl=en&rclk=1
"Law Office of Jason M. Hatfield, P.A.","https://www.google.com/maps/place/Law+Office+of+Jason+M.+Hatfield,+P.A./data=!4m7!3m6!1s0x87ca4df566bde8fd:0x98ca1f03b3846e19!8m2!3d35.3903899!4d-94.4218332!16s%2Fg%2F11rx1n0vm_!19sChIJ_ei9ZvVNyocRGW6EswMfypg?authuser=0&hl=en&rclk=1"
Booth Law Firm PLC,https://www.google.com/maps/place/Booth+Law+Firm+PLC/data=!4m7!3m6!1s0x87cbb451116314b1:0xadc6738018cf676b!8m2!3d35.4366985!4d-94.3496272!16s%2Fg%2F1tmcms33!19sChIJsRRjEVG0y4cRa2fPGIBzxq0?authuser=0&hl=en&rclk=1
"Whitfield Hyman, Attorney At Law","https://www.google.com/maps/place/Whitfield+Hyman,+Attorney+At+Law/data=!4m7!3m6!1s0x87ca4c997bce4963:0xce035cbe77d8d4da!8m2!3d35.3895718!4d-94.4226156!16s%2Fg%2F11b81v59jr!19sChIJY0nOe5lMyocR2tTYd75cA84?authuser=0&hl=en&rclk=1"
Martin Land & Title Company Inc.,https://www.google.com/maps/place/Martin+Land+%26+Title+Company+Inc./data=!4m7!3m6!1s0x87cbb37096a622a1:0x3f37e4b385b3b3e3!8m2!3d35.352968!4d-94.3559971!16s%2Fg%2F11spmk3fm4!19sChIJoSKmlnCzy4cR47OzhbPkNz8?authuser=0&hl=en&rclk=1
Bugeja Law Firm,https://www.google.com/maps/place/Bugeja+Law+Firm/data=!4m7!3m6!1s0x87ca4c9a68de97a3:0x9c90403cb9132cd5!8m2!3d35.3817674!4d-94.4144965!16s%2Fg%2F11g88bkq14!19sChIJo5feaJpMyocR1SwTuTxAkJw?authuser=0&hl=en&rclk=1
Barnett Law Firm,https://www.google.com/maps/place/Barnett+Law+Firm/data=!4m7!3m6!1s0x87cbb457bcca1d71:0xc446b8d72dbec2cb!8m2!3d35.4343857!4d-94.3546035!16s%2Fg%2F1tfhgyl_!19sChIJcR3KvFe0y4cRy8K-Lde4RsQ?authuser=0&hl=en&rclk=1
Gant Law Firm,https://www.google.com/maps/place/Gant+Law+Firm/data=!4m7!3m6!1s0x87cbb45730cf58b3:0xe8d513c07e1762bc!8m2!3d35.4346257!4d-94.3519081!16s%2Fg%2F1tjg_x88!19sChIJs1jPMFe0y4cRvGIXfsAT1eg?authuser=0&hl=en&rclk=1
"Dusti Standridge, Attorney at Law","https://www.google.com/maps/place/Dusti+Standridge,+Attorney+at+Law/data=!4m7!3m6!1s0x87ca4cb8f7cef457:0xd45fe898c7c431aa!8m2!3d35.3776346!4d-94.410304!16s%2Fg%2F1tzzw0n9!19sChIJV_TO97hMyocRqjHEx5joX9Q?authuser=0&hl=en&rclk=1"
Ron Fields,https://www.google.com/maps/place/Ron+Fields/data=!4m7!3m6!1s0x87ca4c997569c391:0xfe0eca704f5193fb!8m2!3d35.389379!4d-94.422139!16s%2Fg%2F1td9r15r!19sChIJkcNpdZlMyocR-5NRT3DKDv4?authuser=0&hl=en&rclk=1
"Walker Law Group, PLC","https://www.google.com/maps/place/Walker+Law+Group,+PLC/data=!4m7!3m6!1s0x87ca4c996b83e671:0x6eb99c6caaa772fd!8m2!3d35.3903898!4d-94.4218329!16s%2Fg%2F1tfwkwyq!19sChIJceaDa5lMyocR_XKnqmycuW4?authuser=0&hl=en&rclk=1"
REBEKAH KENNEDY LAW,https://www.google.com/maps/place/REBEKAH+KENNEDY+LAW/data=!4m7!3m6!1s0x87cbb87931370145:0xdd90049dac7ba2cf!8m2!3d35.7152276!4d-93.891184!16s%2Fg%2F11f11p8j4n!19sChIJRQE3MXm4y4cRz6J7rJ0EkN0?authuser=0&hl=en&rclk=1
Sexton and Sanders Law Firm,https://www.google.com/maps/place/Sexton+and+Sanders+Law+Firm/data=!4m7!3m6!1s0x87ca4c9a41156b31:0x9e78b2054ba12378!8m2!3d35.3880714!4d-94.4248948!16s%2Fg%2F1thw_zpf!19sChIJMWsVQZpMyocReCOhSwWyeJ4?authuser=0&hl=en&rclk=1
Drew A. Harmon,https://www.google.com/maps/place/Drew+A.+Harmon/data=!4m7!3m6!1s0x87ca57d9bc140831:0x1456aed9fde3e355!8m2!3d35.386183!4d-94.4254853!16s%2Fg%2F1261twy85!19sChIJMQgUvNlXyocRVePj_dmuVhQ?authuser=0&hl=en&rclk=1
"Hopkins Law, PLC","https://www.google.com/maps/place/Hopkins+Law,+PLC/data=!4m7!3m6!1s0x87ca4dbe83a29e95:0x5199b740cc168d01!8m2!3d35.3712895!4d-94.3901428!16s%2Fg%2F11jg6310d4!19sChIJlZ6ig75NyocRAY0WzEC3mVE?authuser=0&hl=en&rclk=1"
"Jeremy D. Wann, PLC - Attorney at Law","https://www.google.com/maps/place/Jeremy+D.+Wann,+PLC+-+Attorney+at+Law/data=!4m7!3m6!1s0x87ca4d2d6a6f4ceb:0xa3144069c5c1258f!8m2!3d35.3892646!4d-94.4214869!16s%2Fg%2F11g10pwcp0!19sChIJ60xvai1NyocRjyXBxWlAFKM?authuser=0&hl=en&rclk=1"
Lawrence W Fitting Law Offices,https://www.google.com/maps/place/Lawrence+W+Fitting+Law+Offices/data=!4m7!3m6!1s0x87cbb31f4bd67b65:0xc3f5dc0493a1a2ca!8m2!3d35.3602226!4d-94.375782!16s%2Fg%2F1td25zrj!19sChIJZXvWSx-zy4cRyqKhkwTc9cM?authuser=0&hl=en&rclk=1
"Daily & Woods, P.L.L.C. | Fort Smith","https://www.google.com/maps/place/Daily+%26+Woods,+P.L.L.C.+%7C+Fort+Smith/data=!4m7!3m6!1s0x87ca4c906b5bcb89:0xfc5ad0600f7bb096!8m2!3d35.3856431!4d-94.4273156!16s%2Fg%2F1v3_36bd!19sChIJictba5BMyocRlrB7D2DQWvw?authuser=0&hl=en&rclk=1"
"Hardin Jesson & Terry, PLC","https://www.google.com/maps/place/Hardin+Jesson+%26+Terry,+PLC/data=!4m7!3m6!1s0x87cbb3180c0f853b:0xc721d6c736a8263c!8m2!3d35.364056!4d-94.376227!16s%2Fg%2F1vm_ydv3!19sChIJO4UPDBizy4cRPCaoNsfWIcc?authuser=0&hl=en&rclk=1"
Wayne Young Law Firm,https://www.google.com/maps/place/Wayne+Young+Law+Firm/data=!4m7!3m6!1s0x87cbb3181304f529:0xc7ab71300619868!8m2!3d35.3670779!4d-94.374321!16s%2Fg%2F1260s4t_k!19sChIJKfUEExizy4cRaJhhABO3egw?authuser=0&hl=en&rclk=1
Crawford County Prosecuting Atty,https://www.google.com/maps/place/Crawford+County+Prosecuting+Atty/data=!4m7!3m6!1s0x87cbb457e75617b5:0x4f4474e34024c666!8m2!3d35.4325409!4d-94.3548797!16s%2Fg%2F1tfqlxsr!19sChIJtRdW51e0y4cRZsYkQON0RE8?authuser=0&hl=en&rclk=1
Natalie Hyman,https://www.google.com/maps/place/Natalie+Hyman/data=!4m7!3m6!1s0x87caef1e43da1efb:0xe18a17ab231380db!8m2!3d35.3895781!4d-94.4227065!16s%2Fg%2F11b7rxgty4!19sChIJ-x7aQx7vyocR24ATI6sXiuE?authuser=0&hl=en&rclk=1
Leggett & Platt Inc,https://www.google.com/maps/place/Leggett+%26+Platt+Inc/data=!4m7!3m6!1s0x87cbb4323d50fa45:0xdb22d8bae0996c5a!8m2!3d35.4395497!4d-94.3273238!16s%2Fg%2F1tj_5s4_!19sChIJRfpQPTK0y4cRWmyZ4LrYIts?authuser=0&hl=en&rclk=1
"Shannon Foster, P.A.","https://www.google.com/maps/place/Shannon+Foster,+P.A./data=!4m7!3m6!1s0x87cba8c22d7ea58f:0xb4eda7150aa58655!8m2!3d35.212015!4d-94.256181!16s%2Fg%2F1tzvx2jv!19sChIJj6V-LcKoy4cRVYalChWn7bQ?authuser=0&hl=en&rclk=1"
Anteski Law Firm,https://www.google.com/maps/place/Anteski+Law+Firm/data=!4m7!3m6!1s0x87cbb218962688db:0xaf986380628b68ee!8m2!3d35.3343405!4d-94.3224921!16s%2Fg%2F12hp_qlz4!19sChIJ24gmlhiyy4cR7miLYoBjmK8?authuser=0&hl=en&rclk=1
19 Court Street Partnership,https://www.google.com/maps/place/19+Court+Street+Partnership/data=!4m7!3m6!1s0x87ca4c9083b96a4f:0x59c6236ef340cedb!8m2!3d35.3866043!4d-94.4256377!16s%2Fg%2F1tdb4thz!19sChIJT2q5g5BMyocR285A824jxlk?authuser=0&hl=en&rclk=1
Joe Byars PA Attorney at Law,https://www.google.com/maps/place/Joe+Byars+PA+Attorney+at+Law/data=!4m7!3m6!1s0x87ca4cbe1600b821:0x1895b9988d1cc4da!8m2!3d35.3800536!4d-94.417389!16s%2Fg%2F1ptxltlhr!19sChIJIbgAFr5MyocR2sQcjZi5lRg?authuser=0&hl=en&rclk=1
Burns Bankruptcy Law,https://www.google.com/maps/place/Burns+Bankruptcy+Law/data=!4m7!3m6!1s0x87ca4d69df41584b:0xe461823c9a14c032!8m2!3d35.3872356!4d-94.4279412!16s%2Fg%2F11fpdb5ysx!19sChIJS1hB32lNyocRMsAUmjyCYeQ?authuser=0&hl=en&rclk=1
Resolve Family Law,https://www.google.com/maps/place/Resolve+Family+Law/data=!4m7!3m6!1s0x87ca4b63434febf1:0x11b9f01f5bac61cf!8m2!3d35.4000543!4d-94.404373!16s%2Fg%2F11m9sfxv0b!19sChIJ8etPQ2NLyocRz2GsWx_wuRE?authuser=0&hl=en&rclk=1
Shaw Law Firm,https://www.google.com/maps/place/Shaw+Law+Firm/data=!4m7!3m6!1s0x87cbb33f26aaa02b:0x79d84cf0e1682782!8m2!3d35.3750183!4d-94.3808826!16s%2Fg%2F1vgqdmd4!19sChIJK6CqJj-zy4cRgido4fBM2Hk?authuser=0&hl=en&rclk=1
Fort Smith Family Law,https://www.google.com/maps/place/Fort+Smith+Family+Law/data=!4m7!3m6!1s0x87cbb36365568e27:0xac1e0518edf57401!8m2!3d35.3674104!4d-94.3798352!16s%2Fg%2F11qy6q5pcv!19sChIJJ45WZWOzy4cRAXT17RgFHqw?authuser=0&hl=en&rclk=1
June Anteski,https://www.google.com/maps/place/June+Anteski/data=!4m7!3m6!1s0x87ca4c99ab6b70a9:0xc91d6a4891c1ae89!8m2!3d35.3890136!4d-94.4208095!16s%2Fg%2F11cm7t962b!19sChIJqXBrq5lMyocRia7BkUhqHck?authuser=0&hl=en&rclk=1
Ledbetter Cogbill Arnold,https://www.google.com/maps/place/Ledbetter+Cogbill+Arnold/data=!4m7!3m6!1s0x87ca4c906f24d97f:0x62f951b036b8b2e2!8m2!3d35.3853024!4d-94.426859!16s%2Fg%2F1tf02_sk!19sChIJf9kkb5BMyocR4rK4NrBR-WI?authuser=0&hl=en&rclk=1
James R Filyaw,https://www.google.com/maps/place/James+R+Filyaw/data=!4m7!3m6!1s0x87ca4c9a7120b9b9:0x58f131a244f91434!8m2!3d35.3868784!4d-94.4252938!16s%2Fg%2F1th49y36!19sChIJubkgcZpMyocRNBT5RKIx8Vg?authuser=0&hl=en&rclk=1
Kenny Jones Law Office,https://www.google.com/maps/place/Kenny+Jones+Law+Office/data=!4m7!3m6!1s0x87cbb22ee6bac1b9:0xb1df46381ba8c46c!8m2!3d35.3491129!4d-94.3226162!16s%2Fg%2F1w0p64ln!19sChIJucG65i6yy4cRbMSoGzhG37E?authuser=0&hl=en&rclk=1
Hodnett H Ray,https://www.google.com/maps/place/Hodnett+H+Ray/data=!4m7!3m6!1s0x87cbb43379efbec7:0xad94e0bbd8ef883!8m2!3d35.4420775!4d-94.3306707!16s%2Fg%2F1tflmzby!19sChIJx77veTO0y4cRg_iOvQtO2Qo?authuser=0&hl=en&rclk=1
Anteski Law Firm,https://www.google.com/maps/place/Anteski+Law+Firm/data=!4m7!3m6!1s0x87cba62216d05a2b:0x671e6283de319422!8m2!3d35.2061144!4d-94.2274184!16s%2Fg%2F11btx0c80x!19sChIJK1rQFiKmy4cRIpQx3oNiHmc?authuser=0&hl=en&rclk=1
Flake Patrick,https://www.google.com/maps/place/Flake+Patrick/data=!4m7!3m6!1s0x87ca4cbefac1de8f:0x54349617e546e17!8m2!3d35.3793252!4d-94.4147717!16s%2Fg%2F12636fq7h!19sChIJj97B-r5MyocRF25UfmFJQwU?authuser=0&hl=en&rclk=1
Efurd Law Office,https://www.google.com/maps/place/Efurd+Law+Office/data=!4m7!3m6!1s0x87cb984beeb00e6d:0xc0a382737533257f!8m2!3d35.2972098!4d-94.0348313!16s%2Fg%2F1tjmf5h4!19sChIJbQ6w7kuYy4cRfyUzdXOCo8A?authuser=0&hl=en&rclk=1
Dooley Jr Edwin G,https://www.google.com/maps/place/Dooley+Jr+Edwin+G/data=!4m7!3m6!1s0x87ca4cc8e742f6f1:0x235ceb4996496a9!8m2!3d35.3718844!4d-94.4052083!16s%2Fg%2F1vr1x4t5!19sChIJ8fZC58hMyocRqZZkmbTONQI?authuser=0&hl=en&rclk=1
Susan M Johnson PA,https://www.google.com/maps/place/Susan+M+Johnson+PA/data=!4m7!3m6!1s0x87ca4c99e3b07703:0x7ea330837719c94f!8m2!3d35.3864652!4d-94.4222053!16s%2Fg%2F1wyc4w6k!19sChIJA3ew45lMyocRT8kZd4Mwo34?authuser=0&hl=en&rclk=1
Cronkhite Jacqueline,https://www.google.com/maps/place/Cronkhite+Jacqueline/data=!4m7!3m6!1s0x87cbb3180c055f5f:0x2a54e96d7df1ee2!8m2!3d35.364056!4d-94.376227!16s%2Fg%2F1260vg1qp!19sChIJX18FDBizy4cR4h7f15ZOpQI?authuser=0&hl=en&rclk=1
Caplinger Law Firm PA,https://www.google.com/maps/place/Caplinger+Law+Firm+PA/data=!4m7!3m6!1s0x87ca4c979d74d1c3:0x95e859cafdbdf37a!8m2!3d35.3863964!4d-94.4204998!16s%2Fg%2F1td4q74l!19sChIJw9F0nZdMyocRevO9_cpZ6JU?authuser=0&hl=en&rclk=1
"Hayes, Johnson & Conley, PLLC","https://www.google.com/maps/place/Hayes,+Johnson+%26+Conley,+PLLC/data=!4m7!3m6!1s0x87ca4cb88a2ff38d:0x71da240febde3075!8m2!3d35.3768075!4d-94.4110481!16s%2Fg%2F1tdyg4q7!19sChIJjfMvirhMyocRdTDe6w8k2nE?authuser=0&hl=en&rclk=1"
Schlegel Ray,https://www.google.com/maps/place/Schlegel+Ray/data=!4m7!3m6!1s0x87ca4c97be30c559:0xc3f1b51aa8fae2a8!8m2!3d35.3853289!4d-94.4190231!16s%2Fg%2F12644hmcx!19sChIJWcUwvpdMyocRqOL6qBq18cM?authuser=0&hl=en&rclk=1
"Robertson, Beasley, Shipley & Robinson, PLLC","https://www.google.com/maps/place/Robertson,+Beasley,+Shipley+%26+Robinson,+PLLC/data=!4m7!3m6!1s0x87ca4c990c73903d:0xb627e4e53e529b7c!8m2!3d35.3896611!4d-94.4218799!16s%2Fg%2F1x5fbx0h!19sChIJPZBzDJlMyocRfJtSPuXkJ7Y?authuser=0&hl=en&rclk=1"
Hopkins Carl W,https://www.google.com/maps/place/Hopkins+Carl+W/data=!4m7!3m6!1s0x87ca52caed8abd65:0x3d826a211f2ef97b!8m2!3d35.2873876!4d-94.3993605!16s%2Fg%2F1hc5dndm0!19sChIJZb2K7cpSyocRe_kuHyFqgj0?authuser=0&hl=en&rclk=1
U.S. Attorney's Office,https://www.google.com/maps/place/U.S.+Attorney%27s+Office/data=!4m7!3m6!1s0x87ca4c907f2ba8cd:0xf064222a9008611f!8m2!3d35.3862013!4d-94.4285188!16s%2Fg%2F1w8wbk4_!19sChIJzagrf5BMyocRH2EIkCoiZPA?authuser=0&hl=en&rclk=1
Masri Ziad,https://www.google.com/maps/place/Masri+Ziad/data=!4m7!3m6!1s0x87ca4d14539f7225:0x63158aae177a2455!8m2!3d35.3877516!4d-94.425377!16s%2Fg%2F11cls7gwx3!19sChIJJXKfUxRNyocRVSR6F66KFWM?authuser=0&hl=en&rclk=1
"David L. Borland, Attorney at Law","https://www.google.com/maps/place/David+L.+Borland,+Attorney+at+Law/data=!4m7!3m6!1s0x87ca4c97be30c559:0x83dd45fb650dfcc9!8m2!3d35.3835224!4d-94.4171852!16s%2Fg%2F1260zr2fv!19sChIJWcUwvpdMyocRyfwNZftF3YM?authuser=0&hl=en&rclk=1"
Affordable Legal Services,https://www.google.com/maps/place/Affordable+Legal+Services/data=!4m7!3m6!1s0x87cbb3345b399dc1:0xf8e34e1227261987!8m2!3d35.3712373!4d-94.3888215!16s%2Fg%2F1tf43h63!19sChIJwZ05WzSzy4cRhxkmJxJO4_g?authuser=0&hl=en&rclk=1
Michael David Collins,https://www.google.com/maps/place/Michael+David+Collins/data=!4m7!3m6!1s0x87cbb326f7c1a97b:0x7a666e416822d6fd!8m2!3d35.3686416!4d-94.3855944!16s%2Fg%2F11hdf7wv22!19sChIJe6nB9yazy4cR_dYiaEFuZno?authuser=0&hl=en&rclk=1
Mullins & Blake Attorneys,https://www.google.com/maps/place/Mullins+%26+Blake+Attorneys/data=!4m7!3m6!1s0x87cbb357f87474ab:0xf4761cf998395638!8m2!3d35.3676404!4d-94.3823716!16s%2Fg%2F11sfjkk2__!19sChIJq3R0-Fezy4cROFY5mPkcdvQ?authuser=0&hl=en&rclk=1
Blythe Law Firm,https://www.google.com/maps/place/Blythe+Law+Firm/data=!4m7!3m6!1s0x87cbb3dba32a5545:0x77f10176fd9d1f67!8m2!3d35.3712455!4d-94.3882257!16s%2Fg%2F11ssfcdznx!19sChIJRVUqo9uzy4cRZx-d_XYB8Xc?authuser=0&hl=en&rclk=1
