Burgess Law Firm,https://www.google.com/maps/place/Burgess+Law+Firm/data=!4m7!3m6!1s0x87d3daf7a34493d3:0xb6d680f3747c73f0!8m2!3d35.7715199!4d-91.6518772!16s%2Fg%2F1vxf_q3m!19sChIJ05NEo_fa04cR8HN8dPOA1rY?authuser=0&hl=en&rclk=1
"Reeves Law Firm - Estates, Probate, Litigation","https://www.google.com/maps/place/Reeves+Law+Firm+-+Estates,+Probate,+Litigation/data=!4m7!3m6!1s0x87d3db7638afdd51:0xe48abf24003adea9!8m2!3d35.769464!4d-91.648035!16s%2Fg%2F11gwmhjkjs!19sChIJUd2vOHbb04cRqd46ACS_iuQ?authuser=0&hl=en&rclk=1"
J.T. Skinner,https://www.google.com/maps/place/J.T.+Skinner/data=!4m7!3m6!1s0x87d3daf624455203:0x72a6197591050aaa!8m2!3d35.7726137!4d-91.6501521!16s%2Fg%2F11f40qx6wl!19sChIJA1JFJPba04cRqgoFkXUZpnI?authuser=0&hl=en&rclk=1
Blair & Stroud,https://www.google.com/maps/place/Blair+%26+Stroud/data=!4m7!3m6!1s0x87d3daf63c80f561:0x37a124452563d548!8m2!3d35.772181!4d-91.6497811!16s%2Fg%2F1tdjrpbz!19sChIJYfWAPPba04cRSNVjJUUkoTc?authuser=0&hl=en&rclk=1
Blankenship Law Firm,https://www.google.com/maps/place/Blankenship+Law+Firm/data=!4m7!3m6!1s0x87d3daf434787e6d:0xbe7be53b13c1805a!8m2!3d35.7709729!4d-91.6536796!16s%2Fg%2F1tdzm2qg!19sChIJbX54NPTa04cRWoDBEzvle74?authuser=0&hl=en&rclk=1
"Fuller Bumpers, Attorney at Law","https://www.google.com/maps/place/Fuller+Bumpers,+Attorney+at+Law/data=!4m7!3m6!1s0x87d3daf69a0f059d:0x9ff8d3dae90d5513!8m2!3d35.7701703!4d-91.6536151!16s%2Fg%2F1tdxldp2!19sChIJnQUPmvba04cRE1UN6drT-J8?authuser=0&hl=en&rclk=1"
The Law Offices of Watson and Watson,https://www.google.com/maps/place/The+Law+Offices+of+Watson+and+Watson/data=!4m7!3m6!1s0x87d3f47db1afbadb:0x327c43658522b78d!8m2!3d35.605048!4d-91.282532!16s%2Fg%2F1vxdytk4!19sChIJ27qvsX3004cRjbcihWVDfDI?authuser=0&hl=en&rclk=1
Law Office of Larry Kissee,https://www.google.com/maps/place/Law+Office+of+Larry+Kissee/data=!4m7!3m6!1s0x87d16ca0c5d4bb7b:0x79506fa5d9befed!8m2!3d36.235078!4d-91.6001766!16s%2Fg%2F11g9q9qc7_!19sChIJe7vUxaBs0YcR7e-bXfoGlQc?authuser=0&hl=en&rclk=1
"Keefer Law Firm, PLLC","https://www.google.com/maps/place/Keefer+Law+Firm,+PLLC/data=!4m7!3m6!1s0x87d161ed7933ee83:0xe9fb19e3bf8f6b7b!8m2!3d35.9353246!4d-91.548686!16s%2Fg%2F11n02xl4pb!19sChIJg-4zee1h0YcRe2uPv-MZ--k?authuser=0&hl=en&rclk=1"
"Randall W Henley, Attorney","https://www.google.com/maps/place/Randall+W+Henley,+Attorney/data=!4m7!3m6!1s0x87d3daf5d66d0253:0xc6f8f9f04e158f11!8m2!3d35.7700787!4d-91.6511556!16s%2Fg%2F1tdcbbl7!19sChIJUwJt1vXa04cREY8VTvD5-MY?authuser=0&hl=en&rclk=1"
Moore Barrett S,https://www.google.com/maps/place/Moore+Barrett+S/data=!4m7!3m6!1s0x87d3daf63c80f435:0x8206fb05c3c92806!8m2!3d35.77208!4d-91.649546!16s%2Fg%2F1261ktrl3!19sChIJNfSAPPba04cRBijJwwX7BoI?authuser=0&hl=en&rclk=1
Stalker Scott M,https://www.google.com/maps/place/Stalker+Scott+M/data=!4m7!3m6!1s0x87d3daf63c80f561:0x82f0acad54b7242e!8m2!3d35.7720801!4d-91.6495693!16s%2Fg%2F1tfmny7y!19sChIJYfWAPPba04cRLiS3VK2s8II?authuser=0&hl=en&rclk=1
Rudisill Randall S,https://www.google.com/maps/place/Rudisill+Randall+S/data=!4m7!3m6!1s0x87d3f47deb5e3bc3:0xf3bc526e856922dc!8m2!3d35.6066015!4d-91.268653!16s%2Fg%2F1tf5f8l9!19sChIJwzte633004cR3CJphW5SvPM?authuser=0&hl=en&rclk=1
Thomas Roy Edward,https://www.google.com/maps/place/Thomas+Roy+Edward/data=!4m7!3m6!1s0x87d3daf6a53137a3:0x7091d5fac7a87e85!8m2!3d35.7683986!4d-91.6509254!16s%2Fg%2F1tj9227l!19sChIJozcxpfba04cRhX6ox_rVkXA?authuser=0&hl=en&rclk=1
"Jay F. Shell, Attorney at Law","https://www.google.com/maps/place/Jay+F.+Shell,+Attorney+at+Law/data=!4m7!3m6!1s0x87d3daf7a34493d3:0x7dc26fc234b02a30!8m2!3d35.7711503!4d-91.6485375!16s%2Fg%2F1tj5r89g!19sChIJ05NEo_fa04cRMCqwNMJvwn0?authuser=0&hl=en&rclk=1"
Kevin Lemley Law Partners,https://www.google.com/maps/place/Kevin+Lemley+Law+Partners/data=!4m7!3m6!1s0x87d3a932f8267e3f:0xf8c89268b241e436!8m2!3d35.2249181!4d-91.7173702!16s%2Fg%2F11pcs4wn05!19sChIJP34m-DKp04cRNuRBsmiSyPg?authuser=0&hl=en&rclk=1
Belew & Bell,https://www.google.com/maps/place/Belew+%26+Bell/data=!4m7!3m6!1s0x87d3daf63c80f561:0x9212c3dbfb597b7f!8m2!3d35.7720801!4d-91.6495693!16s%2Fg%2F1vmr1xvn!19sChIJYfWAPPba04cRf3tZ-9vDEpI?authuser=0&hl=en&rclk=1
Blair Arnold,https://www.google.com/maps/place/Blair+Arnold/data=!4m7!3m6!1s0x87d3da56edc9c8d5:0xe1165863912055f5!8m2!3d35.7726113!4d-91.6501861!16s%2Fg%2F11c55vw1bf!19sChIJ1cjJ7Vba04cR9VUgkWNYFuE?authuser=0&hl=en&rclk=1
"Dennis K. Wilson, Attorney at Law","https://www.google.com/maps/place/Dennis+K.+Wilson,+Attorney+at+Law/data=!4m7!3m6!1s0x87d3daf6338ba519:0xace4a9be5f6cf29b!8m2!3d35.7721093!4d-91.6495429!16s%2Fg%2F11gf4hcx0k!19sChIJGaWLM_ba04cRm_JsX76p5Kw?authuser=0&hl=en&rclk=1"
Murphy Law Firm,https://www.google.com/maps/place/Murphy+Law+Firm/data=!4m7!3m6!1s0x87d3da5691f01cf7:0x51a9fbc974a48ca8!8m2!3d35.772526!4d-91.6501138!16s%2Fg%2F1tdsk9sl!19sChIJ9xzwkVba04cRqIykdMn7qVE?authuser=0&hl=en&rclk=1
Niblock & Associates,https://www.google.com/maps/place/Niblock+%26+Associates/data=!4m7!3m6!1s0x87d3a8f692dbcb81:0x43ecdf58cb71caa6!8m2!3d35.2509384!4d-91.7031936!16s%2Fg%2F1trcgz59!19sChIJgcvbkvao04cRpspxy1jf7EM?authuser=0&hl=en&rclk=1
Davidson Law Firm,https://www.google.com/maps/place/Davidson+Law+Firm/data=!4m7!3m6!1s0x87d3db44f49fc687:0x36ddc0305bc95f55!8m2!3d35.7767102!4d-91.6434733!16s%2Fg%2F11gnp6hr0f!19sChIJh8af9ETb04cRVV_JWzDA3TY?authuser=0&hl=en&rclk=1
Henley-Law,https://www.google.com/maps/place/Henley-Law/data=!4m7!3m6!1s0x87d3daf5daf5a2b3:0xbbbfb3a18c0bee4d!8m2!3d35.7710624!4d-91.6523168!16s%2Fg%2F1tfm1_cx!19sChIJs6L12vXa04cRTe4LjKGzv7s?authuser=0&hl=en&rclk=1
Huff Michelle C,https://www.google.com/maps/place/Huff+Michelle+C/data=!4m7!3m6!1s0x87d3daf63c80f561:0xefb5e672080a584d!8m2!3d35.7720801!4d-91.6495693!16s%2Fg%2F11f15m0n38!19sChIJYfWAPPba04cRTVgKCHLmte8?authuser=0&hl=en&rclk=1
Timothy Meitzen,https://www.google.com/maps/place/Timothy+Meitzen/data=!4m7!3m6!1s0x87d3dbd3fa04babd:0xe60c7ae0069a881a!8m2!3d35.7721093!4d-91.6495429!16s%2Fg%2F11g4jbk8g3!19sChIJvboE-tPb04cRGoiaBuB6DOY?authuser=0&hl=en&rclk=1
"Choate Law Firm, PLLC","https://www.google.com/maps/place/Choate+Law+Firm,+PLLC/data=!4m7!3m6!1s0x87d3a90b45cf3825:0x5c9f4aa5c5ef9a2d!8m2!3d35.2439236!4d-91.7368612!16s%2Fg%2F11c5h2np8k!19sChIJJTjPRQup04cRLZrvxaVKn1w?authuser=0&hl=en&rclk=1"
"Scott Davidson, Attorney at Law","https://www.google.com/maps/place/Scott+Davidson,+Attorney+at+Law/data=!4m7!3m6!1s0x87d3dbb16cac2e0d:0x10380fe1a0f73950!8m2!3d35.7715199!4d-91.6518772!16s%2Fg%2F11lgh548gq!19sChIJDS6sbLHb04cRUDn3oOEPOBA?authuser=0&hl=en&rclk=1"
Kissee Law Firm,https://www.google.com/maps/place/Kissee+Law+Firm/data=!4m7!3m6!1s0x87d16c99ca64c1d5:0x1bb1b436d5714d79!8m2!3d36.2354248!4d-91.5998452!16s%2Fg%2F1tddsqqv!19sChIJ1cFkypls0YcReU1x1Ta0sRs?authuser=0&hl=en&rclk=1
Tom Thompson,https://www.google.com/maps/place/Tom+Thompson/data=!4m7!3m6!1s0x87d3da5691f01cf7:0xc9e7c2afbfc90d24!8m2!3d35.7726125!4d-91.6501499!16s%2Fg%2F1hc2xzn_s!19sChIJ9xzwkVba04cRJA3Jv6_C58k?authuser=0&hl=en&rclk=1
Stroud Robert D,https://www.google.com/maps/place/Stroud+Robert+D/data=!4m7!3m6!1s0x87d3daf63c80f561:0xaca4441ae56017ab!8m2!3d35.7720801!4d-91.6495693!16s%2Fg%2F1vd3wb8p!19sChIJYfWAPPba04cRqxdg5RpEpKw?authuser=0&hl=en&rclk=1
Petty Paul,https://www.google.com/maps/place/Petty+Paul/data=!4m7!3m6!1s0x87d3a976ec04d225:0xc82d2a513db130c4!8m2!3d35.2497808!4d-91.7415969!16s%2Fg%2F1tdjxk7b!19sChIJJdIE7Hap04cRxDCxPVEqLcg?authuser=0&hl=en&rclk=1
Mercer Law Group,https://www.google.com/maps/place/Mercer+Law+Group/data=!4m7!3m6!1s0x87d3a9ac7bff5023:0x4f60a402675ee956!8m2!3d35.2404324!4d-91.7199783!16s%2Fg%2F11bwnykrtg!19sChIJI1D_e6yp04cRVuleZwKkYE8?authuser=0&hl=en&rclk=1
Casey Castleberry,https://www.google.com/maps/place/Casey+Castleberry/data=!4m7!3m6!1s0x87d3da5691f01cf7:0x35286461ece1bad4!8m2!3d35.7767222!4d-91.643515!16s%2Fg%2F1hc2mcby4!19sChIJ9xzwkVba04cR1Lrh7GFkKDU?authuser=0&hl=en&rclk=1
Legal Aid of Arkansas,https://www.google.com/maps/place/Legal+Aid+of+Arkansas/data=!4m7!3m6!1s0x87d3f47db2ae345b:0x8f88c612b65756f5!8m2!3d35.6054035!4d-91.2824554!16s%2Fg%2F1tf2srt2!19sChIJWzSusn3004cR9VZXthLGiI8?authuser=0&hl=en&rclk=1
Bryant Law Firm,https://www.google.com/maps/place/Bryant+Law+Firm/data=!4m7!3m6!1s0x87d3a99f127724cd:0x2cc27a83f9ca51a7!8m2!3d35.2428124!4d-91.7356465!16s%2Fg%2F1pp2x65g7!19sChIJzSR3Ep-p04cRp1HK-YN6wiw?authuser=0&hl=en&rclk=1
Farris Phillip B,https://www.google.com/maps/place/Farris+Phillip+B/data=!4m7!3m6!1s0x87d3dba1dfa3b3e9:0x367fcbb7bbc541ef!8m2!3d35.7774856!4d-91.6176116!16s%2Fg%2F1260cnffl!19sChIJ6bOj36Hb04cR70HFu7fLfzY?authuser=0&hl=en&rclk=1
Phillip Farris Lawyer,https://www.google.com/maps/place/Phillip+Farris+Lawyer/data=!4m7!3m6!1s0x87d3daf69a0f059d:0xdfcc546cd91ec5f3!8m2!3d35.769218!4d-91.6510612!16s%2Fg%2F1tlqqjg5!19sChIJnQUPmvba04cR88Ue2WxUzN8?authuser=0&hl=en&rclk=1
Post Law Office,https://www.google.com/maps/place/Post+Law+Office/data=!4m7!3m6!1s0x87d3daf4f8cce0dd:0x77c3dfd35ab9faf5!8m2!3d35.7700294!4d-91.6544791!16s%2Fg%2F1vl5h9q8!19sChIJ3eDM-PTa04cR9fq5WtPfw3c?authuser=0&hl=en&rclk=1
Blankenship Leroy,https://www.google.com/maps/place/Blankenship+Leroy/data=!4m7!3m6!1s0x87d3daf434787e6d:0x56b5ce1bef7c114a!8m2!3d35.770159!4d-91.652619!16s%2Fg%2F1tfk9k9t!19sChIJbX54NPTa04cRShF87xvOtVY?authuser=0&hl=en&rclk=1
Boyce & Boyce,https://www.google.com/maps/place/Boyce+%26+Boyce/data=!4m7!3m6!1s0x87d3f47dcc397f07:0x1ce2d812bdd90700!8m2!3d35.6051831!4d-91.2834069!16s%2Fg%2F1td6ync0!19sChIJB385zH3004cRAAfZvRLY4hw?authuser=0&hl=en&rclk=1
Knollmeyer Law Office,https://www.google.com/maps/place/Knollmeyer+Law+Office/data=!4m7!3m6!1s0x87d3a974da52adef:0xe87f15c1b44be74d!8m2!3d35.249878!4d-91.7349143!16s%2Fg%2F1td6n5sl!19sChIJ761S2nSp04cRTedLtMEVf-g?authuser=0&hl=en&rclk=1
DeLoache Law Office,https://www.google.com/maps/place/DeLoache+Law+Office/data=!4m7!3m6!1s0x87d3db42e7c9ca31:0x103c1bd556475a1f!8m2!3d35.7721093!4d-91.6495429!16s%2Fg%2F11j6tt9sgd!19sChIJMcrJ50Lb04cRH1pHVtUbPBA?authuser=0&hl=en&rclk=1
Simpson Clay,https://www.google.com/maps/place/Simpson+Clay/data=!4m7!3m6!1s0x87d3a9744fcdc099:0x58b31c9f3e349972!8m2!3d35.2497253!4d-91.7374988!16s%2Fg%2F1261pgmsv!19sChIJmcDNT3Sp04cRcpk0Pp8cs1g?authuser=0&hl=en&rclk=1
attorney at law,https://www.google.com/maps/place/attorney+at+law/data=!4m7!3m6!1s0x87d3daf5d4140001:0xbdf5e2ee84ab2a89!8m2!3d35.7706015!4d-91.6520192!16s%2Fg%2F11d_78l4pt!19sChIJAQAU1PXa04cRiSqrhO7i9b0?authuser=0&hl=en&rclk=1
Carder Law Firm,https://www.google.com/maps/place/Carder+Law+Firm/data=!4m7!3m6!1s0x87d3a974f1a05629:0x778a16e354a18aa7!8m2!3d35.2502525!4d-91.7367317!16s%2Fg%2F1tg_b0bk!19sChIJKVag8XSp04cRp4qhVOMWinc?authuser=0&hl=en&rclk=1
James & Streit,https://www.google.com/maps/place/James+%26+Streit/data=!4m7!3m6!1s0x87d3a9cf0290c04f:0x4042dc7d4bd2f5b6!8m2!3d35.2499876!4d-91.7380441!16s%2Fg%2F11hhcpvb41!19sChIJT8CQAs-p04cRtvXSS33cQkA?authuser=0&hl=en&rclk=1
Nance Scott,https://www.google.com/maps/place/Nance+Scott/data=!4m7!3m6!1s0x87d3f47db4efd3ed:0xa330e573f28ef9e2!8m2!3d35.6054068!4d-91.282938!16s%2Fg%2F1thx94mc!19sChIJ7dPvtH3004cR4vmO8nPlMKM?authuser=0&hl=en&rclk=1
"Elder Justice Law Group, PLLC","https://www.google.com/maps/place/Elder+Justice+Law+Group,+PLLC/data=!4m7!3m6!1s0x87d3db7089b3baff:0x78444246fbef09f9!8m2!3d35.7715199!4d-91.6518772!16s%2Fg%2F11swkm_0f5!19sChIJ_7qziXDb04cR-Qnv-0ZCRHg?authuser=0&hl=en&rclk=1"
Tailored legal solutions,https://www.google.com/maps/place/Tailored+legal+solutions/data=!4m7!3m6!1s0x87d3d2533985bf19:0x1f1a04b02363911f!8m2!3d35.7703256!4d-91.7864704!16s%2Fg%2F11qgylx8v0!19sChIJGb-FOVPS04cRH5FjI7AEGh8?authuser=0&hl=en&rclk=1
"McClelland Law Firm, P.A.","https://www.google.com/maps/place/McClelland+Law+Firm,+P.A./data=!4m7!3m6!1s0x87d3a90fbba54113:0x766e8b39f9dc128!8m2!3d35.249878!4d-91.7349143!16s%2Fg%2F11gr208n1_!19sChIJE0Gluw-p04cRKMGdn7PoZgc?authuser=0&hl=en&rclk=1"
Simpson Law Firm,https://www.google.com/maps/place/Simpson+Law+Firm/data=!4m7!3m6!1s0x87d3a9744fcdeabb:0x5ab44f3db4a2dbae!8m2!3d35.2497539!4d-91.7373255!16s%2Fg%2F1tr7jx_t!19sChIJu-rNT3Sp04cRrtuitD1PtFo?authuser=0&hl=en&rclk=1
Law Office of Hollie Wilson,https://www.google.com/maps/place/Law+Office+of+Hollie+Wilson/data=!4m7!3m6!1s0x87d16de8a6962f11:0x92a8f3319708bb46!8m2!3d36.2256002!4d-91.6081981!16s%2Fg%2F11rfnyph10!19sChIJES-Wpuht0YcRRrsIlzHzqJI?authuser=0&hl=en&rclk=1
Lightle & Raney LLP,https://www.google.com/maps/place/Lightle+%26+Raney+LLP/data=!4m7!3m6!1s0x87d3a97424b67fa9:0x6bc1dad055404895!8m2!3d35.2498588!4d-91.7392499!16s%2Fg%2F1tg79l1g!19sChIJqX-2JHSp04cRlUhAVdDawWs?authuser=0&hl=en&rclk=1
Carla Fuller Family Law Inc,https://www.google.com/maps/place/Carla+Fuller+Family+Law+Inc/data=!4m7!3m6!1s0x87d3a97a1fd3e6ed:0xdfb1899463a94aa!8m2!3d35.229115!4d-91.7140464!16s%2Fg%2F1tcyxzg6!19sChIJ7ebTH3qp04cRqpQ6RpkY-w0?authuser=0&hl=en&rclk=1
Mash Inc,https://www.google.com/maps/place/Mash+Inc/data=!4m7!3m6!1s0x87d3db0109f8f7ff:0x76d380fbc3ad31d7!8m2!3d35.7690984!4d-91.6341748!16s%2Fg%2F1td7nv_0!19sChIJ__f4CQHb04cR1zGtw_uA03Y?authuser=0&hl=en&rclk=1
The Holland Law,https://www.google.com/maps/place/The+Holland+Law/data=!4m7!3m6!1s0x87d3a9ca72b539f3:0xe2fb09c7d61719e4!8m2!3d35.22407!4d-91.718603!16s%2Fg%2F11btv6b9ny!19sChIJ8zm1csqp04cR5BkX1scJ--I?authuser=0&hl=en&rclk=1
Boyce Wayne,https://www.google.com/maps/place/Boyce+Wayne/data=!4m7!3m6!1s0x87d3f47dcc397f07:0x11d6784acc08bbe2!8m2!3d35.6051831!4d-91.2834069!16s%2Fg%2F1trqhrpq!19sChIJB385zH3004cR4rsIzEp41hE?authuser=0&hl=en&rclk=1
Michelle Harkey Attorney at Law,https://www.google.com/maps/place/Michelle+Harkey+Attorney+at+Law/data=!4m7!3m6!1s0x87d3a9759c1270a7:0xa90b87b6366d3768!8m2!3d35.2494994!4d-91.7374167!16s%2Fg%2F11csb0j761!19sChIJp3ASnHWp04cRaDdtNraHC6k?authuser=0&hl=en&rclk=1
Paul D Love Law Office,https://www.google.com/maps/place/Paul+D+Love+Law+Office/data=!4m7!3m6!1s0x87d3a90942e87b03:0xacbb30e6881df12!8m2!3d35.2504654!4d-91.7311113!16s%2Fg%2F1tgwn6zx!19sChIJA3voQgmp04cREt-BaA6zywo?authuser=0&hl=en&rclk=1
Hudgins Robert,https://www.google.com/maps/place/Hudgins+Robert/data=!4m7!3m6!1s0x87d3a976c14ab30b:0xe083a7a2cb0bb69e!8m2!3d35.2506501!4d-91.7412514!16s%2Fg%2F1th5j_gv!19sChIJC7NKwXap04cRnrYLy6Kng-A?authuser=0&hl=en&rclk=1
"James G. Petty, Jr. Attorney at Law","https://www.google.com/maps/place/James+G.+Petty,+Jr.+Attorney+at+Law/data=!4m7!3m6!1s0x87d3a974304bb25d:0xa1f5c9ac313ef4b5!8m2!3d35.2495272!4d-91.7388565!16s%2Fg%2F1td_z3zw!19sChIJXbJLMHSp04cRtfQ-MazJ9aE?authuser=0&hl=en&rclk=1"
Buck C. Gibson,https://www.google.com/maps/place/Buck+C.+Gibson/data=!4m7!3m6!1s0x87d3a9765c33b2c1:0x6c042e38584a0318!8m2!3d35.24879!4d-91.7374658!16s%2Fg%2F1tgx7418!19sChIJwbIzXHap04cRGANKWDguBGw?authuser=0&hl=en&rclk=1
John Patterson PA Law Office,https://www.google.com/maps/place/John+Patterson+PA+Law+Office/data=!4m7!3m6!1s0x87d3a9c2e66499ff:0xaff531f482c380be!8m2!3d35.212859!4d-91.73261!16s%2Fg%2F1tfz0n8c!19sChIJ_5lk5sKp04cRvoDDgvQx9a8?authuser=0&hl=en&rclk=1
Independence Prosecuting Atty,https://www.google.com/maps/place/Independence+Prosecuting+Atty/data=!4m7!3m6!1s0x87d3daf67381d3a1:0xe55c6287093de570!8m2!3d35.7714726!4d-91.6514222!16s%2Fg%2F1thsgg62!19sChIJodOBc_ba04cRcOU9CYdiXOU?authuser=0&hl=en&rclk=1
Mason Kelly & Collier,https://www.google.com/maps/place/Mason+Kelly+%26+Collier/data=!4m7!3m6!1s0x87d39cb2b1857653:0x1b2fba54ef767199!8m2!3d35.2832364!4d-91.3664801!16s%2Fg%2F11g8vqwp05!19sChIJU3aFsbKc04cRmXF271S6Lxs?authuser=0&hl=en&rclk=1
Michael Sutterfield Law Office,https://www.google.com/maps/place/Michael+Sutterfield+Law+Office/data=!4m7!3m6!1s0x87d3a974da52adef:0xfb57c27810505809!8m2!3d35.249878!4d-91.7349143!16s%2Fg%2F1td61821!19sChIJ761S2nSp04cRCVhQEHjCV_s?authuser=0&hl=en&rclk=1
"The attorneys of Pettie & Meitzen, PLLC","https://www.google.com/maps/place/The+attorneys+of+Pettie+%26+Meitzen,+PLLC/data=!4m7!3m6!1s0x87d3f47c8e6aa803:0xdaaeab44b4fc4059!8m2!3d35.6067408!4d-91.2810346!16s%2Fg%2F11bwm4myr3!19sChIJA6hqjnz004cRWUD8tESrrto?authuser=0&hl=en&rclk=1"
Petty-James G,https://www.google.com/maps/place/Petty-James+G/data=!4m7!3m6!1s0x87d3a98e4cca8ab7:0x3c0a3ccb54eacf8c!8m2!3d35.2325161!4d-91.7457165!16s%2Fg%2F1261rrkrf!19sChIJt4rKTI6p04cRjM_qVMs8Cjw?authuser=0&hl=en&rclk=1
Arkansas Affordable Divorces,https://www.google.com/maps/place/Arkansas+Affordable+Divorces/data=!4m7!3m6!1s0x87d161ee5ae43a33:0xef620e00e5d7185c!8m2!3d35.9353231!4d-91.548691!16s%2Fg%2F11tn59kl4d!19sChIJMzrkWu5h0YcRXBjX5QAOYu8?authuser=0&hl=en&rclk=1
