Law Offices of Alan LeVar,https://www.google.com/maps/place/Law+Offices+of+Alan+LeVar/data=!4m7!3m6!1s0x8632dfe7b3a4bd65:0xc6f354c15fa2f174!8m2!3d34.1211981!4d-93.0549943!16s%2Fg%2F1pv6psz99!19sChIJZb2ks-ffMoYRdPGiX8FU88Y?authuser=0&hl=en&rclk=1
Taylor King Law,https://www.google.com/maps/place/Taylor+King+Law/data=!4m7!3m6!1s0x8632de2915faaa19:0xba3783a4a2ecdf1e!8m2!3d34.119724!4d-93.0510667!16s%2Fg%2F1tkf1blk!19sChIJGar6FSneMoYRHt_soqSDN7o?authuser=0&hl=en&rclk=1
"Calvin Beasley, Attorney at Law","https://www.google.com/maps/place/Calvin+Beasley,+Attorney+at+Law/data=!4m7!3m6!1s0x86330b00fc7aaaab:0x5d783325cae211ec!8m2!3d33.800804!4d-93.380981!16s%2Fg%2F11f32cbmbj!19sChIJq6p6_AALM4YR7BHiyiUzeF0?authuser=0&hl=en&rclk=1"
"Roper Law Firm, PA","https://www.google.com/maps/place/Roper+Law+Firm,+PA/data=!4m7!3m6!1s0x863329b47cbef70f:0xf2a79e82f5cfd416!8m2!3d34.3204559!4d-93.1728579!16s%2Fg%2F11dxddb51q!19sChIJD_e-fLQpM4YRFtTP9YKep_I?authuser=0&hl=en&rclk=1"
Jana Bradford Attorney at Law,https://www.google.com/maps/place/Jana+Bradford+Attorney+at+Law/data=!4m7!3m6!1s0x86334e4da4e0137d:0x67912754c07b7ac5!8m2!3d34.3274271!4d-93.552328!16s%2Fg%2F1tyt5qn8!19sChIJfRPgpE1OM4YRxXp7wFQnkWc?authuser=0&hl=en&rclk=1
Mathis Law Firm,https://www.google.com/maps/place/Mathis+Law+Firm/data=!4m7!3m6!1s0x8632de2b3f3514bd:0xed87f85da0ee415b!8m2!3d34.1197982!4d-93.0515771!16s%2Fg%2F1tf3bxpg!19sChIJvRQ1PyveMoYRW0HuoF34h-0?authuser=0&hl=en&rclk=1
Sanders Law Firm,https://www.google.com/maps/place/Sanders+Law+Firm/data=!4m7!3m6!1s0x8632de291191cf9f:0x9280671518fa21e9!8m2!3d34.119015!4d-93.051016!16s%2Fg%2F1tjz3r7x!19sChIJn8-RESneMoYR6SH6GBVngJI?authuser=0&hl=en&rclk=1
Berry Andy,https://www.google.com/maps/place/Berry+Andy/data=!4m7!3m6!1s0x8632de2baf658db9:0xa4e4b0ca6f3a809f!8m2!3d34.1187298!4d-93.0546335!16s%2Fg%2F1tw1f608!19sChIJuY1lryveMoYRn4A6b8qw5KQ?authuser=0&hl=en&rclk=1
"Chaney Law Firm, P.A.","https://www.google.com/maps/place/Chaney+Law+Firm,+P.A./data=!4m7!3m6!1s0x8632de2be88b1ed7:0x221f0e47f5aa498f!8m2!3d34.1179624!4d-93.052687!16s%2Fg%2F1tvq4hj9!19sChIJ1x6L6CveMoYRj0mq9UcOHyI?authuser=0&hl=en&rclk=1"
Mc Millan Mc Corkle Curry,https://www.google.com/maps/place/Mc+Millan+Mc+Corkle+Curry/data=!4m7!3m6!1s0x8632dfd4ca63fe6b:0x4cfbcef00916dfd9!8m2!3d34.119411!4d-93.057802!16s%2Fg%2F1tggtx5x!19sChIJa_5jytTfMoYR2d8WCfDO-0w?authuser=0&hl=en&rclk=1
Law Offices of Gina White,https://www.google.com/maps/place/Law+Offices+of+Gina+White/data=!4m7!3m6!1s0x8632dffb82f24f8f:0x870270e56724cb7f!8m2!3d34.1191161!4d-93.0515073!16s%2Fg%2F1tcv6pht!19sChIJj0_ygvvfMoYRf8skZ-VwAoc?authuser=0&hl=en&rclk=1
Sexton Firm,https://www.google.com/maps/place/Sexton+Firm/data=!4m7!3m6!1s0x6626bcfac5b4160b:0xb73590c45b1fa35!8m2!3d34.1219591!4d-93.0808274!16s%2Fg%2F11qg34wswm!19sChIJCxa0xfq8JmYRNfqxRQxZcws?authuser=0&hl=en&rclk=1
"Beasley Law Firm, PLLC","https://www.google.com/maps/place/Beasley+Law+Firm,+PLLC/data=!4m7!3m6!1s0x8633bbf48a8e6f37:0x7a36e4e578e003e4!8m2!3d33.800804!4d-93.380981!16s%2Fg%2F11j31ysmrz!19sChIJN2-OivS7M4YR5APgeOXkNno?authuser=0&hl=en&rclk=1"
Hughes & Hughes Law Firm,https://www.google.com/maps/place/Hughes+%26+Hughes+Law+Firm/data=!4m7!3m6!1s0x8632dfe64cabf183:0x9ee70a6373a831db!8m2!3d34.118979!4d-93.05046!16s%2Fg%2F1td7zg49!19sChIJg_GrTObfMoYR2zGoc2MK554?authuser=0&hl=en&rclk=1
Vardaman Law,https://www.google.com/maps/place/Vardaman+Law/data=!4m7!3m6!1s0x8632de2b3f3514bd:0x367e3c20f356bafc!8m2!3d34.1179468!4d-93.0526707!16s%2Fg%2F1w96h2yn!19sChIJvRQ1PyveMoYR_LpW8yA8fjY?authuser=0&hl=en&rclk=1
Harrelson Law Firm,https://www.google.com/maps/place/Harrelson+Law+Firm/data=!4m7!3m6!1s0x86346a595c84cb8f:0x132bfe1a1fbe9e54!8m2!3d33.4218185!4d-94.0428067!16s%2Fg%2F1tfl0l06!19sChIJj8uEXFlqNIYRVJ6-Hxr-KxM?authuser=0&hl=en&rclk=1
Vardaman Gregory L,https://www.google.com/maps/place/Vardaman+Gregory+L/data=!4m7!3m6!1s0x8632de2bf5607bab:0x3e13dad5dc77278d!8m2!3d34.1208412!4d-93.0537877!16s%2Fg%2F12604b0v1!19sChIJq3tg9SveMoYRjSd33NXaEz4?authuser=0&hl=en&rclk=1
Stayton & Associates P.C.,https://www.google.com/maps/place/Stayton+%26+Associates+P.C./data=!4m7!3m6!1s0x86330b23a0c85007:0xc7fff04481be0ce9!8m2!3d33.7982319!4d-93.3814507!16s%2Fg%2F11jmmbpvgl!19sChIJB1DIoCMLM4YR6Qy-gUTw_8c?authuser=0&hl=en&rclk=1
Medlock Law Firm,https://www.google.com/maps/place/Medlock+Law+Firm/data=!4m7!3m6!1s0x8632de2be88b1ed7:0xfb9607ad30c490f4!8m2!3d34.1200794!4d-93.0532015!16s%2Fg%2F1tfq50c3!19sChIJ1x6L6CveMoYR9JDEMK0Hlvs?authuser=0&hl=en&rclk=1
"McKenzie, Vasser & Barber, PLLC, Lawyers","https://www.google.com/maps/place/McKenzie,+Vasser+%26+Barber,+PLLC,+Lawyers/data=!4m7!3m6!1s0x86330b075af2a3a5:0xe4697d827d0579b3!8m2!3d33.8009051!4d-93.3805801!16s%2Fg%2F1v29cd5p!19sChIJpaPyWgcLM4YRs3kFfYJ9aeQ?authuser=0&hl=en&rclk=1"
Jonathan Huber Attorney At Law,https://www.google.com/maps/place/Jonathan+Huber+Attorney+At+Law/data=!4m7!3m6!1s0x8632de2bedb974b7:0x97f21f0e6ebcc729!8m2!3d34.1201282!4d-93.053644!16s%2Fg%2F11hhyxnc7t!19sChIJt3S57SveMoYRKce8bg4f8pc?authuser=0&hl=en&rclk=1
Williams Janice O,https://www.google.com/maps/place/Williams+Janice+O/data=!4m7!3m6!1s0x8632de2baf658db9:0xe5d10e7df2cb2364!8m2!3d34.1187298!4d-93.0546335!16s%2Fg%2F1xg5t127!19sChIJuY1lryveMoYRZCPL8n0O0eU?authuser=0&hl=en&rclk=1
Heaton & Harris,https://www.google.com/maps/place/Heaton+%26+Harris/data=!4m7!3m6!1s0x87cd2ba2cc60b333:0x778f04307d29c448!8m2!3d34.4971937!4d-93.0580503!16s%2Fg%2F11j0sfl1w5!19sChIJM7NgzKIrzYcRSMQpfTAEj3c?authuser=0&hl=en&rclk=1
"Elaine Kneebone, Attorney at Law","https://www.google.com/maps/place/Elaine+Kneebone,+Attorney+at+Law/data=!4m7!3m6!1s0x8632dfa871f1f113:0xd53290e36b5e05d0!8m2!3d34.1237199!4d-93.079888!16s%2Fg%2F11s3wzfqgj!19sChIJE_HxcajfMoYR0AVea-OQMtU?authuser=0&hl=en&rclk=1"
Jackson Justice Center,https://www.google.com/maps/place/Jackson+Justice+Center/data=!4m7!3m6!1s0x8632df22e3103b67:0xd6932fe69cd5cf27!8m2!3d34.1844198!4d-93.0653646!16s%2Fg%2F11f5bmm4dg!19sChIJZzsQ4yLfMoYRJ8_VnOYvk9Y?authuser=0&hl=en&rclk=1
Berry Law & Accounting,https://www.google.com/maps/place/Berry+Law+%26+Accounting/data=!4m7!3m6!1s0x8632de2baf658db9:0xd33132816ee0e611!8m2!3d34.1187299!4d-93.0546336!16s%2Fg%2F1tdbr775!19sChIJuY1lryveMoYREebgboEyMdM?authuser=0&hl=en&rclk=1
Lynch Joe T,https://www.google.com/maps/place/Lynch+Joe+T/data=!4m7!3m6!1s0x86332a5df904ec2f:0x17d0785d469e3463!8m2!3d34.418436!4d-93.1174797!16s%2Fg%2F1tzlzb73!19sChIJL-wE-V0qM4YRYzSeRl140Bc?authuser=0&hl=en&rclk=1
Bennington Madeline L,https://www.google.com/maps/place/Bennington+Madeline+L/data=!4m7!3m6!1s0x8632dfd4ca63fe6b:0x8ce0d4ddc2cdba23!8m2!3d34.1205075!4d-93.0545095!16s%2Fg%2F1tff3djh!19sChIJa_5jytTfMoYRI7rNwt3U4Iw?authuser=0&hl=en&rclk=1
Arnold Batson Turner & Turner,https://www.google.com/maps/place/Arnold+Batson+Turner+%26+Turner/data=!4m7!3m6!1s0x8632de2a2a0e4061:0x9525d8fe9df9a70c!8m2!3d34.117905!4d-93.052682!16s%2Fg%2F1tddsknj!19sChIJYUAOKireMoYRDKf5nf7YJZU?authuser=0&hl=en&rclk=1
Ablondi Law Firm,https://www.google.com/maps/place/Ablondi+Law+Firm/data=!4m7!3m6!1s0x86332322735b2b6f:0x4187510051b88231!8m2!3d34.1611777!4d-93.1989757!16s%2Fg%2F11jmz95y4v!19sChIJbytbcyIjM4YRMYK4UQBRh0E?authuser=0&hl=en&rclk=1
Hale Eugene B,https://www.google.com/maps/place/Hale+Eugene+B/data=!4m7!3m6!1s0x86330b0711ac6cad:0xe878d8d21f391642!8m2!3d33.8027193!4d-93.3808927!16s%2Fg%2F1tykvrl_!19sChIJrWysEQcLM4YRQhY5H9LYeOg?authuser=0&hl=en&rclk=1
Lindsay Hearn Attorney at Law PLLC,https://www.google.com/maps/place/Lindsay+Hearn+Attorney+at+Law+PLLC/data=!4m7!3m6!1s0x87b213587c5d9d87:0xa34e0ff7b76de14e!8m2!3d34.122678!4d-93.079823!16s%2Fg%2F11jp19chx2!19sChIJh51dfFgTsocRTuFtt_cPTqM?authuser=0&hl=en&rclk=1
Tisha L Martin Attorney at Law PLLC,https://www.google.com/maps/place/Tisha+L+Martin+Attorney+at+Law+PLLC/data=!4m7!3m6!1s0x460a0cde04fb9c5d:0x7dd1d1031b5dfa9!8m2!3d34.0632506!4d-93.6888972!16s%2Fg%2F11tcw6vrlc!19sChIJXZz7BN4MCkYRqd-1MRAd3Qc?authuser=0&hl=en&rclk=1
Smith Weber LLP,https://www.google.com/maps/place/Smith+Weber+LLP/data=!4m7!3m6!1s0x86334e5280ff09bf:0xa905926d35094b16!8m2!3d34.3267286!4d-93.5507953!16s%2Fg%2F1v2gf3rk!19sChIJvwn_gFJOM4YRFksJNW2SBak?authuser=0&hl=en&rclk=1
Chaney Hilary,https://www.google.com/maps/place/Chaney+Hilary/data=!4m7!3m6!1s0x8632de2be88b1ed7:0xbdbd72a2bcbc074a!8m2!3d34.1200307!4d-93.0532011!16s%2Fg%2F1tfst7k9!19sChIJ1x6L6CveMoYRSge8vKJyvb0?authuser=0&hl=en&rclk=1
Mckenzie Abstract & Title Co,https://www.google.com/maps/place/Mckenzie+Abstract+%26+Title+Co/data=!4m7!3m6!1s0x86330b075af2a3a5:0xb2ad0c9ed2c4f025!8m2!3d33.801323!4d-93.3799793!16s%2Fg%2F1tdjrj0z!19sChIJpaPyWgcLM4YRJfDE0p4MrbI?authuser=0&hl=en&rclk=1
Grinder Julie,https://www.google.com/maps/place/Grinder+Julie/data=!4m7!3m6!1s0x86332ae07fa3c409:0x315a67ea69e0f1ee!8m2!3d34.4451053!4d-93.1337751!16s%2Fg%2F113flgcg3!19sChIJCcSjf-AqM4YR7vHgaepnWjE?authuser=0&hl=en&rclk=1
Turner Todd,https://www.google.com/maps/place/Turner+Todd/data=!4m7!3m6!1s0x8632de2a2a0e4061:0x621e776e777fea17!8m2!3d34.1166267!4d-93.053337!16s%2Fg%2F1td6slst!19sChIJYUAOKireMoYRF-p_d253HmI?authuser=0&hl=en&rclk=1
"The Bennington Law Firm, Inc.","https://www.google.com/maps/place/The+Bennington+Law+Firm,+Inc./data=!4m7!3m6!1s0x8632dfa98c801025:0x291713161fb1b23a!8m2!3d34.1205075!4d-93.0545095!16s%2Fg%2F11kfr534y1!19sChIJJRCAjKnfMoYROrKxHxYTFyk?authuser=0&hl=en&rclk=1"
Clark County Public Defenders,https://www.google.com/maps/place/Clark+County+Public+Defenders/data=!4m7!3m6!1s0x8632de2b61328015:0x30a60aebad086167!8m2!3d34.1189448!4d-93.0505597!16s%2Fg%2F1tdnlhbb!19sChIJFYAyYSveMoYRZ2EIresKpjA?authuser=0&hl=en&rclk=1
Charles Matthews,https://www.google.com/maps/place/Charles+Matthews/data=!4m7!3m6!1s0x86332d17fd8c1261:0x20b079ba0d63413f!8m2!3d34.4611333!4d-93.2122007!16s%2Fg%2F11sq551k08!19sChIJYRKM_RctM4YRP0FjDbp5sCA?authuser=0&hl=en&rclk=1
