Sherry Burnett Law Office,https://www.google.com/maps/place/Sherry+Burnett+Law+Office/data=!4m7!3m6!1s0x8632c9a1680fceff:0xdc89b06136196ed2!8m2!3d34.3614015!4d-92.8134302!16s%2Fg%2F1trsycmt!19sChIJ_84PaKHJMoYR0m4ZNmGwidw?authuser=0&hl=en&rclk=1
Taylor King Law,https://www.google.com/maps/place/Taylor+King+Law/data=!4m7!3m6!1s0x8632de2915faaa19:0xba3783a4a2ecdf1e!8m2!3d34.119724!4d-93.0510667!16s%2Fg%2F1tkf1blk!19sChIJGar6FSneMoYRHt_soqSDN7o?authuser=0&hl=en&rclk=1
"Dobson Law Firm, P.A.","https://www.google.com/maps/place/Dobson+Law+Firm,+P.A./data=!4m7!3m6!1s0x862d59e06eea2de3:0xd6b71575769b3c4c!8m2!3d34.3057382!4d-92.4001676!16s%2Fg%2F1tfjfxkz!19sChIJ4y3qbuBZLYYRTDybdnUVt9Y?authuser=0&hl=en&rclk=1"
Mathis Law Firm,https://www.google.com/maps/place/Mathis+Law+Firm/data=!4m7!3m6!1s0x8632de2b3f3514bd:0xed87f85da0ee415b!8m2!3d34.1197982!4d-93.0515771!16s%2Fg%2F1tf3bxpg!19sChIJvRQ1PyveMoYRW0HuoF34h-0?authuser=0&hl=en&rclk=1
Law Offices of Gina White,https://www.google.com/maps/place/Law+Offices+of+Gina+White/data=!4m7!3m6!1s0x8632dffb82f24f8f:0x870270e56724cb7f!8m2!3d34.1191161!4d-93.0515073!16s%2Fg%2F1tcv6pht!19sChIJj0_ygvvfMoYRf8skZ-VwAoc?authuser=0&hl=en&rclk=1
Law Offices of Alan LeVar,https://www.google.com/maps/place/Law+Offices+of+Alan+LeVar/data=!4m7!3m6!1s0x8632dfe7b3a4bd65:0xc6f354c15fa2f174!8m2!3d34.1211981!4d-93.0549943!16s%2Fg%2F1pv6psz99!19sChIJZb2ks-ffMoYRdPGiX8FU88Y?authuser=0&hl=en&rclk=1
"Chaney Law Firm, P.A.","https://www.google.com/maps/place/Chaney+Law+Firm,+P.A./data=!4m7!3m6!1s0x8632de2be88b1ed7:0x221f0e47f5aa498f!8m2!3d34.1179624!4d-93.052687!16s%2Fg%2F1tvq4hj9!19sChIJ1x6L6CveMoYRj0mq9UcOHyI?authuser=0&hl=en&rclk=1"
Berry Andy,https://www.google.com/maps/place/Berry+Andy/data=!4m7!3m6!1s0x8632de2baf658db9:0xa4e4b0ca6f3a809f!8m2!3d34.1187298!4d-93.0546335!16s%2Fg%2F1tw1f608!19sChIJuY1lryveMoYRn4A6b8qw5KQ?authuser=0&hl=en&rclk=1
L Louis L Loyd,https://www.google.com/maps/place/L+Louis+L+Loyd/data=!4m7!3m6!1s0x8632c9a166e10fed:0x765475a50692a590!8m2!3d34.3614055!4d-92.8134324!16s%2Fg%2F11bycfzl8z!19sChIJ7Q_hZqHJMoYRkKWSBqV1VHY?authuser=0&hl=en&rclk=1
Ashcraft & Associates,https://www.google.com/maps/place/Ashcraft+%26+Associates/data=!4m7!3m6!1s0x8632c9bfc4ef67dd:0xd1f0bbfb124969d6!8m2!3d34.3631151!4d-92.8070387!16s%2Fg%2F1tcyxt2k!19sChIJ3WfvxL_JMoYR1mlJEvu78NE?authuser=0&hl=en&rclk=1
Sanders Law Firm,https://www.google.com/maps/place/Sanders+Law+Firm/data=!4m7!3m6!1s0x8632de291191cf9f:0x9280671518fa21e9!8m2!3d34.119015!4d-93.051016!16s%2Fg%2F1tjz3r7x!19sChIJn8-RESneMoYR6SH6GBVngJI?authuser=0&hl=en&rclk=1
Rainwater Holt & Sexton,https://www.google.com/maps/place/Rainwater+Holt+%26+Sexton/data=!4m7!3m6!1s0x87d2825da63fa41f:0x69b96a1c9e20a19!8m2!3d34.45771!4d-93.062667!16s%2Fg%2F1vy7gytt!19sChIJH6Q_pl2C0ocRGQriyaGWmwY?authuser=0&hl=en&rclk=1
Jonathan Huber Attorney At Law,https://www.google.com/maps/place/Jonathan+Huber+Attorney+At+Law/data=!4m7!3m6!1s0x8632de2bedb974b7:0x97f21f0e6ebcc729!8m2!3d34.1201282!4d-93.053644!16s%2Fg%2F11hhyxnc7t!19sChIJt3S57SveMoYRKce8bg4f8pc?authuser=0&hl=en&rclk=1
Sexton Firm,https://www.google.com/maps/place/Sexton+Firm/data=!4m7!3m6!1s0x6626bcfac5b4160b:0xb73590c45b1fa35!8m2!3d34.1219591!4d-93.0808274!16s%2Fg%2F11qg34wswm!19sChIJCxa0xfq8JmYRNfqxRQxZcws?authuser=0&hl=en&rclk=1
Mc Millan Mc Corkle Curry,https://www.google.com/maps/place/Mc+Millan+Mc+Corkle+Curry/data=!4m7!3m6!1s0x8632dfd4ca63fe6b:0x4cfbcef00916dfd9!8m2!3d34.119411!4d-93.057802!16s%2Fg%2F1tggtx5x!19sChIJa_5jytTfMoYR2d8WCfDO-0w?authuser=0&hl=en&rclk=1
"Nutt Law Firm, PLLC","https://www.google.com/maps/place/Nutt+Law+Firm,+PLLC/data=!4m7!3m6!1s0x862d7f5eaaa22295:0x5c6833038d50bdfd!8m2!3d33.8128573!4d-92.4126817!16s%2Fg%2F11lgy_rcn1!19sChIJlSKiql5_LYYR_b1QjQMzaFw?authuser=0&hl=en&rclk=1"
Graham James L,https://www.google.com/maps/place/Graham+James+L/data=!4m7!3m6!1s0x8632c9a1971b67bb:0x342bcb9c11769ff7!8m2!3d34.3635377!4d-92.8138!16s%2Fg%2F1tf1c3gl!19sChIJu2cbl6HJMoYR9592EZzLKzQ?authuser=0&hl=en&rclk=1
Mays P Douglas,https://www.google.com/maps/place/Mays+P+Douglas/data=!4m7!3m6!1s0x862d59e010b52185:0x49d3b8e3638bed16!8m2!3d34.3070406!4d-92.4012654!16s%2Fg%2F1tmgct2g!19sChIJhSG1EOBZLYYRFu2LY-O400k?authuser=0&hl=en&rclk=1
Hughes & Hughes Law Firm,https://www.google.com/maps/place/Hughes+%26+Hughes+Law+Firm/data=!4m7!3m6!1s0x8632dfe64cabf183:0x9ee70a6373a831db!8m2!3d34.118979!4d-93.05046!16s%2Fg%2F1td7zg49!19sChIJg_GrTObfMoYR2zGoc2MK554?authuser=0&hl=en&rclk=1
Koon Ed M,https://www.google.com/maps/place/Koon+Ed+M/data=!4m7!3m6!1s0x862d59e0694cdaf5:0xda4fd14bdbae54d!8m2!3d34.3056544!4d-92.3994667!16s%2Fg%2F1tcvzss6!19sChIJ9dpMaeBZLYYRTeW6vRT9pA0?authuser=0&hl=en&rclk=1
Bryant Winston,https://www.google.com/maps/place/Bryant+Winston/data=!4m7!3m6!1s0x8632c9a5efbb3861:0x35df551fca3e9619!8m2!3d34.3550934!4d-92.812173!16s%2Fg%2F12627y3n7!19sChIJYTi776XJMoYRGZY-yh9V3zU?authuser=0&hl=en&rclk=1
Legacy Law Group: Strause Michelle,https://www.google.com/maps/place/Legacy+Law+Group:+Strause+Michelle/data=!4m7!3m6!1s0x8632d52c22507ff5:0xcdb9e1726c0e7280!8m2!3d34.4648217!4d-93.0639658!16s%2Fg%2F1w15ztnx!19sChIJ9X9QIizVMoYRgHIObHLhuc0?authuser=0&hl=en&rclk=1
Vardaman Law,https://www.google.com/maps/place/Vardaman+Law/data=!4m7!3m6!1s0x8632de2b3f3514bd:0x367e3c20f356bafc!8m2!3d34.1179468!4d-93.0526707!16s%2Fg%2F1w96h2yn!19sChIJvRQ1PyveMoYR_LpW8yA8fjY?authuser=0&hl=en&rclk=1
Wells Anne,https://www.google.com/maps/place/Wells+Anne/data=!4m7!3m6!1s0x862d59e04f208ca7:0x16d6fde3ef6d06fe!8m2!3d34.3058989!4d-92.3991076!16s%2Fg%2F1v9t_87j!19sChIJp4wgT-BZLYYR_gZt7-P91hY?authuser=0&hl=en&rclk=1
Vardaman Gregory L,https://www.google.com/maps/place/Vardaman+Gregory+L/data=!4m7!3m6!1s0x8632de2bf5607bab:0x3e13dad5dc77278d!8m2!3d34.1208412!4d-93.0537877!16s%2Fg%2F12604b0v1!19sChIJq3tg9SveMoYRjSd33NXaEz4?authuser=0&hl=en&rclk=1
Bennington Madeline L,https://www.google.com/maps/place/Bennington+Madeline+L/data=!4m7!3m6!1s0x8632dfd4ca63fe6b:0x8ce0d4ddc2cdba23!8m2!3d34.1205075!4d-93.0545095!16s%2Fg%2F1tff3djh!19sChIJa_5jytTfMoYRI7rNwt3U4Iw?authuser=0&hl=en&rclk=1
"Baim Reagler & Naramore, PLLC","https://www.google.com/maps/place/Baim+Reagler+%26+Naramore,+PLLC/data=!4m7!3m6!1s0x8632d4abaeeab9bf:0x717a4a6353fee9b4!8m2!3d34.468141!4d-93.020467!16s%2Fg%2F11ckvdz4fk!19sChIJv7nqrqvUMoYRtOn-U2NKenE?authuser=0&hl=en&rclk=1"
"Elaine Kneebone, Attorney at Law","https://www.google.com/maps/place/Elaine+Kneebone,+Attorney+at+Law/data=!4m7!3m6!1s0x8632dfa871f1f113:0xd53290e36b5e05d0!8m2!3d34.1237199!4d-93.079888!16s%2Fg%2F11s3wzfqgj!19sChIJE_HxcajfMoYR0AVea-OQMtU?authuser=0&hl=en&rclk=1"
Williams Janice O,https://www.google.com/maps/place/Williams+Janice+O/data=!4m7!3m6!1s0x8632de2baf658db9:0xe5d10e7df2cb2364!8m2!3d34.1187298!4d-93.0546335!16s%2Fg%2F1xg5t127!19sChIJuY1lryveMoYRZCPL8n0O0eU?authuser=0&hl=en&rclk=1
Medlock Law Firm,https://www.google.com/maps/place/Medlock+Law+Firm/data=!4m7!3m6!1s0x8632de2be88b1ed7:0xfb9607ad30c490f4!8m2!3d34.1200794!4d-93.0532015!16s%2Fg%2F1tfq50c3!19sChIJ1x6L6CveMoYR9JDEMK0Hlvs?authuser=0&hl=en&rclk=1
Kizzia Law Firm LLC,https://www.google.com/maps/place/Kizzia+Law+Firm+LLC/data=!4m7!3m6!1s0x8632c9a1ba28ed2f:0x8c11a815ace2606!8m2!3d34.3636514!4d-92.814602!16s%2Fg%2F1ttph7zx!19sChIJL-0ouqHJMoYRBibOWoEawQg?authuser=0&hl=en&rclk=1
Lemons Phyllis,https://www.google.com/maps/place/Lemons+Phyllis/data=!4m7!3m6!1s0x8632c9a11db533d1:0xffff07bdc2812265!8m2!3d34.361672!4d-92.815183!16s%2Fg%2F1tyzzc25!19sChIJ0TO1HaHJMoYRZSKBwr0H__8?authuser=0&hl=en&rclk=1
Matthew Sanders Attorney at Law,https://www.google.com/maps/place/Matthew+Sanders+Attorney+at+Law/data=!4m7!3m6!1s0x87cd2b1e04b6003f:0xf27a8d216863cb75!8m2!3d34.4670879!4d-93.0603898!16s%2Fg%2F1tp_6y6t!19sChIJPwC2BB4rzYcRdctjaCGNevI?authuser=0&hl=en&rclk=1
Berry Law & Accounting,https://www.google.com/maps/place/Berry+Law+%26+Accounting/data=!4m7!3m6!1s0x8632de2baf658db9:0xd33132816ee0e611!8m2!3d34.1187299!4d-93.0546336!16s%2Fg%2F1tdbr775!19sChIJuY1lryveMoYREebgboEyMdM?authuser=0&hl=en&rclk=1
Arnold Batson Turner & Turner,https://www.google.com/maps/place/Arnold+Batson+Turner+%26+Turner/data=!4m7!3m6!1s0x8632de2a2a0e4061:0x9525d8fe9df9a70c!8m2!3d34.117905!4d-93.052682!16s%2Fg%2F1tddsknj!19sChIJYUAOKireMoYRDKf5nf7YJZU?authuser=0&hl=en&rclk=1
Walthall Chris,https://www.google.com/maps/place/Walthall+Chris/data=!4m7!3m6!1s0x8632c9bfc4ef67dd:0x7e72030ee7d2c201!8m2!3d34.3631071!4d-92.8070467!16s%2Fg%2F1tjdm35x!19sChIJ3WfvxL_JMoYRAcLS5w4Dcn4?authuser=0&hl=en&rclk=1
Jackson Justice Center,https://www.google.com/maps/place/Jackson+Justice+Center/data=!4m7!3m6!1s0x8632df22e3103b67:0xd6932fe69cd5cf27!8m2!3d34.1844198!4d-93.0653646!16s%2Fg%2F11f5bmm4dg!19sChIJZzsQ4yLfMoYRJ8_VnOYvk9Y?authuser=0&hl=en&rclk=1
Perkins Willie E,https://www.google.com/maps/place/Perkins+Willie+E/data=!4m7!3m6!1s0x6fe8b09468c82bff:0xdf2cfe6ea5de03b9!8m2!3d34.3289376!4d-92.854414!16s%2Fg%2F11sgzr4gz7!19sChIJ_yvIaJSw6G8RuQPepW7-LN8?authuser=0&hl=en&rclk=1
Hopkins George,https://www.google.com/maps/place/Hopkins+George/data=!4m7!3m6!1s0x8632c9a1ba77b229:0xc48223fb3504cf6b!8m2!3d34.3635892!4d-92.8147967!16s%2Fg%2F1tcz8phr!19sChIJKbJ3uqHJMoYRa88ENfsjgsQ?authuser=0&hl=en&rclk=1
Hot Spring County Prosecuting Attorney,https://www.google.com/maps/place/Hot+Spring+County+Prosecuting+Attorney/data=!4m7!3m6!1s0x8632c9a51134a3fd:0x2df43104ea266ce0!8m2!3d34.3558634!4d-92.809058!16s%2Fg%2F11b6g8v5ky!19sChIJ_aM0EaXJMoYR4Gwm6gQx9C0?authuser=0&hl=en&rclk=1
"The Bennington Law Firm, Inc.","https://www.google.com/maps/place/The+Bennington+Law+Firm,+Inc./data=!4m7!3m6!1s0x8632dfa98c801025:0x291713161fb1b23a!8m2!3d34.1205075!4d-93.0545095!16s%2Fg%2F11kfr534y1!19sChIJJRCAjKnfMoYROrKxHxYTFyk?authuser=0&hl=en&rclk=1"
Lindsay Hearn Attorney at Law PLLC,https://www.google.com/maps/place/Lindsay+Hearn+Attorney+at+Law+PLLC/data=!4m7!3m6!1s0x87b213587c5d9d87:0xa34e0ff7b76de14e!8m2!3d34.122678!4d-93.079823!16s%2Fg%2F11jp19chx2!19sChIJh51dfFgTsocRTuFtt_cPTqM?authuser=0&hl=en&rclk=1
Spears Donald M,https://www.google.com/maps/place/Spears+Donald+M/data=!4m7!3m6!1s0x8632c9a1971b67bb:0xdcd790d85d262c1!8m2!3d34.3635392!4d-92.8137923!16s%2Fg%2F1td3gd19!19sChIJu2cbl6HJMoYRwWLShQ15zQ0?authuser=0&hl=en&rclk=1
Clark County Public Defenders,https://www.google.com/maps/place/Clark+County+Public+Defenders/data=!4m7!3m6!1s0x8632de2b61328015:0x30a60aebad086167!8m2!3d34.1189448!4d-93.0505597!16s%2Fg%2F1tdnlhbb!19sChIJFYAyYSveMoYRZ2EIresKpjA?authuser=0&hl=en&rclk=1
"Baim, Gunti, Mouser & Worsham, PLC","https://www.google.com/maps/place/Baim,+Gunti,+Mouser+%26+Worsham,+PLC/data=!4m7!3m6!1s0x8632d4abaeeab9bf:0x61dc4b70f2c25bb2!8m2!3d34.4686243!4d-93.0203469!16s%2Fg%2F113hpfkpf!19sChIJv7nqrqvUMoYRslvC8nBL3GE?authuser=0&hl=en&rclk=1"
Legacy Law Group - Michael S. McCrary,https://www.google.com/maps/place/Legacy+Law+Group+-+Michael+S.+McCrary/data=!4m7!3m6!1s0x8632d52c22507ff5:0x5d5eebc5a063dadc!8m2!3d34.464817!4d-93.0639588!16s%2Fg%2F1tdbr772!19sChIJ9X9QIizVMoYR3NpjoMXrXl0?authuser=0&hl=en&rclk=1
Chaney Hilary,https://www.google.com/maps/place/Chaney+Hilary/data=!4m7!3m6!1s0x8632de2be88b1ed7:0xbdbd72a2bcbc074a!8m2!3d34.1200307!4d-93.0532011!16s%2Fg%2F1tfst7k9!19sChIJ1x6L6CveMoYRSge8vKJyvb0?authuser=0&hl=en&rclk=1
Nichols James A,https://www.google.com/maps/place/Nichols+James+A/data=!4m7!3m6!1s0x862d59dffd0298b1:0xf62d3a8c97b9e8a2!8m2!3d34.3070406!4d-92.4012654!16s%2Fg%2F113gqmhdx!19sChIJsZgC_d9ZLYYRoui5l4w6LfY?authuser=0&hl=en&rclk=1
"Farrar & Williams, PLLC","https://www.google.com/maps/place/Farrar+%26+Williams,+PLLC/data=!4m7!3m6!1s0x8632d52c22507ff5:0x8495c25d344d91e4!8m2!3d34.4599084!4d-93.0771853!16s%2Fg%2F1w4vk99l!19sChIJ9X9QIizVMoYR5JFNNF3ClYQ?authuser=0&hl=en&rclk=1"
Turner Todd,https://www.google.com/maps/place/Turner+Todd/data=!4m7!3m6!1s0x8632de2a2a0e4061:0x621e776e777fea17!8m2!3d34.1166267!4d-93.053337!16s%2Fg%2F1td6slst!19sChIJYUAOKireMoYRF-p_d253HmI?authuser=0&hl=en&rclk=1
Legacy Law Group: Reis Bryan,https://www.google.com/maps/place/Legacy+Law+Group:+Reis+Bryan/data=!4m7!3m6!1s0x8632d52c22507ff5:0x6c26198cdf066feb!8m2!3d34.4647988!4d-93.0638887!16s%2Fg%2F1tdpmf_z!19sChIJ9X9QIizVMoYR628G34wZJmw?authuser=0&hl=en&rclk=1
Baim Gunti Mouser & Worsham: Mouser Kirby,https://www.google.com/maps/place/Baim+Gunti+Mouser+%26+Worsham:+Mouser+Kirby/data=!4m7!3m6!1s0x8632d4abaeeab9bf:0xffb44e115cca1cfc!8m2!3d34.4681244!4d-93.0204447!16s%2Fg%2F1vn_zb1h!19sChIJv7nqrqvUMoYR_BzKXBFOtP8?authuser=0&hl=en&rclk=1
