San Diego Personal Injury Lawyer | Mova Law Group,https://www.google.com/maps/place/San+Diego+Personal+Injury+Lawyer+%7C+Mova+Law+Group/data=!4m7!3m6!1s0x80deaafd29512441:0x5d50224ef266e9f!8m2!3d32.7475942!4d-117.2091849!16s%2Fg%2F11bwqc0r3t!19sChIJQSRRKf2q3oARn24m7yQC1QU?authuser=0&hl=en&rclk=1
Ezekiel E. Cortez Law Offices,https://www.google.com/maps/place/Ezekiel+E.+Cortez+Law+Offices/data=!4m7!3m6!1s0x80d954a867e553bf:0xaa16ba82e5d9caf3!8m2!3d32.717182!4d-117.1677714!16s%2Fg%2F1trpr26v!19sChIJv1PlZ6hU2YAR88rZ5YK6Fqo?authuser=0&hl=en&rclk=1
Contreras Law Firm,https://www.google.com/maps/place/Contreras+Law+Firm/data=!4m7!3m6!1s0x80d954b03bc7dfb7:0x5ddbb01a2b8ac713!8m2!3d32.7162428!4d-117.1669629!16s%2Fg%2F12llgd47q!19sChIJt9_HO7BU2YARE8eKKxqw210?authuser=0&hl=en&rclk=1
Hariri Law Group,https://www.google.com/maps/place/Hariri+Law+Group/data=!4m7!3m6!1s0x80d954a951f67773:0xaaf2e635b3e9bdfd!8m2!3d32.7183062!4d-117.1669692!16s%2Fg%2F11g72c96wz!19sChIJc3f2UalU2YAR_b3pszXm8qo?authuser=0&hl=en&rclk=1
Monder Criminal Lawyer Group,https://www.google.com/maps/place/Monder+Criminal+Lawyer+Group/data=!4m7!3m6!1s0x80d95356f8c317bb:0xd4ac81d17903d64b!8m2!3d32.7137373!4d-117.1606444!16s%2Fg%2F11h0n0178!19sChIJuxfD-FZT2YARS9YDedGBrNQ?authuser=0&hl=en&rclk=1
Law Offices of Anna R. Yum,https://www.google.com/maps/place/Law+Offices+of+Anna+R.+Yum/data=!4m7!3m6!1s0x80d954a981369343:0x119af258ec4c1586!8m2!3d32.715492!4d-117.1680725!16s%2Fg%2F1th0yn1v!19sChIJQ5M2galU2YARhhVM7FjymhE?authuser=0&hl=en&rclk=1
"Gilleon Law Firm, APC","https://www.google.com/maps/place/Gilleon+Law+Firm,+APC/data=!4m7!3m6!1s0x80d954aea870d209:0x9afa1ef117c21ed1!8m2!3d32.719198!4d-117.167672!16s%2Fg%2F1tf164tq!19sChIJCdJwqK5U2YAR0R7CF_Ee-po?authuser=0&hl=en&rclk=1"
LOKK Legal,https://www.google.com/maps/place/LOKK+Legal/data=!4m7!3m6!1s0x80d954a61c86211f:0x33dfe2e5e044f784!8m2!3d32.715471!4d-117.168042!16s%2Fg%2F1pp2vcwdx!19sChIJHyGGHKZU2YARhPdE4OXi3zM?authuser=0&hl=en&rclk=1
San Diego Criminal Attorney,https://www.google.com/maps/place/San+Diego+Criminal+Attorney/data=!4m7!3m6!1s0x80d955bea644ed5f:0xef341a8b31894bd6!8m2!3d32.718258!4d-117.157927!16s%2Fg%2F11g4dr2g7x!19sChIJX-1Epr5V2YAR1kuJMYsaNO8?authuser=0&hl=en&rclk=1
Kersey Law,https://www.google.com/maps/place/Kersey+Law/data=!4m7!3m6!1s0x80dc074058206dd5:0x42145843dd469591!8m2!3d32.7164634!4d-117.16039!16s%2Fg%2F1hhhvf8xb!19sChIJ1W0gWEAH3IARkZVG3UNYFEI?authuser=0&hl=en&rclk=1
"Gomez Trial Attorneys, Accident & Injury Lawyers","https://www.google.com/maps/place/Gomez+Trial+Attorneys,+Accident+%26+Injury+Lawyers/data=!4m7!3m6!1s0x80d954a778a785cd:0xa0e94f217640c67f!8m2!3d32.7128763!4d-117.1642261!16s%2Fg%2F1th0bq_r!19sChIJzYWneKdU2YARf8ZAdiFP6aA?authuser=0&hl=en&rclk=1"
"Hamparyan Personal Injury Lawyers San Diego, APC","https://www.google.com/maps/place/Hamparyan+Personal+Injury+Lawyers+San+Diego,+APC/data=!4m7!3m6!1s0x80dc07339af34c09:0x1dfb555ba92ec1db!8m2!3d32.7113138!4d-117.1654821!16s%2Fg%2F11_tw940c!19sChIJCUzzmjMH3IAR28EuqVtV-x0?authuser=0&hl=en&rclk=1"
"Miranda Law Group, PC","https://www.google.com/maps/place/Miranda+Law+Group,+PC/data=!4m7!3m6!1s0x80d954abc84cc473:0xf89f07ae137de79d!8m2!3d32.716243!4d-117.166963!16s%2Fg%2F11ymjs_nt!19sChIJc8RMyKtU2YARned9E64Hn_g?authuser=0&hl=en&rclk=1"
"Andy Van Le & Associates, PC Law Center","https://www.google.com/maps/place/Andy+Van+Le+%26+Associates,+PC+Law+Center/data=!4m7!3m6!1s0x80d954ac8ba2fba1:0x4a072a2794e6885d!8m2!3d32.7216465!4d-117.1609861!16s%2Fg%2F1tgw59s3!19sChIJofuii6xU2YARXYjmlCcqB0o?authuser=0&hl=en&rclk=1"
"Griffin Law Office, APC","https://www.google.com/maps/place/Griffin+Law+Office,+APC/data=!4m7!3m6!1s0x80d954a778a785cd:0x5a0d227e42dedbce!8m2!3d32.719404!4d-117.1678347!16s%2Fg%2F1hc96_t64!19sChIJzYWneKdU2YARztveQn4iDVo?authuser=0&hl=en&rclk=1"
Jurewitz Law Group Injury & Accident Lawyers,https://www.google.com/maps/place/Jurewitz+Law+Group+Injury+%26+Accident+Lawyers/data=!4m7!3m6!1s0x80d954a778a785cd:0x7e4d16f61ddf9879!8m2!3d32.7179411!4d-117.1587403!16s%2Fg%2F1tmqghfc!19sChIJzYWneKdU2YAReZjfHfYWTX4?authuser=0&hl=en&rclk=1
Law Offices of Jacob J. Sapochnick,https://www.google.com/maps/place/Law+Offices+of+Jacob+J.+Sapochnick/data=!4m7!3m6!1s0x80d954a5b7b64a6f:0x40b6c24253f3ee0c!8m2!3d32.721143!4d-117.159497!16s%2Fg%2F1tdhm344!19sChIJb0q2t6VU2YARDO7zU0LCtkA?authuser=0&hl=en&rclk=1
Brian E Watkins & Associates Law,https://www.google.com/maps/place/Brian+E+Watkins+%26+Associates+Law/data=!4m7!3m6!1s0x80d9553b96dc3b75:0x8e9aca6cc0d459a3!8m2!3d32.716912!4d-117.1559677!16s%2Fg%2F1tdf1n10!19sChIJdTvcljtV2YARo1nUwGzKmo4?authuser=0&hl=en&rclk=1
Dod Law Criminal Defense,https://www.google.com/maps/place/Dod+Law+Criminal+Defense/data=!4m7!3m6!1s0x80d954a61fcb62c5:0xaa9ce115f6e09c1b!8m2!3d32.7185696!4d-117.1617227!16s%2Fg%2F11b8072xvp!19sChIJxWLLH6ZU2YARG5zg9hXhnKo?authuser=0&hl=en&rclk=1
"Law Office of Vikas Bajaj, APC","https://www.google.com/maps/place/Law+Office+of+Vikas+Bajaj,+APC/data=!4m7!3m6!1s0x80d954a812da4f6d:0xe94cc24d0fba37be!8m2!3d32.727927!4d-117.1641809!16s%2Fg%2F1hf3v00_m!19sChIJbU_aEqhU2YARvje6D03CTOk?authuser=0&hl=en&rclk=1"
"Law Offices of David R. Silldorf, APC","https://www.google.com/maps/place/Law+Offices+of+David+R.+Silldorf,+APC/data=!4m7!3m6!1s0x80dc009764e35623:0x4182e9bff95208f1!8m2!3d32.7163125!4d-117.1670059!16s%2Fg%2F11c3s9667g!19sChIJI1bjZJcA3IAR8QhS-b_pgkE?authuser=0&hl=en&rclk=1"
RJS LAW,https://www.google.com/maps/place/RJS+LAW/data=!4m7!3m6!1s0x80d9535beedb5819:0xaba8f28290347f6e!8m2!3d32.7186773!4d-117.161875!16s%2Fg%2F1vvdvhkj!19sChIJGVjb7ltT2YARbn80kILyqKs?authuser=0&hl=en&rclk=1
WILNER & O'REILLY | IMMIGRATION LAWYERS,https://www.google.com/maps/place/WILNER+%26+O%27REILLY+%7C+IMMIGRATION+LAWYERS/data=!4m7!3m6!1s0x80d95595d57c549d:0x1b9d8cab84a74215!8m2!3d32.7161518!4d-117.168666!16s%2Fg%2F11j65wt39y!19sChIJnVR81ZVV2YARFUKnhKuMnRs?authuser=0&hl=en&rclk=1
Bickel Sannipoli APC,https://www.google.com/maps/place/Bickel+Sannipoli+APC/data=!4m7!3m6!1s0x80d954a6e5a05897:0x53b0e6f18d3e79dc!8m2!3d32.716928!4d-117.1582011!16s%2Fg%2F1thp88h4!19sChIJl1ig5aZU2YAR3Hk-jfHmsFM?authuser=0&hl=en&rclk=1
Shaw Legal Office,https://www.google.com/maps/place/Shaw+Legal+Office/data=!4m7!3m6!1s0x80dbff9393e85055:0x36b7aa2549175aa8!8m2!3d32.7738769!4d-117.2042906!16s%2Fg%2F11c1njp8cf!19sChIJVVDok5P_24ARqFoXSSWqtzY?authuser=0&hl=en&rclk=1
Golden State Law Group,https://www.google.com/maps/place/Golden+State+Law+Group/data=!4m7!3m6!1s0x80d95525682a97e3:0xb66368a2c832d219!8m2!3d32.7654617!4d-117.1609432!16s%2Fg%2F1tfzmmpb!19sChIJ45cqaCVV2YARGdIyyKJoY7Y?authuser=0&hl=en&rclk=1
Blair Defense Criminal Lawyers,https://www.google.com/maps/place/Blair+Defense+Criminal+Lawyers/data=!4m7!3m6!1s0x80d954ac1dde9c0d:0x9b75446f2a2768b2!8m2!3d32.7152655!4d-117.1625497!16s%2Fg%2F11bbtfmmf2!19sChIJDZzeHaxU2YARsmgnKm9EdZs?authuser=0&hl=en&rclk=1
Law Office of Joel Friedman,https://www.google.com/maps/place/Law+Office+of+Joel+Friedman/data=!4m7!3m6!1s0x80d955ed8c983023:0x5253377754a410b2!8m2!3d32.7183062!4d-117.1669692!16s%2Fg%2F11g0vyvj7j!19sChIJIzCYjO1V2YARshCkVHc3U1I?authuser=0&hl=en&rclk=1
Prager Jones,https://www.google.com/maps/place/Prager+Jones/data=!4m7!3m6!1s0x80d955c3a325d487:0x31a96eb40b14ebe7!8m2!3d32.7766125!4d-117.1387525!16s%2Fg%2F11hfkj2znn!19sChIJh9Qlo8NV2YAR5-sUC7RuqTE?authuser=0&hl=en&rclk=1
"Elia Law Firm APC, Injury Attorneys","https://www.google.com/maps/place/Elia+Law+Firm+APC,+Injury+Attorneys/data=!4m7!3m6!1s0x80d9551b08dab62f:0xbdad7429052fb6f7!8m2!3d32.76818!4d-117.141581!16s%2Fg%2F1tf7x_yl!19sChIJL7baCBtV2YAR97YvBSl0rb0?authuser=0&hl=en&rclk=1"
Law Offices of Hasbini,https://www.google.com/maps/place/Law+Offices+of+Hasbini/data=!4m7!3m6!1s0x80d954ae8f9581d9:0x710e427c9459e2c1!8m2!3d32.7206873!4d-117.166824!16s%2Fg%2F11b75m_vd1!19sChIJ2YGVj65U2YARweJZlHxCDnE?authuser=0&hl=en&rclk=1
"Hurwitz Holt, APLC | San Diego Immigration Lawyers","https://www.google.com/maps/place/Hurwitz+Holt,+APLC+%7C+San+Diego+Immigration+Lawyers/data=!4m7!3m6!1s0x80d95526175ebbfb:0xb223e70ea1c7a2db!8m2!3d32.7484893!4d-117.1921615!16s%2Fg%2F1tf2sh_n!19sChIJ-7teFyZV2YAR26LHoQ7nI7I?authuser=0&hl=en&rclk=1"
"George H. Ramos, Jr. & Associates","https://www.google.com/maps/place/George+H.+Ramos,+Jr.+%26+Associates/data=!4m7!3m6!1s0x80d954a7c664ed1b:0x9551d97f8ed23628!8m2!3d32.7164634!4d-117.16039!16s%2Fg%2F1tdcm7mz!19sChIJG-1kxqdU2YARKDbSjn_ZUZU?authuser=0&hl=en&rclk=1"
"Rawlins Law, APC","https://www.google.com/maps/place/Rawlins+Law,+APC/data=!4m7!3m6!1s0x80d955c618c89239:0xf03c7eed255978f9!8m2!3d32.7747243!4d-117.1275094!16s%2Fg%2F11j8tfstrw!19sChIJOZLIGMZV2YAR-XhZJe1-PPA?authuser=0&hl=en&rclk=1"
"Buck Law, APC","https://www.google.com/maps/place/Buck+Law,+APC/data=!4m7!3m6!1s0x80deabd31dbbd507:0x800cbc4a78f07be7!8m2!3d32.7139806!4d-117.1502149!16s%2Fg%2F11fnxvzr0d!19sChIJB9W7HdOr3oAR53vweEq8DIA?authuser=0&hl=en&rclk=1"
Douglas D Nelson Law Offices,https://www.google.com/maps/place/Douglas+D+Nelson+Law+Offices/data=!4m7!3m6!1s0x80d954ac8ba2fba1:0x184b40cd69a5288e!8m2!3d32.718294!4d-117.1669316!16s%2Fg%2F1td3g9gd!19sChIJofuii6xU2YARjiilac1ASxg?authuser=0&hl=en&rclk=1
The McClellan Law Firm,https://www.google.com/maps/place/The+McClellan+Law+Firm/data=!4m7!3m6!1s0x80d954a969c107b7:0x7d6f5dc453337b61!8m2!3d32.717314!4d-117.166781!16s%2Fg%2F1hg4_x0x0!19sChIJtwfBaalU2YARYXszU8Rdb30?authuser=0&hl=en&rclk=1
"The Law Office of Frank S. Clowney, III","https://www.google.com/maps/place/The+Law+Office+of+Frank+S.+Clowney,+III/data=!4m7!3m6!1s0x80d954a6ff55c09b:0x89af0ce4a486510!8m2!3d32.717182!4d-117.1677714!16s%2Fg%2F1tfcj0_m!19sChIJm8BV_6ZU2YAREGVISs7wmgg?authuser=0&hl=en&rclk=1"
HKM Employment Attorneys LLP - San Diego Labor Lawyers,https://www.google.com/maps/place/HKM+Employment+Attorneys+LLP+-+San+Diego+Labor+Lawyers/data=!4m7!3m6!1s0x80d95553ef6d5013:0xd76958bd086f2fe1!8m2!3d32.7183484!4d-117.1670069!16s%2Fg%2F11jgs23n1p!19sChIJE1Bt71NV2YAR4S9vCL1Yadc?authuser=0&hl=en&rclk=1
Law Offices of David C. Beavans,https://www.google.com/maps/place/Law+Offices+of+David+C.+Beavans/data=!4m7!3m6!1s0x80dbff93a5947f7b:0xa1d132d60ee82528!8m2!3d32.8232463!4d-117.1584738!16s%2Fg%2F11bw67nlrm!19sChIJe3-UpZP_24ARKCXoDtYy0aE?authuser=0&hl=en&rclk=1
"Hacking Immigration Law, LLC","https://www.google.com/maps/place/Hacking+Immigration+Law,+LLC/data=!4m7!3m6!1s0x80d9558654de869f:0xe862ce0430d146b3!8m2!3d32.7193224!4d-117.1644362!16s%2Fg%2F11lkqy6mkv!19sChIJn4beVIZV2YARs0bRMATOYug?authuser=0&hl=en&rclk=1"
"Tatyana & Giacomo Behar International Counsel, PLC - Immigration Attorney San Diego","https://www.google.com/maps/place/Tatyana+%26+Giacomo+Behar+International+Counsel,+PLC+-+Immigration+Attorney+San+Diego/data=!4m7!3m6!1s0x80d954a979e0e74f:0xf468a82e9751cd21!8m2!3d32.7163278!4d-117.1672437!16s%2Fg%2F1tfrs6dd!19sChIJT-fgealU2YARIc1Rly6oaPQ?authuser=0&hl=en&rclk=1"
"Haeggquist & Eck, LLP","https://www.google.com/maps/place/Haeggquist+%26+Eck,+LLP/data=!4m7!3m6!1s0x80d954a778a785cd:0xde462dc9a6348cbc!8m2!3d32.71554!4d-117.162229!16s%2Fg%2F1tg2kz5s!19sChIJzYWneKdU2YARvIw0psktRt4?authuser=0&hl=en&rclk=1"
Law Office of Russell Babcock,https://www.google.com/maps/place/Law+Office+of+Russell+Babcock/data=!4m7!3m6!1s0x80d954b03a33e1f5:0x54b3097fdf661ed4!8m2!3d32.725622!4d-117.163653!16s%2Fg%2F1thp88hc!19sChIJ9eEzOrBU2YAR1B5m338Js1Q?authuser=0&hl=en&rclk=1
"The Law Offices of Kerry L. Armstrong, APLC","https://www.google.com/maps/place/The+Law+Offices+of+Kerry+L.+Armstrong,+APLC/data=!4m7!3m6!1s0x80d954c5893f9c0d:0xe88e4fb6bf6c4cdf!8m2!3d32.718258!4d-117.157927!16s%2Fg%2F1td4vkmz!19sChIJDZw_icVU2YAR30xsv7ZPjug?authuser=0&hl=en&rclk=1"
Nasseri Legal,https://www.google.com/maps/place/Nasseri+Legal/data=!4m7!3m6!1s0x80d954a734b181fb:0x9619ce984ed4af42!8m2!3d32.7175308!4d-117.1559523!16s%2Fg%2F1hc32tqp_!19sChIJ-4GxNKdU2YARQq_UTpjOGZY?authuser=0&hl=en&rclk=1
Higgs Fletcher & Mack,https://www.google.com/maps/place/Higgs+Fletcher+%26+Mack/data=!4m7!3m6!1s0x80d954ac8ba2fba1:0x3607854ae9fe3b46!8m2!3d32.7184183!4d-117.1669502!16s%2Fg%2F1tj91v8n!19sChIJofuii6xU2YARRjv-6UqFBzY?authuser=0&hl=en&rclk=1
"Modern Law Group, P.C.","https://www.google.com/maps/place/Modern+Law+Group,+P.C./data=!4m7!3m6!1s0x80dc01064e20f89b:0x8a5611cd84557f58!8m2!3d32.7153638!4d-117.1126125!16s%2Fg%2F1tf4fb2r!19sChIJm_ggTgYB3IARWH9VhM0RVoo?authuser=0&hl=en&rclk=1"
The Clendenin Firm APC,https://www.google.com/maps/place/The+Clendenin+Firm+APC/data=!4m7!3m6!1s0x80d955ec1369d121:0xc662fe8c7c6b5026!8m2!3d32.7181346!4d-117.1586168!16s%2Fg%2F11j8tn5c49!19sChIJIdFpE-xV2YARJlBrfIz-YsY?authuser=0&hl=en&rclk=1
Law Office of Brett Peterson,https://www.google.com/maps/place/Law+Office+of+Brett+Peterson/data=!4m7!3m6!1s0x80d954a7a1b2acad:0x5f5eb88a8270873f!8m2!3d32.7165897!4d-117.1590805!16s%2Fg%2F1tdkmj2b!19sChIJrayyoadU2YARP4dwgoq4Xl8?authuser=0&hl=en&rclk=1
"Butler Law, PC","https://www.google.com/maps/place/Butler+Law,+PC/data=!4m7!3m6!1s0x80d95344425c0983:0x1d51f3d870c1b0bb!8m2!3d32.715111!4d-117.16777!16s%2Fg%2F11kzcgfg88!19sChIJgwlcQkRT2YARu7DBcNjzUR0?authuser=0&hl=en&rclk=1"
Nakase Law Firm,https://www.google.com/maps/place/Nakase+Law+Firm/data=!4m7!3m6!1s0x80d9551b08dab62f:0xb47684b8a2a59cc2!8m2!3d32.7667393!4d-117.1413591!16s%2Fg%2F1vk6zj13!19sChIJL7baCBtV2YARwpyloriEdrQ?authuser=0&hl=en&rclk=1
Immigration Attorney Peter D. Chu - Immigration Lawyer San Diego,https://www.google.com/maps/place/Immigration+Attorney+Peter+D.+Chu+-+Immigration+Lawyer+San+Diego/data=!4m7!3m6!1s0x80dbff941af505a1:0x7bb4cf17173108e0!8m2!3d32.8241828!4d-117.1543605!16s%2Fg%2F1thx4bl5!19sChIJoQX1GpT_24AR4AgxFxfPtHs?authuser=0&hl=en&rclk=1
Law Offices Of Michael S. Berg,https://www.google.com/maps/place/Law+Offices+Of+Michael+S.+Berg/data=!4m7!3m6!1s0x80d954ac8ba2fba1:0x50dedbb69240c14d!8m2!3d32.7160549!4d-117.1670651!16s%2Fg%2F1vd3w28m!19sChIJofuii6xU2YARTcFAkrbb3lA?authuser=0&hl=en&rclk=1
i Accident Lawyer,https://www.google.com/maps/place/i+Accident+Lawyer/data=!4m7!3m6!1s0x80d95363b79f2faf:0x6f934af85b393b59!8m2!3d32.7134469!4d-117.1594715!16s%2Fg%2F11g1mjb82n!19sChIJry-ft2NT2YARWTs5W_hKk28?authuser=0&hl=en&rclk=1
Levinson Law Group,https://www.google.com/maps/place/Levinson+Law+Group/data=!4m7!3m6!1s0x80dc74977f862bfb:0x321df276b19e976b!8m2!3d32.709966!4d-117.1569639!16s%2Fg%2F1tfgdjkz!19sChIJ-yuGf5d03IARa5eesXbyHTI?authuser=0&hl=en&rclk=1
San Diego Immigration Law Office,https://www.google.com/maps/place/San+Diego+Immigration+Law+Office/data=!4m7!3m6!1s0x80dbff157c89c917:0x39a33217bf486421!8m2!3d32.72544!4d-117.1636087!16s%2Fg%2F11qnh8kl_2!19sChIJF8mJfBX_24ARIWRIvxcyozk?authuser=0&hl=en&rclk=1
Lawstache Law Firm,https://www.google.com/maps/place/Lawstache+Law+Firm/data=!4m7!3m6!1s0x80d954a93de953db:0x29232eea058fd0e7!8m2!3d32.7133085!4d-117.1644906!16s%2Fg%2F12qffdpbq!19sChIJ21PpPalU2YAR59CPBeouIyk?authuser=0&hl=en&rclk=1
Law Offices of Scott C. Williams,https://www.google.com/maps/place/Law+Offices+of+Scott+C.+Williams/data=!4m7!3m6!1s0x80d954a700722cc5:0xc1a4630a96c9ea8d!8m2!3d32.7179455!4d-117.1587687!16s%2Fg%2F1tdy4rsv!19sChIJxSxyAKdU2YARjerJlgpjpME?authuser=0&hl=en&rclk=1
Bankruptcy Law Center,https://www.google.com/maps/place/Bankruptcy+Law+Center/data=!4m7!3m6!1s0x80d954a957a510b1:0xec4ebba0a01744f!8m2!3d32.7181582!4d-117.1677028!16s%2Fg%2F1tlbjvs2!19sChIJsRClV6lU2YART3QBCrrrxA4?authuser=0&hl=en&rclk=1
Sunnen Law - San Diego Divorce & Family Law,https://www.google.com/maps/place/Sunnen+Law+-+San+Diego+Divorce+%26+Family+Law/data=!4m7!3m6!1s0x80dc089e22a31623:0x1e5d3873142642dd!8m2!3d32.727442!4d-117.159966!16s%2Fg%2F1hm38kdtw!19sChIJIxajIp4I3IAR3UImFHM4XR4?authuser=0&hl=en&rclk=1
"Law Office of Daniel S. Castañeda, APC","https://www.google.com/maps/place/Law+Office+of+Daniel+S.+Casta%C3%B1eda,+APC/data=!4m7!3m6!1s0x80d9536650162f57:0xe1d48324d4d46f33!8m2!3d32.7444191!4d-117.2114349!16s%2Fg%2F11dfjxrvgl!19sChIJVy8WUGZT2YARM2_U1CSD1OE?authuser=0&hl=en&rclk=1"
Los Abogados de Accidentes,https://www.google.com/maps/place/Los+Abogados+de+Accidentes/data=!4m7!3m6!1s0x8dfc8328101fea93:0x5a94592a0a3b79f6!8m2!3d32.8058451!4d-117.1195489!16s%2Fg%2F11s1s1dl6t!19sChIJk-ofECiD_I0R9nk7CipZlFo?authuser=0&hl=en&rclk=1
San Diego DUI Attorney,https://www.google.com/maps/place/San+Diego+DUI+Attorney/data=!4m7!3m6!1s0x80d954a6e3a0b56f:0xa67a1a22cc760108!8m2!3d32.718156!4d-117.1579133!16s%2Fg%2F11bw716_0c!19sChIJb7Wg46ZU2YARCAF2zCIaeqY?authuser=0&hl=en&rclk=1
Dog Bite Law Group,https://www.google.com/maps/place/Dog+Bite+Law+Group/data=!4m7!3m6!1s0x80d9559ffaabc8ad:0xd92a9ca1a723a8b4!8m2!3d32.7161518!4d-117.168666!16s%2Fg%2F11n10v8syp!19sChIJrcir-p9V2YARtKgjp6GcKtk?authuser=0&hl=en&rclk=1
Law Offices of Tammy Sumontha,https://www.google.com/maps/place/Law+Offices+of+Tammy+Sumontha/data=!4m7!3m6!1s0x80d954a71d9d2e2b:0x3b56701c179226e3!8m2!3d32.7173205!4d-117.1606228!16s%2Fg%2F11h1m4p_r!19sChIJKy6dHadU2YAR4yaSFxxwVjs?authuser=0&hl=en&rclk=1
"Men’s Legal Center, Family Law Advocates - Divorce Lawyers","https://www.google.com/maps/place/Men%E2%80%99s+Legal+Center,+Family+Law+Advocates+-+Divorce+Lawyers/data=!4m7!3m6!1s0x80d954a0b373d703:0x7ad281bcf3a3e2cf!8m2!3d32.7169413!4d-117.1559542!16s%2Fg%2F1thq5l68!19sChIJA9dzs6BU2YARz-Kj87yB0no?authuser=0&hl=en&rclk=1"
The Barnes Firm Injury Attorneys,https://www.google.com/maps/place/The+Barnes+Firm+Injury+Attorneys/data=!4m7!3m6!1s0x80d9535c77eba14f:0x1f577086858b26f3!8m2!3d32.7152391!4d-117.1686059!16s%2Fg%2F11c6txt5yl!19sChIJT6Hrd1xT2YAR8yaLhYZwVx8?authuser=0&hl=en&rclk=1
"Cunningham Law, APC","https://www.google.com/maps/place/Cunningham+Law,+APC/data=!4m7!3m6!1s0x80dc072dc81a9531:0x2138a9a8969ed9fb!8m2!3d32.717947!4d-117.1578655!16s%2Fg%2F1hg4wywgt!19sChIJMZUayC0H3IAR-9melqipOCE?authuser=0&hl=en&rclk=1"
San Diego County DUI Law Center,https://www.google.com/maps/place/San+Diego+County+DUI+Law+Center/data=!4m7!3m6!1s0x80d954aa28d7d6ab:0xa8768077fe567cbd!8m2!3d32.7150822!4d-117.1677884!16s%2Fg%2F1q660xwj_!19sChIJq9bXKKpU2YARvXxW_neAdqg?authuser=0&hl=en&rclk=1
AA Accident Attorneys,https://www.google.com/maps/place/AA+Accident+Attorneys/data=!4m7!3m6!1s0x80d955263278bf99:0xd971d2ecaeec81a4!8m2!3d32.7152876!4d-117.1609218!16s%2Fg%2F11j8s4srsw!19sChIJmb94MiZV2YARpIHsruzScdk?authuser=0&hl=en&rclk=1
King Military Law,https://www.google.com/maps/place/King+Military+Law/data=!4m7!3m6!1s0xbc08ec2e1fc6207:0x99cb133b01569e1b!8m2!3d32.7152364!4d-117.1678963!16s%2Fg%2F11rxpdf_qc!19sChIJB2L84cKOwAsRG55WATsTy5k?authuser=0&hl=en&rclk=1
Turner Law,https://www.google.com/maps/place/Turner+Law/data=!4m7!3m6!1s0x80d954a979e0e74f:0x3f191279f285625b!8m2!3d32.7172382!4d-117.1642822!16s%2Fg%2F1tfkwlph!19sChIJT-fgealU2YARW2KF8nkSGT8?authuser=0&hl=en&rclk=1
"Frantz Law Group, APLC","https://www.google.com/maps/place/Frantz+Law+Group,+APLC/data=!4m7!3m6!1s0x80d954a979e0e74f:0x1f97d5584c42eb31!8m2!3d32.7165959!4d-117.1669738!16s%2Fg%2F1tjdrmcc!19sChIJT-fgealU2YARMetCTFjVlx8?authuser=0&hl=en&rclk=1"
Law Offices of Jonathan D Montag,https://www.google.com/maps/place/Law+Offices+of+Jonathan+D+Montag/data=!4m7!3m6!1s0x80d954a8fa37053f:0xdccbc3f9780378e5!8m2!3d32.716848!4d-117.1640233!16s%2Fg%2F1tjl65vr!19sChIJPwU3-qhU2YAR5XgDePnDy9w?authuser=0&hl=en&rclk=1
Equity Legal LLP,https://www.google.com/maps/place/Equity+Legal+LLP/data=!4m7!3m6!1s0x80d954a71d6520fd:0xed99416b2af6f27c!8m2!3d32.7161518!4d-117.168666!16s%2Fg%2F11dxjyy9dk!19sChIJ_SBlHadU2YARfPL2KmtBme0?authuser=0&hl=en&rclk=1
Mariana L Hanna Law Office,https://www.google.com/maps/place/Mariana+L+Hanna+Law+Office/data=!4m7!3m6!1s0x80d954a981369343:0x9ff9ebded5948aa!8m2!3d32.717266!4d-117.164271!16s%2Fg%2F1thgh9vr!19sChIJQ5M2galU2YARqkhZ7b2e_wk?authuser=0&hl=en&rclk=1
Law Office Of Allen R. Hall,https://www.google.com/maps/place/Law+Office+Of+Allen+R.+Hall/data=!4m7!3m6!1s0x80d954ac1e876e91:0xb13a6d4569619206!8m2!3d32.7162107!4d-117.1669839!16s%2Fg%2F11fxvf_lnm!19sChIJkW6HHqxU2YARBpJhaUVtOrE?authuser=0&hl=en&rclk=1
"Zimberoff Deutsch, APC","https://www.google.com/maps/place/Zimberoff+Deutsch,+APC/data=!4m7!3m6!1s0x80d954aa27db48f5:0xdd0b94eff702f135!8m2!3d32.7150214!4d-117.1642958!16s%2Fg%2F11gbnk2z0k!19sChIJ9UjbJ6pU2YARNfEC9--UC90?authuser=0&hl=en&rclk=1"
Advantage Law Group,https://www.google.com/maps/place/Advantage+Law+Group/data=!4m7!3m6!1s0x80dc0741cb51d349:0x2aa56b38d0d4eb73!8m2!3d32.8939424!4d-117.1937648!16s%2Fg%2F1tdz07nh!19sChIJSdNRy0EH3IARc-vU0DhrpSo?authuser=0&hl=en&rclk=1
Bernal Law,https://www.google.com/maps/place/Bernal+Law/data=!4m7!3m6!1s0x80d954a71d6520fd:0x3b8395f5575ed236!8m2!3d32.7180606!4d-117.1579595!16s%2Fg%2F11fy_dx8dt!19sChIJ_SBlHadU2YARNtJeV_WVgzs?authuser=0&hl=en&rclk=1
Brian Kenneth Johnson Law Practice,https://www.google.com/maps/place/Brian+Kenneth+Johnson+Law+Practice/data=!4m7!3m6!1s0x80d954a6e3a0b56f:0x67275971925b9062!8m2!3d32.7179622!4d-117.1585954!16s%2Fg%2F11c51s9c6v!19sChIJb7Wg46ZU2YARYpBbknFZJ2c?authuser=0&hl=en&rclk=1
Brian Kenneth Johnson Law Practice,https://www.google.com/maps/place/Brian+Kenneth+Johnson+Law+Practice/data=!4m7!3m6!1s0x80d954a6e3a0b56f:0x67275971925b9062!8m2!3d32.7179622!4d-117.1585954!16s%2Fg%2F11c51s9c6v!19sChIJb7Wg46ZU2YARYpBbknFZJ2c?authuser=0&hl=en&rclk=1
"San Diego Biz Law, APC","https://www.google.com/maps/place/San+Diego+Biz+Law,+APC/data=!4m7!3m6!1s0x80dc072be2c8cdd3:0x4b593f5c9ac2c70!8m2!3d32.8738206!4d-117.2156617!16s%2Fg%2F11x9b5_mk!19sChIJ083I4isH3IARcCysyfWTtQQ?authuser=0&hl=en&rclk=1"
"Dychter Law Offices, APC","https://www.google.com/maps/place/Dychter+Law+Offices,+APC/data=!4m7!3m6!1s0x80d954a778a785cd:0xb4374aa2bbdb1ecd!8m2!3d32.7162839!4d-117.1633453!16s%2Fg%2F1tdn4csx!19sChIJzYWneKdU2YARzR7bu6JKN7Q?authuser=0&hl=en&rclk=1"
"The Drelich Law Firm, P.C.","https://www.google.com/maps/place/The+Drelich+Law+Firm,+P.C./data=!4m7!3m6!1s0x80d954a981369343:0xb636ccfd265a533b!8m2!3d32.7150214!4d-117.1642958!16s%2Fg%2F124srpjjr!19sChIJQ5M2galU2YARO1NaJv3MNrY?authuser=0&hl=en&rclk=1"
"Marc Carlos Law, APC","https://www.google.com/maps/place/Marc+Carlos+Law,+APC/data=!4m7!3m6!1s0x80d95358142f4d35:0x2b615b3551576794!8m2!3d32.713742!4d-117.160645!16s%2Fg%2F1v3knbxr!19sChIJNU0vFFhT2YARlGdXUTVbYSs?authuser=0&hl=en&rclk=1"
Brotman Law,https://www.google.com/maps/place/Brotman+Law/data=!4m7!3m6!1s0x80d954c34dd8ccf3:0x7d73a8451de355a2!8m2!3d32.7163364!4d-117.1670444!16s%2Fg%2F1ydpv9ps8!19sChIJ88zYTcNU2YARolXjHUWoc30?authuser=0&hl=en&rclk=1
Law Office of Joshua R. Bourne,https://www.google.com/maps/place/Law+Office+of+Joshua+R.+Bourne/data=!4m7!3m6!1s0x80d95357d2291655:0xa682ba76a47b5763!8m2!3d32.7132875!4d-117.1643485!16s%2Fg%2F1vr3dg4k!19sChIJVRYp0ldT2YARY1d7pHa6gqY?authuser=0&hl=en&rclk=1
"Kathrin S. Mautino, APLC - San Diego Immigration Attorney Lawyer","https://www.google.com/maps/place/Kathrin+S.+Mautino,+APLC+-+San+Diego+Immigration+Attorney+Lawyer/data=!4m7!3m6!1s0x80d954a0af211829:0x4fd033ae23afde0a!8m2!3d32.7169691!4d-117.1671041!16s%2Fg%2F1w0sd4k4!19sChIJKRghr6BU2YARCt6vI64z0E8?authuser=0&hl=en&rclk=1"
"Watkins Firm, APC","https://www.google.com/maps/place/Watkins+Firm,+APC/data=!4m7!3m6!1s0x80dc072e0acf2131:0xa93186910d36400!8m2!3d32.9151108!4d-117.1137578!16s%2Fg%2F1tmy5bn6!19sChIJMSHPCi4H3IARAGTTEGkYkwo?authuser=0&hl=en&rclk=1"
Goldman Legal,https://www.google.com/maps/place/Goldman+Legal/data=!4m7!3m6!1s0x80d954a9786e4e81:0x40ad4555a8602eac!8m2!3d32.7164634!4d-117.16039!16s%2Fg%2F11fx7w1z68!19sChIJgU5ueKlU2YARrC5gqFVFrUA?authuser=0&hl=en&rclk=1
"Law Offices of John D. Kirby, A.P.C.","https://www.google.com/maps/place/Law+Offices+of+John+D.+Kirby,+A.P.C./data=!4m7!3m6!1s0x80d954a867e553bf:0x256e1a0b0ca7e6d6!8m2!3d32.7183484!4d-117.1670069!16s%2Fg%2F1vppstkp!19sChIJv1PlZ6hU2YAR1uanDAsabiU?authuser=0&hl=en&rclk=1"
"Stipp Law Firm, APC","https://www.google.com/maps/place/Stipp+Law+Firm,+APC/data=!4m7!3m6!1s0x80d9533ce4924cfb:0x482f5ae5402541f9!8m2!3d32.716993!4d-117.1590177!16s%2Fg%2F11h0n7bwq3!19sChIJ-0yS5DxT2YAR-UElQOVaL0g?authuser=0&hl=en&rclk=1"
"Keith H. Rutman, Attorney at Law","https://www.google.com/maps/place/Keith+H.+Rutman,+Attorney+at+Law/data=!4m7!3m6!1s0x80d954a979e0e74f:0xadafb2348af8fd66!8m2!3d32.7150369!4d-117.1677423!16s%2Fg%2F1tj2nrh8!19sChIJT-fgealU2YARZv34ijSyr60?authuser=0&hl=en&rclk=1"
Law Office of Elliott Kanter APC,https://www.google.com/maps/place/Law+Office+of+Elliott+Kanter+APC/data=!4m7!3m6!1s0x80d954b98c1135ab:0x2c2bf7998c20ed69!8m2!3d32.719345!4d-117.1643706!16s%2Fg%2F1tmpks_c!19sChIJqzURjLlU2YARae0gjJn3Kyw?authuser=0&hl=en&rclk=1
Turnbow Law Firm,https://www.google.com/maps/place/Turnbow+Law+Firm/data=!4m7!3m6!1s0x80deaa3bf3a4359b:0x94550d104523b29c!8m2!3d32.7183299!4d-117.1579031!16s%2Fg%2F12xpk3sf7!19sChIJmzWk8zuq3oARnLIjRRANVZQ?authuser=0&hl=en&rclk=1
"Law Offices of Linda S. McAleer, Esq.","https://www.google.com/maps/place/Law+Offices+of+Linda+S.+McAleer,+Esq./data=!4m7!3m6!1s0x80d956e6981c1bd1:0x7adbe38508033f0f!8m2!3d32.718116!4d-117.159728!16s%2Fg%2F119vgl55l!19sChIJ0RscmOZW2YARDz8DCIXj23o?authuser=0&hl=en&rclk=1"
Edward J Babbitt APC,https://www.google.com/maps/place/Edward+J+Babbitt+APC/data=!4m7!3m6!1s0x80d954a6ff55c09b:0x88a6e6fb8fa7e2e0!8m2!3d32.718147!4d-117.1585979!16s%2Fg%2F1tfg7z84!19sChIJm8BV_6ZU2YAR4OKnj_vmpog?authuser=0&hl=en&rclk=1
­San Diego Criminal Law,https://www.google.com/maps/place/%C2%ADSan+Diego+Criminal+Law/data=!4m7!3m6!1s0x80d955786d1f9da1:0x5cbe73cfa0086fc1!8m2!3d32.716294!4d-117.158056!16s%2Fg%2F11lm98szq3!19sChIJoZ0fbXhV2YARwW8IoM9zvlw?authuser=0&hl=en&rclk=1
Jones Trial Attorneys,https://www.google.com/maps/place/Jones+Trial+Attorneys/data=!4m7!3m6!1s0x80d954a6e3a0b56f:0x23781bf28d5fb87b!8m2!3d32.7173205!4d-117.1606228!16s%2Fg%2F11c426mclp!19sChIJb7Wg46ZU2YARe7hfjfIbeCM?authuser=0&hl=en&rclk=1
Law Offices of Donte T. Wyatt,https://www.google.com/maps/place/Law+Offices+of+Donte+T.+Wyatt/data=!4m7!3m6!1s0x80d954b9c1ef3d85:0x7966ada8441bfb4b!8m2!3d32.7159383!4d-117.1630463!16s%2Fg%2F1hc1wwc_6!19sChIJhT3vwblU2YARS_sbRKitZnk?authuser=0&hl=en&rclk=1
JWB Family Law | San Diego Divorce Attorneys,https://www.google.com/maps/place/JWB+Family+Law+%7C+San+Diego+Divorce+Attorneys/data=!4m7!3m6!1s0x80d954b03a33e1f5:0xf5f3362591f929e0!8m2!3d32.722271!4d-117.1605391!16s%2Fg%2F1thxwhvk!19sChIJ9eEzOrBU2YAR4Cn5kSU28_U?authuser=0&hl=en&rclk=1
Nicholas De Pento Law Offices,https://www.google.com/maps/place/Nicholas+De+Pento+Law+Offices/data=!4m7!3m6!1s0x80d954aa4c158a0b:0xc4a7cfeb9df56ad4!8m2!3d32.715111!4d-117.16777!16s%2Fg%2F1thlnc43!19sChIJC4oVTKpU2YAR1Gr1nevPp8Q?authuser=0&hl=en&rclk=1
The Law Firm,https://www.google.com/maps/place/The+Law+Firm/data=!4m7!3m6!1s0x80d95511e5250f77:0x898c8656b61c20d0!8m2!3d32.776708!4d-117.138828!16s%2Fg%2F11f3m7skvq!19sChIJdw8l5RFV2YAR0CActlaGjIk?authuser=0&hl=en&rclk=1
The Ertz Law Group,https://www.google.com/maps/place/The+Ertz+Law+Group/data=!4m7!3m6!1s0x80d954b5b2672061:0xc5bc8ae5b605481a!8m2!3d32.770601!4d-117.1346107!16s%2Fg%2F1tf_1c83!19sChIJYSBnsrVU2YARGkgFtuWKvMU?authuser=0&hl=en&rclk=1
"Smith Family Law, APC","https://www.google.com/maps/place/Smith+Family+Law,+APC/data=!4m7!3m6!1s0x80d954a966c00001:0x44cf9ea014eb3f84!8m2!3d32.7152655!4d-117.1625497!16s%2Fg%2F11g03m91mg!19sChIJAQDAZqlU2YARhD_rFKCez0Q?authuser=0&hl=en&rclk=1"
The Stone Law Group,https://www.google.com/maps/place/The+Stone+Law+Group/data=!4m7!3m6!1s0x80d954a79d3b58bf:0xdd8648b162b179fb!8m2!3d32.7159073!4d-117.1622012!16s%2Fg%2F11b6hp1yr3!19sChIJv1g7nadU2YAR-3mxYrFIht0?authuser=0&hl=en&rclk=1
Law Offices of Shaffer Cormell,https://www.google.com/maps/place/Law+Offices+of+Shaffer+Cormell/data=!4m7!3m6!1s0x80d95596f7febc99:0xd6ded43b575a7e36!8m2!3d32.716243!4d-117.166963!16s%2Fg%2F11llb4b71m!19sChIJmbz-95ZV2YARNn5aVzvU3tY?authuser=0&hl=en&rclk=1
Law Office of Thomas B. Gorrill,https://www.google.com/maps/place/Law+Office+of+Thomas+B.+Gorrill/data=!4m7!3m6!1s0x80d954ac8ba2fba1:0x4ea22159b7246f96!8m2!3d32.7183484!4d-117.1670069!16s%2Fg%2F1tngql1c!19sChIJofuii6xU2YARlm8kt1khok4?authuser=0&hl=en&rclk=1
Bueno Law San Diego,https://www.google.com/maps/place/Bueno+Law+San+Diego/data=!4m7!3m6!1s0x80d9551211db412d:0x9998ab09ea63e667!8m2!3d32.7151966!4d-117.1641998!16s%2Fg%2F11tp7_zrvb!19sChIJLUHbERJV2YARZ-Zj6gmrmJk?authuser=0&hl=en&rclk=1
Liberty Lawyers,https://www.google.com/maps/place/Liberty+Lawyers/data=!4m7!3m6!1s0x80deaaeb377960c3:0x22fdd99903ebb2c4!8m2!3d32.7171155!4d-117.1641563!16s%2Fg%2F11cn9zh3fx!19sChIJw2B5N-uq3oARxLLrA5nZ_SI?authuser=0&hl=en&rclk=1
Eaker Pérez Law,https://www.google.com/maps/place/Eaker+P%C3%A9rez+Law/data=!4m7!3m6!1s0x80d954b00460eb2b:0xd64afbe38d5a06d8!8m2!3d32.7175226!4d-117.1560246!16s%2Fg%2F11cn5m032z!19sChIJK-tgBLBU2YAR2AZajeP7StY?authuser=0&hl=en&rclk=1
"Buono Law Group, APC","https://www.google.com/maps/place/Buono+Law+Group,+APC/data=!4m7!3m6!1s0x80d954abcf4506ad:0x9145e8cb3b9e7085!8m2!3d32.7358168!4d-117.160584!16s%2Fg%2F11b6n_rx08!19sChIJrQZFz6tU2YARhXCeO8voRZE?authuser=0&hl=en&rclk=1"
Jacobs & Schlesinger LLP,https://www.google.com/maps/place/Jacobs+%26+Schlesinger+LLP/data=!4m7!3m6!1s0x80d954a8fa37053f:0x1c5681d0ec3302c1!8m2!3d32.722271!4d-117.1605391!16s%2Fg%2F1tw_njtj!19sChIJPwU3-qhU2YARwQIz7NCBVhw?authuser=0&hl=en&rclk=1
San Diego Law Library,https://www.google.com/maps/place/San+Diego+Law+Library/data=!4m7!3m6!1s0x80d954a8fc2c7b03:0x4c9d0934893c2a81!8m2!3d32.7169252!4d-117.1645696!16s%2Fg%2F1tftrcnw!19sChIJA3ss_KhU2YARgSo8iTQJnUw?authuser=0&hl=en&rclk=1
Justice Law Group,https://www.google.com/maps/place/Justice+Law+Group/data=!4m7!3m6!1s0x80d954a966879fa5:0x665272fc66b56fdd!8m2!3d32.7181159!4d-117.1597277!16s%2Fg%2F113f3zhp1!19sChIJpZ-HZqlU2YAR3W-1ZvxyUmY?authuser=0&hl=en&rclk=1
Law Office of Mark A. Reed,https://www.google.com/maps/place/Law+Office+of+Mark+A.+Reed/data=!4m7!3m6!1s0x80dbff930ed63f79:0x3eb2a4650fe3c786!8m2!3d32.8223626!4d-117.1580586!16s%2Fg%2F1tf6mhh_!19sChIJeT_WDpP_24ARhsfjD2Wksj4?authuser=0&hl=en&rclk=1
Gold Coast Counsel,https://www.google.com/maps/place/Gold+Coast+Counsel/data=!4m7!3m6!1s0x80d955042e673037:0x3d0569eaaab21ac8!8m2!3d32.7154295!4d-117.1632137!16s%2Fg%2F11j6dxlrqx!19sChIJNzBnLgRV2YARyBqyquppBT0?authuser=0&hl=en&rclk=1
"Sibus Law Group, APC","https://www.google.com/maps/place/Sibus+Law+Group,+APC/data=!4m7!3m6!1s0x80d9558725c4c427:0x3d7cbc770b7e525c!8m2!3d32.8058044!4d-117.1194363!16s%2Fg%2F11b6gp72bc!19sChIJJ8TEJYdV2YARXFJ-C3e8fD0?authuser=0&hl=en&rclk=1"
Ghulam Law,https://www.google.com/maps/place/Ghulam+Law/data=!4m7!3m6!1s0x80d95508229f3529:0x8116ca47051e900d!8m2!3d32.716243!4d-117.166963!16s%2Fg%2F11rtm4dgtx!19sChIJKTWfIghV2YARDZAeBUfKFoE?authuser=0&hl=en&rclk=1
Law Offices of Danielle Iredale,https://www.google.com/maps/place/Law+Offices+of+Danielle+Iredale/data=!4m7!3m6!1s0x80d95357d026aa77:0x4de8ad4bdb3a08d0!8m2!3d32.7132366!4d-117.164513!16s%2Fg%2F11dxrztc24!19sChIJd6om0FdT2YAR0Ag620ut6E0?authuser=0&hl=en&rclk=1
