Law Offices of Ronald M. Hall,https://www.google.com/maps/place/Law+Offices+of+Ronald+M.+Hall/data=!4m7!3m6!1s0x80c2cdbd75c5552f:0xa0e0d35d2fd67aa9!8m2!3d33.9430874!4d-118.1367034!16s%2Fg%2F1w665pc5!19sChIJL1XFdb3NwoARqXrWL13T4KA?authuser=0&hl=en&rclk=1
Law Offices of Henry A. Posada,https://www.google.com/maps/place/Law+Offices+of+Henry+A.+Posada/data=!4m7!3m6!1s0x80c2cd92fbd334ab:0x248bed8eb06aa991!8m2!3d33.9513547!4d-118.1262103!16s%2Fg%2F1tfkfvtr!19sChIJqzTT-5LNwoARkalqsI7tiyQ?authuser=0&hl=en&rclk=1
The JLF Firm,https://www.google.com/maps/place/The+JLF+Firm/data=!4m7!3m6!1s0x80c2cd93484a0d59:0x2c43762a52ba7b0a!8m2!3d33.9406031!4d-118.1331054!16s%2Fg%2F11f08kvvnn!19sChIJWQ1KSJPNwoARCnu6Uip2Qyw?authuser=0&hl=en&rclk=1
Law Office of Joshua N. Quintero,https://www.google.com/maps/place/Law+Office+of+Joshua+N.+Quintero/data=!4m7!3m6!1s0x80c2cd88b163061f:0xc3a6ae658d01228f!8m2!3d33.9460175!4d-118.1174878!16s%2Fg%2F11b7cd84qc!19sChIJHwZjsYjNwoARjyIBjWWupsM?authuser=0&hl=en&rclk=1
Law Office of Jesse A. Arana,https://www.google.com/maps/place/Law+Office+of+Jesse+A.+Arana/data=!4m7!3m6!1s0x80c2cd927134e511:0x48ab0095257916b8!8m2!3d33.950591!4d-118.1243455!16s%2Fg%2F11bxw8vqnn!19sChIJEeU0cZLNwoARuBZ5JZUAq0g?authuser=0&hl=en&rclk=1
Alexis Saab Law Offices,https://www.google.com/maps/place/Alexis+Saab+Law+Offices/data=!4m7!3m6!1s0x80c2cd960252fd87:0x84a12ed9aaf5a3b4!8m2!3d33.9456986!4d-118.135392!16s%2Fg%2F1vfn6y14!19sChIJh_1SApbNwoARtKP1qtkuoYQ?authuser=0&hl=en&rclk=1
DGO Legal - De Girolamo Oyhanarte LLP,https://www.google.com/maps/place/DGO+Legal+-+De+Girolamo+Oyhanarte+LLP/data=!4m7!3m6!1s0x80c2c6fe79baaaab:0x32c54198b4ce889b!8m2!3d33.9423314!4d-118.1345596!16s%2Fg%2F11h5q8g0zx!19sChIJq6q6ef7GwoARm4jOtJhBxTI?authuser=0&hl=en&rclk=1
"Branes Law Group, A Professional Corporation (formerly Law Office of Marino A. Branes Jr.)","https://www.google.com/maps/place/Branes+Law+Group,+A+Professional+Corporation+%28formerly+Law+Office+of+Marino+A.+Branes+Jr.%29/data=!4m7!3m6!1s0x80c2cd974112e8db:0x52a4588622943f1a!8m2!3d33.9554804!4d-118.1289685!16s%2Fg%2F11dxnv3_dz!19sChIJ2-gSQZfNwoARGj-UIoZYpFI?authuser=0&hl=en&rclk=1"
Resolve Law Firm,https://www.google.com/maps/place/Resolve+Law+Firm/data=!4m7!3m6!1s0x80c2cd95f09c0001:0xf6d357ee614ee274!8m2!3d33.946876!4d-118.1352298!16s%2Fg%2F11hy_xr635!19sChIJAQCc8JXNwoARdOJOYe5X0_Y?authuser=0&hl=en&rclk=1
Law Offices Of Raymond Perez,https://www.google.com/maps/place/Law+Offices+Of+Raymond+Perez/data=!4m7!3m6!1s0x80c2cd11ffcc5fd1:0xe2db4b80e324adb2!8m2!3d33.940665!4d-118.1399261!16s%2Fg%2F1tfjfth3!19sChIJ0V_M_xHNwoARsq0k44BL2-I?authuser=0&hl=en&rclk=1
Law Offices of Orloff & Associates APC,https://www.google.com/maps/place/Law+Offices+of+Orloff+%26+Associates+APC/data=!4m7!3m6!1s0x80c2cd12b866e5fb:0x795a9fdd81ca7ec7!8m2!3d33.950399!4d-118.1238574!16s%2Fg%2F1w0j4gc4!19sChIJ--VmuBLNwoARx37Kgd2fWnk?authuser=0&hl=en&rclk=1
The Berdugo Law Firm,https://www.google.com/maps/place/The+Berdugo+Law+Firm/data=!4m7!3m6!1s0x80c2cdf1ddb2d70f:0x261a69a1c88d66f5!8m2!3d33.9426444!4d-118.1328904!16s%2Fg%2F11qg9g07w_!19sChIJD9ey3fHNwoAR9WaNyKFpGiY?authuser=0&hl=en&rclk=1
Morales Law Office,https://www.google.com/maps/place/Morales+Law+Office/data=!4m7!3m6!1s0x80c2cdbd964fbc23:0xa0b70e3894df3332!8m2!3d33.9442443!4d-118.1372146!16s%2Fg%2F1tfbh_f1!19sChIJI7xPlr3NwoARMjPflDgOt6A?authuser=0&hl=en&rclk=1
Matias Flores Law Firm,https://www.google.com/maps/place/Matias+Flores+Law+Firm/data=!4m7!3m6!1s0x80c2cdbdf7b3f54f:0x8635696dc4a80d1!8m2!3d33.9452737!4d-118.1357893!16s%2Fg%2F11c60m623x!19sChIJT_Wz973NwoAR0YBK3JZWYwg?authuser=0&hl=en&rclk=1
Golden Legacy Estate Planning Inc,https://www.google.com/maps/place/Golden+Legacy+Estate+Planning+Inc/data=!4m7!3m6!1s0x80c2cdbcb7cf6fe5:0xed9ff6388e781188!8m2!3d33.9403632!4d-118.1401276!16s%2Fg%2F11bzzynv1v!19sChIJ5W_Pt7zNwoARiBF4jjj2n-0?authuser=0&hl=en&rclk=1
Law Office of James Mendez,https://www.google.com/maps/place/Law+Office+of+James+Mendez/data=!4m7!3m6!1s0x80c2cd928c182703:0xf023db0787807082!8m2!3d33.9515599!4d-118.1251822!16s%2Fg%2F1tm0c23v!19sChIJAycYjJLNwoARgnCAhwfbI_A?authuser=0&hl=en&rclk=1
Law Office of Richard J. Rosiak,https://www.google.com/maps/place/Law+Office+of+Richard+J.+Rosiak/data=!4m7!3m6!1s0x80c2cd97a54065f3:0x62ef75ba51fc56b7!8m2!3d33.9433325!4d-118.1340607!16s%2Fg%2F11c1pglyk4!19sChIJ82VApZfNwoARt1b8Ubp172I?authuser=0&hl=en&rclk=1
Law Offices of Timothy E. Nilan,https://www.google.com/maps/place/Law+Offices+of+Timothy+E.+Nilan/data=!4m7!3m6!1s0x80c2cd9271b27333:0xd3d04f64ee2cd565!8m2!3d33.9385644!4d-118.1227286!16s%2Fg%2F1tlvpt3k!19sChIJM3OycZLNwoARZdUs7mRP0NM?authuser=0&hl=en&rclk=1
"Alamillo Immigration Law, APC","https://www.google.com/maps/place/Alamillo+Immigration+Law,+APC/data=!4m7!3m6!1s0x80c2cdbcb7ea4081:0xdecb60a34d8033c3!8m2!3d33.946876!4d-118.1352298!16s%2Fg%2F11bysjtyy9!19sChIJgUDqt7zNwoARwzOATaNgy94?authuser=0&hl=en&rclk=1"
The Law Offices of Patrick S. Aguirre & Associates,https://www.google.com/maps/place/The+Law+Offices+of+Patrick+S.+Aguirre+%26+Associates/data=!4m7!3m6!1s0x80c2cdea5270dc1b:0x9b176f59d8a2f8a8!8m2!3d33.9551414!4d-118.1324748!16s%2Fg%2F1tgdcpd9!19sChIJG9xwUurNwoARqPii2FlvF5s?authuser=0&hl=en&rclk=1
Promenade Accident Attorneys,https://www.google.com/maps/place/Promenade+Accident+Attorneys/data=!4m7!3m6!1s0x80c2cd2a36fb9ca1:0xec15eeb1c7f2aff7!8m2!3d33.9261574!4d-118.1263525!16s%2Fg%2F11rzjf04kc!19sChIJoZz7NirNwoAR96_yx7HuFew?authuser=0&hl=en&rclk=1
Lic.,https://www.google.com/maps/place/Lic./data=!4m7!3m6!1s0x80c2c9810bee40b5:0x965b7815c11f6a5a!8m2!3d33.9474092!4d-118.1161534!16s%2Fg%2F11h_9trfxc!19sChIJtUDuC4HJwoARWmofwRV4W5Y?authuser=0&hl=en&rclk=1
Velasco Law Group,https://www.google.com/maps/place/Velasco+Law+Group/data=!4m7!3m6!1s0x80c2cd959380f975:0xd1029f41d42a01e3!8m2!3d33.9478204!4d-118.1346073!16s%2Fg%2F1jglrvfs1!19sChIJdfmAk5XNwoAR4wEq1EGfAtE?authuser=0&hl=en&rclk=1
The Randhava Law Firm,https://www.google.com/maps/place/The+Randhava+Law+Firm/data=!4m7!3m6!1s0x80c2cdebaec0fd65:0xc3f5bd436c8e6f33!8m2!3d33.955017!4d-118.1322807!16s%2Fg%2F11b6pd1bkp!19sChIJZf3AruvNwoARM2-ObEO99cM?authuser=0&hl=en&rclk=1
JT Legal Group,https://www.google.com/maps/place/JT+Legal+Group/data=!4m7!3m6!1s0x80c2cdb4e4951a6b:0x230e10ca5a1b6b2b!8m2!3d33.9426444!4d-118.1328904!16s%2Fg%2F11frlbr175!19sChIJaxqV5LTNwoARK2sbWsoQDiM?authuser=0&hl=en&rclk=1
Law Offices of Lilly Ann Tejeda,https://www.google.com/maps/place/Law+Offices+of+Lilly+Ann+Tejeda/data=!4m7!3m6!1s0x80c2cd20eb1a04d7:0xf318371902b80a80!8m2!3d33.9494683!4d-118.1155115!16s%2Fg%2F11flry6360!19sChIJ1wQa6yDNwoARgAq4Ahk3GPM?authuser=0&hl=en&rclk=1
Novas Law,https://www.google.com/maps/place/Novas+Law/data=!4m7!3m6!1s0x80c2cd4c439b27bf:0xd70b7646d306ba9c!8m2!3d33.9423857!4d-118.1345616!16s%2Fg%2F11h7nryftt!19sChIJvyebQ0zNwoARnLoG00Z2C9c?authuser=0&hl=en&rclk=1
Law Offices of David Chesley,https://www.google.com/maps/place/Law+Offices+of+David+Chesley/data=!4m7!3m6!1s0x80c2cd0d59da0323:0x3c9edc8f3962c3fc!8m2!3d33.9435323!4d-118.130212!16s%2Fg%2F11rxhy3rlz!19sChIJIwPaWQ3NwoAR_MNiOY_cnjw?authuser=0&hl=en&rclk=1
Alianza Latina,https://www.google.com/maps/place/Alianza+Latina/data=!4m7!3m6!1s0x80c2c78ee59b0cf5:0x896004fdf8df7c80!8m2!3d33.9462344!4d-118.1502788!16s%2Fg%2F11bwd2g_q0!19sChIJ9Qyb5Y7HwoARgHzf-P0EYIk?authuser=0&hl=en&rclk=1
Vazquez Legal Document Solutions,https://www.google.com/maps/place/Vazquez+Legal+Document+Solutions/data=!4m7!3m6!1s0x80c2cf236fc8f3bb:0x2aaa6b340eeae2ff!8m2!3d33.9435323!4d-118.130212!16s%2Fg%2F11g10jh1xl!19sChIJu_PIbyPPwoAR_-LqDjRrqio?authuser=0&hl=en&rclk=1
Law Offices of Steve Lopez,https://www.google.com/maps/place/Law+Offices+of+Steve+Lopez/data=!4m7!3m6!1s0x80c2cd8e91e9937d:0xe0f79b60d7582392!8m2!3d33.9488144!4d-118.1201739!16s%2Fg%2F1vzg2hsq!19sChIJfZPpkY7NwoARkiNY12Cb9-A?authuser=0&hl=en&rclk=1
Carrie Uva,https://www.google.com/maps/place/Carrie+Uva/data=!4m7!3m6!1s0x80c2cd8ecd72010f:0xdd09b9aef8b453fa!8m2!3d33.9483987!4d-118.1184047!16s%2Fg%2F1tfv5d8k!19sChIJDwFyzY7NwoAR-lO0-K65Cd0?authuser=0&hl=en&rclk=1
Blanca Pacheco,https://www.google.com/maps/place/Blanca+Pacheco/data=!4m7!3m6!1s0x80c2cd97b79250cf:0x5e2bf6c1398211de!8m2!3d33.9432584!4d-118.1341868!16s%2Fg%2F11c54n_sb1!19sChIJz1CSt5fNwoAR3hGCOcH2K14?authuser=0&hl=en&rclk=1
Law Office of Manuel Eli Gonzalez,https://www.google.com/maps/place/Law+Office+of+Manuel+Eli+Gonzalez/data=!4m7!3m6!1s0x80c2cd970602c251:0xb21466116c9cf6a6!8m2!3d33.9436102!4d-118.132621!16s%2Fg%2F1tdmkrr0!19sChIJUcICBpfNwoARpvacbBFmFLI?authuser=0&hl=en&rclk=1
Legal Center,https://www.google.com/maps/place/Legal+Center/data=!4m7!3m6!1s0x80c2cdbcb7ea4081:0x133465470241fe5f!8m2!3d33.9403729!4d-118.1401234!16s%2Fg%2F1yfh_h__l!19sChIJgUDqt7zNwoARX_5BAkdlNBM?authuser=0&hl=en&rclk=1
Law Offices of Malhotra & Malhotra,https://www.google.com/maps/place/Law+Offices+of+Malhotra+%26+Malhotra/data=!4m7!3m6!1s0x80c2cdea52e8a077:0x8320456a8fa54d4b!8m2!3d33.9551414!4d-118.1324748!16s%2Fg%2F1tdwqcb1!19sChIJd6DoUurNwoARS02lj2pFIIM?authuser=0&hl=en&rclk=1
Attorney Javier Serrano,https://www.google.com/maps/place/Attorney+Javier+Serrano/data=!4m7!3m6!1s0x80c2d20afda24eb3:0x84d65704281959e7!8m2!3d33.9599014!4d-118.109364!16s%2Fg%2F1hg4t2p4b!19sChIJs06i_QrSwoAR51kZKARX1oQ?authuser=0&hl=en&rclk=1
Law Office of Marita Nogueiras,https://www.google.com/maps/place/Law+Office+of+Marita+Nogueiras/data=!4m7!3m6!1s0x80c2cd9836f8a69b:0x8692d88d22dcfc18!8m2!3d33.9435225!4d-118.1302301!16s%2Fg%2F1tltmn29!19sChIJm6b4NpjNwoARGPzcIo3YkoY?authuser=0&hl=en&rclk=1
Law Office of Arta Wildeboer,https://www.google.com/maps/place/Law+Office+of+Arta+Wildeboer/data=!4m7!3m6!1s0x80c2cd140bda4bbf:0x12366b099ea875d2!8m2!3d33.9513681!4d-118.1262481!16s%2Fg%2F11h__89tmy!19sChIJv0vaCxTNwoAR0nWonglrNhI?authuser=0&hl=en&rclk=1
Villamont Law Firm,https://www.google.com/maps/place/Villamont+Law+Firm/data=!4m7!3m6!1s0x80c2cd2e82566c9b:0x343c52fdfb2f19fe!8m2!3d33.786671!4d-118.2990476!16s%2Fg%2F11h7q5z9f6!19sChIJm2xWgi7NwoAR_hkv-_1SPDQ?authuser=0&hl=en&rclk=1
Ardis & Lehn,https://www.google.com/maps/place/Ardis+%26+Lehn/data=!4m7!3m6!1s0x80c2cd689bdde4d9:0x8a2c60b9530c68b5!8m2!3d33.9165198!4d-118.1239363!16s%2Fg%2F1vm7bqwg!19sChIJ2eTdm2jNwoARtWgMU7lgLIo?authuser=0&hl=en&rclk=1
Dorothy L Carfrae Law Offices,https://www.google.com/maps/place/Dorothy+L+Carfrae+Law+Offices/data=!4m7!3m6!1s0x80c2cd8e7f06e313:0x46f5916b042b028d!8m2!3d33.9491666!4d-118.1211003!16s%2Fg%2F1tx479nq!19sChIJE-MGf47NwoARjQIrBGuR9UY?authuser=0&hl=en&rclk=1
Law Offices of Eric A. Torices,https://www.google.com/maps/place/Law+Offices+of+Eric+A.+Torices/data=!4m7!3m6!1s0x80c2cde72445f45b:0xf163956232277288!8m2!3d33.9309602!4d-118.1470509!16s%2Fg%2F11t6f_6r2k!19sChIJW_RFJOfNwoARiHInMmKVY_E?authuser=0&hl=en&rclk=1
Steven J Hoffman Law Offices,https://www.google.com/maps/place/Steven+J+Hoffman+Law+Offices/data=!4m7!3m6!1s0x80c2cd928c182703:0xb4737f1b34aeb77a!8m2!3d33.9514864!4d-118.125184!16s%2Fg%2F1thq5klz!19sChIJAycYjJLNwoARereuNBt_c7Q?authuser=0&hl=en&rclk=1
"Leland Law Corp./Law Offices of Judith S. Leland, Downey Disability Lawyers","https://www.google.com/maps/place/Leland+Law+Corp.%2FLaw+Offices+of+Judith+S.+Leland,+Downey+Disability+Lawyers/data=!4m7!3m6!1s0x80c2cdc11db48527:0xe58fd7759d765824!8m2!3d33.9396495!4d-118.1314459!16s%2Fg%2F11j20hx_xq!19sChIJJ4W0HcHNwoARJFh2nXXXj-U?authuser=0&hl=en&rclk=1"
Law Office of John A. Bunnett,https://www.google.com/maps/place/Law+Office+of+John+A.+Bunnett/data=!4m7!3m6!1s0x80c2cd92de1baa7f:0x3701d4653d10fe7c!8m2!3d33.9421163!4d-118.1349932!16s%2Fg%2F1tf2shg9!19sChIJf6ob3pLNwoARfP4QPWXUATc?authuser=0&hl=en&rclk=1
Law Offices of Miguel Duarte,https://www.google.com/maps/place/Law+Offices+of+Miguel+Duarte/data=!4m7!3m6!1s0x80c2cd974139f265:0xefed81147f3ac77!8m2!3d33.9431816!4d-118.1309711!16s%2Fg%2F11b6nw4bfm!19sChIJZfI5QZfNwoARd6zzRxHY_g4?authuser=0&hl=en&rclk=1
Law Office,https://www.google.com/maps/place/Law+Office/data=!4m7!3m6!1s0x80c2cd8345ce4ffd:0x9f080a02e077dd58!8m2!3d33.9380629!4d-118.1230794!16s%2Fg%2F1tj7fb14!19sChIJ_U_ORYPNwoARWN134AIKCJ8?authuser=0&hl=en&rclk=1
Fernandez & Fernandez,https://www.google.com/maps/place/Fernandez+%26+Fernandez/data=!4m7!3m6!1s0x80c2cd688d2eff03:0x1b352e414b9c6925!8m2!3d33.9160729!4d-118.1258129!16s%2Fg%2F1xgzc132!19sChIJA_8ujWjNwoARJWmcS0EuNRs?authuser=0&hl=en&rclk=1
Noravian Law Firm,https://www.google.com/maps/place/Noravian+Law+Firm/data=!4m7!3m6!1s0x80c2cda507ecc69f:0x335f2459b52dbed9!8m2!3d33.9427679!4d-118.1332501!16s%2Fg%2F11s5g0lhvt!19sChIJn8bsB6XNwoAR2b4ttVkkXzM?authuser=0&hl=en&rclk=1
TLD Law,https://www.google.com/maps/place/TLD+Law/data=!4m7!3m6!1s0x80c2cdbdfbe80417:0x1cec077910a25afb!8m2!3d33.9423624!4d-118.1345656!16s%2Fg%2F1tfq9hj9!19sChIJFwTo-73NwoAR-1qiEHkH7Bw?authuser=0&hl=en&rclk=1
Law Offices of William G. Cort,https://www.google.com/maps/place/Law+Offices+of+William+G.+Cort/data=!4m7!3m6!1s0x80c2d20afda24eb3:0x7d920cb6da656760!8m2!3d33.9599275!4d-118.1093483!16s%2Fg%2F1262z6mcv!19sChIJs06i_QrSwoARYGdl2rYMkn0?authuser=0&hl=en&rclk=1
"The Perez Firm, Carlos J Perez","https://www.google.com/maps/place/The+Perez+Firm,+Carlos+J+Perez/data=!4m7!3m6!1s0x80c2cda667d49b39:0x1ba1cb86f2bfe678!8m2!3d33.9323431!4d-118.145162!16s%2Fg%2F11c568wvxf!19sChIJOZvUZ6bNwoAReOa_8obLoRs?authuser=0&hl=en&rclk=1"
Law Araujo Offices,https://www.google.com/maps/place/Law+Araujo+Offices/data=!4m7!3m6!1s0x80c2b54b76ff5323:0xb19b52b5bd3211b2!8m2!3d33.9421163!4d-118.1349932!16s%2Fg%2F1pxwb62bd!19sChIJI1P_dku1woARshEyvbVSm7E?authuser=0&hl=en&rclk=1
"Law Office of Grismer Patterson, LLP","https://www.google.com/maps/place/Law+Office+of+Grismer+Patterson,+LLP/data=!4m7!3m6!1s0x80c2cdd8de76f433:0xfc0e87c9165fd4ba!8m2!3d33.9554804!4d-118.1289685!16s%2Fg%2F11s8n142ck!19sChIJM_R23tjNwoARutRfFsmHDvw?authuser=0&hl=en&rclk=1"
Law Offices of Eugene M. Siegel,https://www.google.com/maps/place/Law+Offices+of+Eugene+M.+Siegel/data=!4m7!3m6!1s0x80c2cd928c182703:0x2f37b510a36bf400!8m2!3d33.9424454!4d-118.1345576!16s%2Fg%2F1tdqhrcc!19sChIJAycYjJLNwoARAPRroxC1Ny8?authuser=0&hl=en&rclk=1
"The Clervaud Firm, P.C.","https://www.google.com/maps/place/The+Clervaud+Firm,+P.C./data=!4m7!3m6!1s0x80c2c75c8a3d295b:0xb98a1b8e1712f1af!8m2!3d33.9514967!4d-118.1253664!16s%2Fg%2F11jbnkb6qd!19sChIJWyk9ilzHwoARr_ESF44birk?authuser=0&hl=en&rclk=1"
Law Offices of Chirnese L. Liverpool,https://www.google.com/maps/place/Law+Offices+of+Chirnese+L.+Liverpool/data=!4m7!3m6!1s0x80c2cdd7495eff79:0x496e35f2b45ad397!8m2!3d33.9637542!4d-118.1485681!16s%2Fg%2F1ptxd473s!19sChIJef9eSdfNwoARl9NatPI1bkk?authuser=0&hl=en&rclk=1
Law Office of Marc P. Grismer,https://www.google.com/maps/place/Law+Office+of+Marc+P.+Grismer/data=!4m7!3m6!1s0x80c2cdc51623ffb3:0xf739f66b27ce8791!8m2!3d33.9554804!4d-118.1289685!16s%2Fg%2F11sf3vsbb8!19sChIJs_8jFsXNwoARkYfOJ2v2Ofc?authuser=0&hl=en&rclk=1
The Law Offices of Gavril T. Gabriel,https://www.google.com/maps/place/The+Law+Offices+of+Gavril+T.+Gabriel/data=!4m7!3m6!1s0x80c2cd9836b99c63:0x783a8442f148fa67!8m2!3d33.940561!4d-118.133187!16s%2Fg%2F11c51wgpb0!19sChIJY5y5NpjNwoARZ_pI8UKEOng?authuser=0&hl=en&rclk=1
Law Office,https://www.google.com/maps/place/Law+Office/data=!4m7!3m6!1s0x80c2cd0a41d42c0b:0x3e6c4809ac632a06!8m2!3d33.9494683!4d-118.1155115!16s%2Fg%2F11h7cnbyzf!19sChIJCyzUQQrNwoARBipjrAlIbD4?authuser=0&hl=en&rclk=1
Libertad Latina,https://www.google.com/maps/place/Libertad+Latina/data=!4m7!3m6!1s0x80c2cdc3586e1cff:0x2d8d9fd3e9d8673a!8m2!3d33.9592224!4d-118.1418663!16s%2Fg%2F11fx7xk7yd!19sChIJ_xxuWMPNwoAROmfY6dOfjS0?authuser=0&hl=en&rclk=1
Public Defender,https://www.google.com/maps/place/Public+Defender/data=!4m7!3m6!1s0x80c2cd15eaf9a999:0xbbd97d4c90501656!8m2!3d33.9272973!4d-118.1600837!16s%2Fg%2F1tmz762h!19sChIJman56hXNwoARVhZQkEx92bs?authuser=0&hl=en&rclk=1
Ozella & Elidia Car Accident Lawyers Group,https://www.google.com/maps/place/Ozella+%26+Elidia+Car+Accident+Lawyers+Group/data=!4m7!3m6!1s0x89b42771e6981f91:0x727a0c30441d408f!8m2!3d33.9531532!4d-118.1286995!16s%2Fg%2F11txvrwzj3!19sChIJkR-Y5nEntIkRj0AdRDAMenI?authuser=0&hl=en&rclk=1
"Dixon & Daley, LLP","https://www.google.com/maps/place/Dixon+%26+Daley,+LLP/data=!4m7!3m6!1s0x80c2d2f64363f3ff:0x8d2ec1eeebf58343!8m2!3d33.942245!4d-118.0813681!16s%2Fg%2F1t_kgt8f!19sChIJ__NjQ_bSwoARQ4P16-7BLo0?authuser=0&hl=en&rclk=1"
Hopson Kirt,https://www.google.com/maps/place/Hopson+Kirt/data=!4m7!3m6!1s0x80c2cdecf144cc6b:0x95f1d9449ef784f3!8m2!3d33.955202!4d-118.132517!16s%2Fg%2F1vj5_gxc!19sChIJa8xE8ezNwoAR84T3nkTZ8ZU?authuser=0&hl=en&rclk=1
Marcus Gomez Law Offices Norwalk CA - ( Family Law & Bankruptcy Attorney ),https://www.google.com/maps/place/Marcus+Gomez+Law+Offices+Norwalk+CA+-+%28+Family+Law+%26+Bankruptcy+Attorney+%29/data=!4m7!3m6!1s0x80c2d2d095742055:0xec1ca2dce6568c!8m2!3d33.9144704!4d-118.0733243!16s%2Fg%2F1tmqrmt_!19sChIJVSB0ldDSwoARjFbm3KIc7AA?authuser=0&hl=en&rclk=1
Herrera & Juelle LLP,https://www.google.com/maps/place/Herrera+%26+Juelle+LLP/data=!4m7!3m6!1s0x80c2cd9837065785:0xfe823a8d2cd05b6e!8m2!3d33.9404889!4d-118.1331245!16s%2Fg%2F1td4_3fj!19sChIJhVcGN5jNwoARblvQLI06gv4?authuser=0&hl=en&rclk=1
Albert Sanchez Real Estate,https://www.google.com/maps/place/Albert+Sanchez+Real+Estate/data=!4m7!3m6!1s0x80c2cd1fbe06a50b:0x95c9cc685b41da4b!8m2!3d33.9526556!4d-118.1274675!16s%2Fg%2F11s1lb1qhk!19sChIJC6UGvh_NwoARS9pBW2jMyZU?authuser=0&hl=en&rclk=1
Law Office Of Jessica Rico,https://www.google.com/maps/place/Law+Office+Of+Jessica+Rico/data=!4m7!3m6!1s0x80c2cda053defd43:0xb90e62ad0c30b257!8m2!3d33.9323383!4d-118.1381294!16s%2Fg%2F11tf1bxg5f!19sChIJQ_3eU6DNwoARV7IwDK1iDrk?authuser=0&hl=en&rclk=1
Law Office of Mark K.,https://www.google.com/maps/place/Law+Office+of+Mark+K./data=!4m7!3m6!1s0x80c2d2d095742055:0x8b810464745575e!8m2!3d33.9144275!4d-118.0728228!16s%2Fg%2F1th6f382!19sChIJVSB0ldDSwoARXldFR0YQuAg?authuser=0&hl=en&rclk=1
Osuna & Dotson Law Firm,https://www.google.com/maps/place/Osuna+%26+Dotson+Law+Firm/data=!4m7!3m6!1s0x80dcb0cf21b6d781:0x404b7c1f3d7e446d!8m2!3d33.9141365!4d-118.1595129!16s%2Fg%2F11cs63_sgt!19sChIJgde2Ic-w3IARbUR-PR98S0A?authuser=0&hl=en&rclk=1
Solucion a Inquilinos LLC,https://www.google.com/maps/place/Solucion+a+Inquilinos+LLC/data=!4m7!3m6!1s0x80c2cd39d00de025:0xc421019ba7b976f0!8m2!3d33.9437265!4d-118.1408404!16s%2Fg%2F11hdnjg9b8!19sChIJJeAN0DnNwoAR8Ha5p5sBIcQ?authuser=0&hl=en&rclk=1
Hansen's Guaranteed,https://www.google.com/maps/place/Hansen%27s+Guaranteed/data=!4m7!3m6!1s0x80c2cd688d2eff03:0x849499cb791ea616!8m2!3d33.9377353!4d-118.1294119!16s%2Fg%2F1v_w2mq8!19sChIJA_8ujWjNwoARFqYeecuZlIQ?authuser=0&hl=en&rclk=1
Jorge,https://www.google.com/maps/place/Jorge/data=!4m7!3m6!1s0x80c2cdd6753eb987:0xcdbb908c781d818b!8m2!3d33.9660694!4d-118.1531158!16s%2Fg%2F1td5gd31!19sChIJh7k-ddbNwoARi4EdeIyQu80?authuser=0&hl=en&rclk=1
Alvarez Paralegal and Tax Services,https://www.google.com/maps/place/Alvarez+Paralegal+and+Tax+Services/data=!4m7!3m6!1s0x80c2cd970602c251:0xc41096b7c8289ea8!8m2!3d33.9434957!4d-118.1324694!16s%2Fg%2F1thkxjt7!19sChIJUcICBpfNwoARqJ4oyLeWEMQ?authuser=0&hl=en&rclk=1
"Law Office of Thomas Y. Barclay, APLC","https://www.google.com/maps/place/Law+Office+of+Thomas+Y.+Barclay,+APLC/data=!4m7!3m6!1s0x80c2cd9603cac535:0xcf9fd71a6a73dc14!8m2!3d33.9423619!4d-118.1345655!16s%2Fg%2F1vk6zhhj!19sChIJNcXKA5bNwoARFNxzahrXn88?authuser=0&hl=en&rclk=1"
D Vasquez Law,https://www.google.com/maps/place/D+Vasquez+Law/data=!4m7!3m6!1s0x80c2cda3fbb7ae3d:0x346e47dbb580f735!8m2!3d33.919011!4d-118.1178233!16s%2Fg%2F11fwc4fns5!19sChIJPa63-6PNwoARNfeAtdtHbjQ?authuser=0&hl=en&rclk=1
Law Offices Of Cynthia Quintero APC,https://www.google.com/maps/place/Law+Offices+Of+Cynthia+Quintero+APC/data=!4m7!3m6!1s0x80c2cd9707d117df:0xdb99fb20dbf26e94!8m2!3d33.947355!4d-118.0855093!16s%2Fg%2F1tdfy_ct!19sChIJ3xfRB5fNwoARlG7y2yD7mds?authuser=0&hl=en&rclk=1
Law Offices of Simon Aval,https://www.google.com/maps/place/Law+Offices+of+Simon+Aval/data=!4m7!3m6!1s0x80c2d2d095742055:0x190ee1e863c16e23!8m2!3d33.9144272!4d-118.0728225!16s%2Fg%2F1tdq1djk!19sChIJVSB0ldDSwoARI27BY-jhDhk?authuser=0&hl=en&rclk=1
Leon Mezzetti Criminal Law Offices Los Angeles,https://www.google.com/maps/place/Leon+Mezzetti+Criminal+Law+Offices+Los+Angeles/data=!4m7!3m6!1s0x80c2cdf18d059c4b:0x6032a89ea63cb0cd!8m2!3d33.9405249!4d-118.1331557!16s%2Fg%2F11r24yz93z!19sChIJS5wFjfHNwoARzbA8pp6oMmA?authuser=0&hl=en&rclk=1
Stewart & Gray,https://www.google.com/maps/place/Stewart+%26+Gray/data=!4m7!3m6!1s0x80c2cda5a65af695:0x3ad850d53da76316!8m2!3d33.9358128!4d-118.1453297!16s%2Fg%2F11s45zx6jy!19sChIJlfZapqXNwoARFmOnPdVQ2Do?authuser=0&hl=en&rclk=1
Tax Relief Pros,https://www.google.com/maps/place/Tax+Relief+Pros/data=!4m7!3m6!1s0x80c2c7c2e676077f:0xb0016fabe2a5249f!8m2!3d33.9421163!4d-118.1349932!16s%2Fg%2F11cfdj_qb!19sChIJfwd25sLHwoARnySl4qtvAbA?authuser=0&hl=en&rclk=1
Lerma Law Offices,https://www.google.com/maps/place/Lerma+Law+Offices/data=!4m7!3m6!1s0x80c2d2d091bd09fd:0xe96e1950a728b516!8m2!3d33.9144156!4d-118.0733827!16s%2Fg%2F11g6xnqycb!19sChIJ_Qm9kdDSwoARFrUop1AZbuk?authuser=0&hl=en&rclk=1
Law Offices of Oscar E. Rojas,https://www.google.com/maps/place/Law+Offices+of+Oscar+E.+Rojas/data=!4m7!3m6!1s0x80c2cd928b7628df:0x59686ba553df5b0!8m2!3d33.951502!4d-118.1252605!16s%2Fg%2F11cn0mm73h!19sChIJ3yh2i5LNwoARsPU9VbqGlgU?authuser=0&hl=en&rclk=1
The Law Office of Steffen Lieber,https://www.google.com/maps/place/The+Law+Office+of+Steffen+Lieber/data=!4m7!3m6!1s0x4f725808a8064509:0x80852bc9c159e692!8m2!3d33.9376769!4d-118.130423!16s%2Fg%2F11thggkkvh!19sChIJCUUGqAhYck8RkuZZwckrhYA?authuser=0&hl=en&rclk=1
Westgate Law,https://www.google.com/maps/place/Westgate+Law/data=!4m7!3m6!1s0x80c2978d0e05bcfb:0xfe83b17160dca796!8m2!3d33.884865!4d-118.159719!16s%2Fg%2F1vc6dnvz!19sChIJ-7wFDo2XwoARlqfcYHGxg_4?authuser=0&hl=en&rclk=1
Bankruptcy Service,https://www.google.com/maps/place/Bankruptcy+Service/data=!4m7!3m6!1s0x80c2cdcbf288268b:0xae774b0ed42a5c83!8m2!3d33.940665!4d-118.1399261!16s%2Fg%2F11rspfrfqc!19sChIJiyaI8svNwoARg1wq1A5Ld64?authuser=0&hl=en&rclk=1
"Mayra Pineda, Mobile Notary ( by appointment)","https://www.google.com/maps/place/Mayra+Pineda,+Mobile+Notary+%28+by+appointment%29/data=!4m7!3m6!1s0x80c2cdbd57e11c59:0x5ed01e80fe368574!8m2!3d33.9437265!4d-118.1408404!16s%2Fg%2F1pp2tw086!19sChIJWRzhV73NwoARdIU2_oAe0F4?authuser=0&hl=en&rclk=1"
Haveson Alvin R,https://www.google.com/maps/place/Haveson+Alvin+R/data=!4m7!3m6!1s0x80c2cd92e1cd8ba5:0x7ff05977737b9bdf!8m2!3d33.9516673!4d-118.1267486!16s%2Fg%2F1tdq68qh!19sChIJpYvN4ZLNwoAR35t7c3dZ8H8?authuser=0&hl=en&rclk=1
The Morrow Law Group,https://www.google.com/maps/place/The+Morrow+Law+Group/data=!4m7!3m6!1s0x80c2d20afdf6725d:0x6219a854ec4c53eb!8m2!3d33.9599275!4d-118.1093483!16s%2Fg%2F11mp7n8czd!19sChIJXXL2_QrSwoAR61NM7FSoGWI?authuser=0&hl=en&rclk=1
The Law Offices of Cosmo A. Taormina logo,https://www.google.com/maps/place/The+Law+Offices+of+Cosmo+A.+Taormina+logo/data=!4m7!3m6!1s0x80c2cdde621f6df9:0x773749839cfc93aa!8m2!3d33.9668627!4d-118.1385135!16s%2Fg%2F11c1vkv137!19sChIJ-W0fYt7NwoARqpP8nINJN3c?authuser=0&hl=en&rclk=1
Law Offices Of Joe Correa,https://www.google.com/maps/place/Law+Offices+Of+Joe+Correa/data=!4m7!3m6!1s0x80c2d2cd802df5e5:0x9c58e1aee0a7cf5d!8m2!3d33.9067711!4d-118.0774916!16s%2Fg%2F11r8jmp8r!19sChIJ5fUtgM3SwoARXc-n4K7hWJw?authuser=0&hl=en&rclk=1
4J's Legal Services,https://www.google.com/maps/place/4J%27s+Legal+Services/data=!4m7!3m6!1s0x80c2cce01173291d:0x2f3d962dea1a0ab0!8m2!3d33.9042056!4d-118.1597405!16s%2Fg%2F1pxwjhcn6!19sChIJHSlzEeDMwoARsAoa6i2WPS8?authuser=0&hl=en&rclk=1
Dennis Boothe Law,https://www.google.com/maps/place/Dennis+Boothe+Law/data=!4m7!3m6!1s0x80c2ccd7caf92ca9:0x625a2fce9f59f466!8m2!3d33.8912141!4d-118.1602795!16s%2Fg%2F11byxh0kfq!19sChIJqSz5ytfMwoARZvRZn84vWmI?authuser=0&hl=en&rclk=1
Braff Accident Law Group,https://www.google.com/maps/place/Braff+Accident+Law+Group/data=!4m7!3m6!1s0x80c2cf5df3ef472f:0x2315b2686d5aada7!8m2!3d33.9762322!4d-118.1639618!16s%2Fg%2F11t0n7xwsn!19sChIJL0fv813PwoARp61abWiyFSM?authuser=0&hl=en&rclk=1
Alfonso Morales Law Offices,https://www.google.com/maps/place/Alfonso+Morales+Law+Offices/data=!4m7!3m6!1s0x80c2cc76cb31f8f3:0x6b196f33dca64af5!8m2!3d33.9287848!4d-118.2001052!16s%2Fg%2F1thml7_x!19sChIJ8_gxy3bMwoAR9Uqm3DNvGWs?authuser=0&hl=en&rclk=1
welcome to malhotra & maholtra,https://www.google.com/maps/place/welcome+to+malhotra+%26+maholtra/data=!4m7!3m6!1s0x80c2cdebad8863f5:0x16f24cdf3b8416a5!8m2!3d33.9552024!4d-118.1325166!16s%2Fg%2F11fx7wy65j!19sChIJ9WOIrevNwoARpRaEO99M8hY?authuser=0&hl=en&rclk=1
Community Legal Aid SoCal,https://www.google.com/maps/place/Community+Legal+Aid+SoCal/data=!4m7!3m6!1s0x80c2d2cf1284e1fd:0xc7da6ee05c65c888!8m2!3d33.917814!4d-118.0658332!16s%2Fg%2F1td_hj65!19sChIJ_eGEEs_SwoARiMhlXOBu2sc?authuser=0&hl=en&rclk=1
Diener Law,https://www.google.com/maps/place/Diener+Law/data=!4m7!3m6!1s0x80c2cd005b644e57:0xd10af8059e24c32d!8m2!3d33.927951!4d-118.1973316!16s%2Fg%2F11r_cmggbg!19sChIJV05kWwDNwoARLcMkngX4CtE?authuser=0&hl=en&rclk=1
Ramirez legal services,https://www.google.com/maps/place/Ramirez+legal+services/data=!4m7!3m6!1s0x80c2cd14c4ae687d:0x28a33202aa5b3c66!8m2!3d33.938048!4d-118.1230359!16s%2Fg%2F11j6tw2w42!19sChIJfWiuxBTNwoARZjxbqgIyoyg?authuser=0&hl=en&rclk=1
SMY Paralegal Services & SMY TAX SVS,https://www.google.com/maps/place/SMY+Paralegal+Services+%26+SMY+TAX+SVS/data=!4m7!3m6!1s0x80c2cdbe4d28fcbb:0x7405a06674bef4cb!8m2!3d33.9522453!4d-118.1268276!16s%2Fg%2F11j7kby85s!19sChIJu_woTb7NwoARy_S-dGagBXQ?authuser=0&hl=en&rclk=1
