"McCartha Law, LLC","https://www.google.com/maps/place/McCartha+Law,+LLC/data=!4m7!3m6!1s0x88626b56b8bb1149:0x60c0dc00918efd87!8m2!3d34.7288603!4d-86.5880849!16s%2Fg%2F1vtzhyp9!19sChIJSRG7uFZrYogRh_2OkQDcwGA?authuser=0&hl=en&rclk=1"
The Lackey Law Firm,https://www.google.com/maps/place/The+Lackey+Law+Firm/data=!4m7!3m6!1s0x88626bbf467bb579:0xf7569086f8463983!8m2!3d34.7466103!4d-86.6785515!16s%2Fg%2F11gjqp3bkl!19sChIJebV7Rr9rYogRgzlG-IaQVvc?authuser=0&hl=en&rclk=1
"Law Office of Mitchell J. Howie & Associates, P.L.L.C.","https://www.google.com/maps/place/Law+Office+of+Mitchell+J.+Howie+%26+Associates,+P.L.L.C./data=!4m7!3m6!1s0x88626b56a16f690d:0xca131eca50128517!8m2!3d34.7294728!4d-86.5849891!16s%2Fg%2F1vpq7mdt!19sChIJDWlvoVZrYogRF4USUMoeE8o?authuser=0&hl=en&rclk=1"
"Sarah Taggart, P.C. Attorney at Law","https://www.google.com/maps/place/Sarah+Taggart,+P.C.+Attorney+at+Law/data=!4m7!3m6!1s0x886214b3cc80b73d:0x41937943bf7df6ac!8m2!3d34.7401106!4d-86.5762922!16s%2Fg%2F1td_zb3g!19sChIJPbeAzLMUYogRrPZ9v0N5k0E?authuser=0&hl=en&rclk=1"
"Sarah S. Shepard, Attorney at Law","https://www.google.com/maps/place/Sarah+S.+Shepard,+Attorney+at+Law/data=!4m7!3m6!1s0x8862158b2683bdbb:0x12a793c872434959!8m2!3d34.7253979!4d-86.5858909!16s%2Fg%2F11kg770db5!19sChIJu72DJosVYogRWUlDcsiTpxI?authuser=0&hl=en&rclk=1"
"Law Office Of Frederick Keith Meigs, PC","https://www.google.com/maps/place/Law+Office+Of+Frederick+Keith+Meigs,+PC/data=!4m7!3m6!1s0x88626b56cd98e227:0xac7a05eca52cca8b!8m2!3d34.7343567!4d-86.5844441!16s%2Fg%2F11fzz6mrjf!19sChIJJ-KYzVZrYogRi8ospewFeqw?authuser=0&hl=en&rclk=1"
"Garnett Patterson Injury Lawyers, LLC","https://www.google.com/maps/place/Garnett+Patterson+Injury+Lawyers,+LLC/data=!4m7!3m6!1s0x88626b56b91f5b8d:0xef96d1edfcf68602!8m2!3d34.7309784!4d-86.5867079!16s%2Fg%2F11cnb_zz8m!19sChIJjVsfuVZrYogRAob2_O3Rlu8?authuser=0&hl=en&rclk=1"
Blackwell Law Firm,https://www.google.com/maps/place/Blackwell+Law+Firm/data=!4m7!3m6!1s0x88621332b32a2d8b:0x87a88c82c6031d77!8m2!3d34.7322506!4d-86.586478!16s%2Fg%2F1tgdd46k!19sChIJiy0qszITYogRdx0DxoKMqIc?authuser=0&hl=en&rclk=1
Hodges Trial Lawyers,https://www.google.com/maps/place/Hodges+Trial+Lawyers/data=!4m7!3m6!1s0x88626b51346f2d11:0x97dc79c13bc759f2!8m2!3d34.732498!4d-86.5835463!16s%2Fg%2F1tf6663b!19sChIJES1vNFFrYogR8lnHO8F53Jc?authuser=0&hl=en&rclk=1
Wettermark Keith Personal Injury Lawyers,https://www.google.com/maps/place/Wettermark+Keith+Personal+Injury+Lawyers/data=!4m7!3m6!1s0x88626b541142b879:0x68f4774ed4f59ed3!8m2!3d34.730925!4d-86.5847104!16s%2Fg%2F1pxwg69sg!19sChIJebhCEVRrYogR05711E539Gg?authuser=0&hl=en&rclk=1
"George Flowers, Attorney at Law","https://www.google.com/maps/place/George+Flowers,+Attorney+at+Law/data=!4m7!3m6!1s0x88626bfb463a095d:0x7f8a1dca8cb74991!8m2!3d34.7403862!4d-86.5974441!16s%2Fg%2F11jg2lw825!19sChIJXQk6RvtrYogRkUm3jModin8?authuser=0&hl=en&rclk=1"
"Timberlake & League, P.C.","https://www.google.com/maps/place/Timberlake+%26+League,+P.C./data=!4m7!3m6!1s0x88626b5132c12ffb:0x792749a65577efcb!8m2!3d34.7318187!4d-86.5874296!16s%2Fg%2F1vnnk3tf!19sChIJ-y_BMlFrYogRy-93VaZJJ3k?authuser=0&hl=en&rclk=1"
Crumbley-Blackwell-Price Attorneys,https://www.google.com/maps/place/Crumbley-Blackwell-Price+Attorneys/data=!4m7!3m6!1s0x886214b5eb6aa54b:0x60d777fdf93ee41a!8m2!3d34.7176075!4d-86.5924076!16s%2Fg%2F1th24jt7!19sChIJS6Vq67UUYogRGuQ--f1312A?authuser=0&hl=en&rclk=1
The Harris Firm LLC,https://www.google.com/maps/place/The+Harris+Firm+LLC/data=!4m7!3m6!1s0x886212cde9ed8d4d:0x9738b7a5bc579f25!8m2!3d34.755363!4d-86.6944935!16s%2Fg%2F11h9ylq2sq!19sChIJTY3t6c0SYogRJZ9XvKW3OJc?authuser=0&hl=en&rclk=1
"Leigh Daniel, Attorney At Law","https://www.google.com/maps/place/Leigh+Daniel,+Attorney+At+Law/data=!4m7!3m6!1s0x886214b5cbb777d3:0xb1fe941a0459b0de!8m2!3d34.7116851!4d-86.6130676!16s%2Fg%2F11b7gpjbvc!19sChIJ03e3y7UUYogR3rBZBBqU_rE?authuser=0&hl=en&rclk=1"
"Martinson & Beason, P.C.","https://www.google.com/maps/place/Martinson+%26+Beason,+P.C./data=!4m7!3m6!1s0x88626b541dfd5029:0x6000afe916c1d437!8m2!3d34.7309021!4d-86.5854519!16s%2Fg%2F1tf6hcgw!19sChIJKVD9HVRrYogRN9TBFumvAGA?authuser=0&hl=en&rclk=1"
Melissa Miller Law Firm L.L.C.,https://www.google.com/maps/place/Melissa+Miller+Law+Firm+L.L.C./data=!4m7!3m6!1s0x88621352f7dac6e9:0xc49b1802054a934!8m2!3d34.7315847!4d-86.5870745!16s%2Fg%2F11c0xtz2jl!19sChIJ6cba91ITYogRNKlUIICxSQw?authuser=0&hl=en&rclk=1
Martin & Helms PC,https://www.google.com/maps/place/Martin+%26+Helms+PC/data=!4m7!3m6!1s0x88626b53cc1d4cad:0x15299b5b762a3d12!8m2!3d34.7145335!4d-86.5886548!16s%2Fg%2F1tfqrp30!19sChIJrUwdzFNrYogREj0qdlubKRU?authuser=0&hl=en&rclk=1
Rahmati Law Firm,https://www.google.com/maps/place/Rahmati+Law+Firm/data=!4m7!3m6!1s0x88626b559a6b5797:0xa8c776d190050b8e!8m2!3d34.7543249!4d-86.6918129!16s%2Fg%2F1tfrn1vp!19sChIJl1drmlVrYogRjgsFkNF2x6g?authuser=0&hl=en&rclk=1
"Harrison & Gammons, P.C.","https://www.google.com/maps/place/Harrison+%26+Gammons,+P.C./data=!4m7!3m6!1s0x88626cb136b4ebe7:0x6cd906ed7de3992d!8m2!3d34.7103064!4d-86.5870668!16s%2Fg%2F11bw46ddzv!19sChIJ5-u0NrFsYogRLZnjfe0G2Ww?authuser=0&hl=en&rclk=1"
"NXTSTEP Family Law, P.C.","https://www.google.com/maps/place/NXTSTEP+Family+Law,+P.C./data=!4m7!3m6!1s0x88626bccbe9e042d:0x9efc150910bf9489!8m2!3d34.7439796!4d-86.5958666!16s%2Fg%2F11fr9lq9r0!19sChIJLQSevsxrYogRiZS_EAkV_J4?authuser=0&hl=en&rclk=1"
"Russell S. Ormstedt, Attorney at Law","https://www.google.com/maps/place/Russell+S.+Ormstedt,+Attorney+at+Law/data=!4m7!3m6!1s0x886268e9d0083be7:0x6dcb7eca303fc48e!8m2!3d34.7527721!4d-86.7153446!16s%2Fg%2F1vhkl8d9!19sChIJ5zsI0OloYogRjsQ_MMp-y20?authuser=0&hl=en&rclk=1"
Mc Dowell R David,https://www.google.com/maps/place/Mc+Dowell+R+David/data=!4m7!3m6!1s0x88626b56cde9b6f7:0xab4063a0dfafaae4!8m2!3d34.7343567!4d-86.5844441!16s%2Fg%2F1tfrbxmw!19sChIJ97bpzVZrYogR5Kqv36BjQKs?authuser=0&hl=en&rclk=1
Ferguson & Ferguson Attorneys at Law,https://www.google.com/maps/place/Ferguson+%26+Ferguson+Attorneys+at+Law/data=!4m7!3m6!1s0x88626ca9e6ae9f81:0xc7b18119ffa087e2!8m2!3d34.725539!4d-86.5863526!16s%2Fg%2F1v9gw61c!19sChIJgZ-u5qlsYogR4oeg_xmBscc?authuser=0&hl=en&rclk=1
Shannon Moore,https://www.google.com/maps/place/Shannon+Moore/data=!4m7!3m6!1s0x88626cb0597234a3:0xce701cbfc8527c2e!8m2!3d34.7129743!4d-86.5888421!16s%2Fg%2F11f5d2l4dj!19sChIJozRyWbBsYogRLnxSyL8ccM4?authuser=0&hl=en&rclk=1
NXTSTEP Criminal Law,https://www.google.com/maps/place/NXTSTEP+Criminal+Law/data=!4m7!3m6!1s0x88626b0f63e30f6b:0xb4917cfe626220d5!8m2!3d34.7439796!4d-86.5958666!16s%2Fg%2F11b_2sdpt2!19sChIJaw_jYw9rYogR1SBiYv58kbQ?authuser=0&hl=en&rclk=1
Yellowhammer Mesothelioma Lawyer,https://www.google.com/maps/place/Yellowhammer+Mesothelioma+Lawyer/data=!4m7!3m6!1s0x23083d6abba2c6f:0xcdde331b2ce57091!8m2!3d34.7389072!4d-86.636838!16s%2Fg%2F11tcjtw_08!19sChIJbyy6q9aDMAIRkXDlLBsz3s0?authuser=0&hl=en&rclk=1
"Siniard Law, LLC","https://www.google.com/maps/place/Siniard+Law,+LLC/data=!4m7!3m6!1s0x88626b2681493a3f:0xd18cffaa582655b1!8m2!3d34.7272764!4d-86.5832217!16s%2Fg%2F11t106nzh9!19sChIJPzpJgSZrYogRsVUmWKr_jNE?authuser=0&hl=en&rclk=1"
"Harlan D. Mitchell, Legal Services LLC","https://www.google.com/maps/place/Harlan+D.+Mitchell,+Legal+Services+LLC/data=!4m7!3m6!1s0x88628b68060d8341:0x24d8137db7934f44!8m2!3d34.8016594!4d-86.9721199!16s%2Fg%2F1tk8cvs1!19sChIJQYMNBmiLYogRRE-Tt30T2CQ?authuser=0&hl=en&rclk=1"
"Morris, King & Hodge, P.C.","https://www.google.com/maps/place/Morris,+King+%26+Hodge,+P.C./data=!4m7!3m6!1s0x88626b4df223ff11:0xe43433354ef3a72e!8m2!3d34.738327!4d-86.5844948!16s%2Fg%2F1tdd1d_h!19sChIJEf8j8k1rYogRLqfzTjUzNOQ?authuser=0&hl=en&rclk=1"
"Peggie Hulebak Rowell, P.C. Attorney at Law","https://www.google.com/maps/place/Peggie+Hulebak+Rowell,+P.C.+Attorney+at+Law/data=!4m7!3m6!1s0x88626579f541d423:0x6559645907821147!8m2!3d34.7709962!4d-86.7321746!16s%2Fg%2F1tc_07jl!19sChIJI9RB9XllYogRRxGCB1lkWWU?authuser=0&hl=en&rclk=1"
"Heard, Ary & Dauro, LLC","https://www.google.com/maps/place/Heard,+Ary+%26+Dauro,+LLC/data=!4m7!3m6!1s0x88626ca9f0272bcd:0xae765b90ddd84dc2!8m2!3d34.7251145!4d-86.5858065!16s%2Fg%2F1q6j7vjzt!19sChIJzSsn8KlsYogRwk3Y3ZBbdq4?authuser=0&hl=en&rclk=1"
"Chris Messervy, Attorney at Law","https://www.google.com/maps/place/Chris+Messervy,+Attorney+at+Law/data=!4m7!3m6!1s0x88626b56b77d59a3:0x4f78684003cc4ed3!8m2!3d34.7313626!4d-86.5869934!16s%2Fg%2F1tf8tv36!19sChIJo1l9t1ZrYogR007MA0BoeE8?authuser=0&hl=en&rclk=1"
"Ward Law, LLC","https://www.google.com/maps/place/Ward+Law,+LLC/data=!4m7!3m6!1s0x88626b5415b2ed13:0x70e6a3dc78f765ac!8m2!3d34.7146221!4d-86.5880613!16s%2Fg%2F1262t570v!19sChIJE-2yFVRrYogRrGX3eNyj5nA?authuser=0&hl=en&rclk=1"
Cynthia Rena Wright,https://www.google.com/maps/place/Cynthia+Rena+Wright/data=!4m7!3m6!1s0x8862134d0710d62f:0xfee675cac53e837b!8m2!3d34.7129296!4d-86.5780697!16s%2Fg%2F1td2n6k5!19sChIJL9YQB00TYogRe4M-xcp15v4?authuser=0&hl=en&rclk=1
Thornton Shelly D,https://www.google.com/maps/place/Thornton+Shelly+D/data=!4m7!3m6!1s0x886268808883ed95:0x82bc0fb45be4944!8m2!3d34.7740463!4d-86.738949!16s%2Fg%2F125_zcbqq!19sChIJle2DiIBoYogRREm-RfvAKwg?authuser=0&hl=en&rclk=1
"Brodowski and McCurry, LLC","https://www.google.com/maps/place/Brodowski+and+McCurry,+LLC/data=!4m7!3m6!1s0x88626b5a89f5de29:0x351623c604581aa6!8m2!3d34.7346!4d-86.59169!16s%2Fg%2F1pp2txljv!19sChIJKd71iVprYogRphpYBMYjFjU?authuser=0&hl=en&rclk=1"
Charlotte Christian Law,https://www.google.com/maps/place/Charlotte+Christian+Law/data=!4m7!3m6!1s0x88626ebeaf988ebb:0x8e7359dfaed60014!8m2!3d34.7445628!4d-86.6721008!16s%2Fg%2F1hm65s64f!19sChIJu46Yr75uYogRFADWrt9Zc44?authuser=0&hl=en&rclk=1
Hill Patrick,https://www.google.com/maps/place/Hill+Patrick/data=!4m7!3m6!1s0x88626b543776876d:0x39646d49aa87bd51!8m2!3d34.729761!4d-86.5844179!16s%2Fg%2F1v26mvg0!19sChIJbYd2N1RrYogRUb2HqkltZDk?authuser=0&hl=en&rclk=1
Petro Accident and Injury Attorneys,https://www.google.com/maps/place/Petro+Accident+and+Injury+Attorneys/data=!4m7!3m6!1s0x88626fc848202b93:0xed0bb8b552581f15!8m2!3d34.6925359!4d-86.7146973!16s%2Fg%2F11r6sspwn6!19sChIJkysgSMhvYogRFR9YUrW4C-0?authuser=0&hl=en&rclk=1
"Mitch Howie, Attorney at Law","https://www.google.com/maps/place/Mitch+Howie,+Attorney+at+Law/data=!4m7!3m6!1s0x88626bae032da93f:0xf123b8415de53cdb!8m2!3d34.7310037!4d-86.5866562!16s%2Fg%2F11k_d0ytd4!19sChIJP6ktA65rYogR2zzlXUG4I_E?authuser=0&hl=en&rclk=1"
Tommy H. Siniard,https://www.google.com/maps/place/Tommy+H.+Siniard/data=!4m7!3m6!1s0x88626b513415fc7b:0xd4434cc20354463b!8m2!3d34.7272764!4d-86.5832217!16s%2Fg%2F1hc74ndqw!19sChIJe_wVNFFrYogRO0ZUA8JMQ9Q?authuser=0&hl=en&rclk=1
Charles W. Forsythe,https://www.google.com/maps/place/Charles+W.+Forsythe/data=!4m7!3m6!1s0x88626ebecd427547:0xe90264201e8d7118!8m2!3d34.7125156!4d-86.6767419!16s%2Fg%2F1wl4rb9m!19sChIJR3VCzb5uYogRGHGNHiBkAuk?authuser=0&hl=en&rclk=1
Law Offices Of Segal & Segal,https://www.google.com/maps/place/Law+Offices+Of+Segal+%26+Segal/data=!4m7!3m6!1s0x88626caade8422bb:0xc0eb2b3b2b11edba!8m2!3d34.7238063!4d-86.5815743!16s%2Fg%2F1tcvcmm9!19sChIJuyKE3qpsYogRuu0RKzsr68A?authuser=0&hl=en&rclk=1
Bond & Botes Law Offices,https://www.google.com/maps/place/Bond+%26+Botes+Law+Offices/data=!4m7!3m6!1s0x88626b4dbda077cf:0xe7ad77363d649fdd!8m2!3d34.7392765!4d-86.5837113!16s%2Fg%2F1td5xwyk!19sChIJz3egvU1rYogR3Z9kPTZ3rec?authuser=0&hl=en&rclk=1
"Valerie Brown Law, LLC","https://www.google.com/maps/place/Valerie+Brown+Law,+LLC/data=!4m7!3m6!1s0x88626b5735ae825b:0xa2ee29f912b78753!8m2!3d34.7496429!4d-86.596589!16s%2Fg%2F11c1mzy5p2!19sChIJW4KuNVdrYogRU4e3Evkp7qI?authuser=0&hl=en&rclk=1"
"Melissa Wimberley Law, PC: Larsen Melissa W","https://www.google.com/maps/place/Melissa+Wimberley+Law,+PC:+Larsen+Melissa+W/data=!4m7!3m6!1s0x88626b5578e189b3:0xb34481cc8f37c504!8m2!3d34.7267788!4d-86.582819!16s%2Fg%2F11cs5gmbs_!19sChIJs4nheFVrYogRBMU3j8yBRLM?authuser=0&hl=en&rclk=1"
"Conchin, Cole, Jordan, and Sherrod","https://www.google.com/maps/place/Conchin,+Cole,+Jordan,+and+Sherrod/data=!4m7!3m6!1s0x88626cb11790518f:0xf36d842745a2ea0e!8m2!3d34.7106998!4d-86.5881226!16s%2Fg%2F12m8znj47!19sChIJj1GQF7FsYogRDuqiRSeEbfM?authuser=0&hl=en&rclk=1"
Bowman Law Firm,https://www.google.com/maps/place/Bowman+Law+Firm/data=!4m7!3m6!1s0x88626b5410a5d6c7:0x4bdc0588130992bc!8m2!3d34.7311961!4d-86.5847693!16s%2Fg%2F1tjgq9qc!19sChIJx9alEFRrYogRvJIJE4gF3Es?authuser=0&hl=en&rclk=1
McDaniel & McDaniel LLC,https://www.google.com/maps/place/McDaniel+%26+McDaniel+LLC/data=!4m7!3m6!1s0x88626b54156b3c7f:0x888bffd4383455de!8m2!3d34.7305776!4d-86.5843775!16s%2Fg%2F1tdfcv51!19sChIJfzxrFVRrYogR3lU0ONT_i4g?authuser=0&hl=en&rclk=1
"Johnston, Moore & Weston","https://www.google.com/maps/place/Johnston,+Moore+%26+Weston/data=!4m7!3m6!1s0x88626b51775ebff9:0xd83c0c4d92b03c0d!8m2!3d34.7350847!4d-86.5858379!16s%2Fg%2F1tf_p0nw!19sChIJ-b9ed1FrYogRDTywkk0MPNg?authuser=0&hl=en&rclk=1"
Bankruptcy Law Offices of Joseph G. Pleva,https://www.google.com/maps/place/Bankruptcy+Law+Offices+of+Joseph+G.+Pleva/data=!4m7!3m6!1s0x88626cc60fb6c8f5:0x5faadfbde75c5ce9!8m2!3d34.6996!4d-86.5834591!16s%2Fg%2F1pzr7xy3x!19sChIJ9ci2D8ZsYogR6Vxc573fql8?authuser=0&hl=en&rclk=1
Morgan Law Firm,https://www.google.com/maps/place/Morgan+Law+Firm/data=!4m7!3m6!1s0x88626b5691bb8583:0xc98c5d31e92d83fb!8m2!3d34.7905635!4d-86.5774214!16s%2Fg%2F1tk9rhj_!19sChIJg4W7kVZrYogR-4Mt6TFdjMk?authuser=0&hl=en&rclk=1
"Edward L. Alley, P.C.","https://www.google.com/maps/place/Edward+L.+Alley,+P.C./data=!4m7!3m6!1s0x88628b4294fcf175:0xa649d7987b48716b!8m2!3d34.8041261!4d-86.9711572!16s%2Fg%2F1tnmsg5x!19sChIJdfH8lEKLYogRa3FIe5jXSaY?authuser=0&hl=en&rclk=1"
Daniels Law LLC,https://www.google.com/maps/place/Daniels+Law+LLC/data=!4m7!3m6!1s0x88626b56bd1293bb:0x2d01541025eb0abf!8m2!3d34.730465!4d-86.5863945!16s%2Fg%2F11b6v08rmy!19sChIJu5MSvVZrYogRvwrrJRBUAS0?authuser=0&hl=en&rclk=1
Spencer Wright Law Firm LLC,https://www.google.com/maps/place/Spencer+Wright+Law+Firm+LLC/data=!4m7!3m6!1s0x88626b557910373b:0xc073033308c29e5f!8m2!3d34.7268017!4d-86.5828517!16s%2Fg%2F1261ktgj6!19sChIJOzcQeVVrYogRX57CCDMDc8A?authuser=0&hl=en&rclk=1
Jacob A. Maples Alabama Work Injury Lawyer,https://www.google.com/maps/place/Jacob+A.+Maples+Alabama+Work+Injury+Lawyer/data=!4m7!3m6!1s0x88626b7d4cb7b3a3:0x4120b71caed9cc51!8m2!3d34.7255998!4d-86.586165!16s%2Fg%2F11tfbt_w05!19sChIJo7O3TH1rYogRUczZrhy3IEE?authuser=0&hl=en&rclk=1
"Kimberly C. Brown Law Firm, LLC","https://www.google.com/maps/place/Kimberly+C.+Brown+Law+Firm,+LLC/data=!4m7!3m6!1s0x88626b5735ad0feb:0x6acf967426ae663b!8m2!3d34.7496752!4d-86.5965776!16s%2Fg%2F1ts3lyjk!19sChIJ6w-tNVdrYogRO2auJnSWz2o?authuser=0&hl=en&rclk=1"
Crumbley-Blackwell-Price Attorneys,https://www.google.com/maps/place/Crumbley-Blackwell-Price+Attorneys/data=!4m7!3m6!1s0x88628b428fa1ff63:0x1d0f64a9b7300f9!8m2!3d34.803553!4d-86.970406!16s%2Fg%2F11gbnjnlh8!19sChIJY_-hj0KLYogR-QBzm0r20AE?authuser=0&hl=en&rclk=1
"Legal Journeys, LLC","https://www.google.com/maps/place/Legal+Journeys,+LLC/data=!4m7!3m6!1s0x88626570bbfaaaab:0x4cc675312361e89e!8m2!3d34.6802604!4d-86.7525977!16s%2Fg%2F11f4mck_28!19sChIJq6r6u3BlYogRnuhhIzF1xkw?authuser=0&hl=en&rclk=1"
"Rebecca Winters Law, LLC","https://www.google.com/maps/place/Rebecca+Winters+Law,+LLC/data=!4m7!3m6!1s0x886212ede62680e5:0xca98e376d8649a43!8m2!3d34.7405315!4d-86.5974502!16s%2Fg%2F11bxjmr8yy!19sChIJ5YAm5u0SYogRQ5pk2HbjmMo?authuser=0&hl=en&rclk=1"
Foxtrot Family Law,https://www.google.com/maps/place/Foxtrot+Family+Law/data=!4m7!3m6!1s0x88626b5414fe9ad3:0x7c6e430b66458455!8m2!3d34.7306804!4d-86.5844397!16s%2Fg%2F11f24yjbqv!19sChIJ05r-FFRrYogRVYRFZgtDbnw?authuser=0&hl=en&rclk=1
Kenneth D. Hampton,https://www.google.com/maps/place/Kenneth+D.+Hampton/data=!4m7!3m6!1s0x88626b253bc1048f:0x2785bce9c0a3787f!8m2!3d34.760673!4d-86.5921429!16s%2Fg%2F1ttpc0qc!19sChIJjwTBOyVrYogRf3ijwOm8hSc?authuser=0&hl=en&rclk=1
Lambert Law Firm LLC,https://www.google.com/maps/place/Lambert+Law+Firm+LLC/data=!4m7!3m6!1s0x88628b429baf1d4d:0x3e96ae8df9e69b0f!8m2!3d34.803407!4d-86.9704092!16s%2Fg%2F1tgc0hrj!19sChIJTR2vm0KLYogRD5vm-Y2ulj4?authuser=0&hl=en&rclk=1
Rebekah L. Graham & Associates,https://www.google.com/maps/place/Rebekah+L.+Graham+%26+Associates/data=!4m7!3m6!1s0x88626b56cb9907fd:0xe88b20b5ba80d099!8m2!3d34.7146221!4d-86.5880613!16s%2Fg%2F11clv6w_hk!19sChIJ_QeZy1ZrYogRmdCAurUgi-g?authuser=0&hl=en&rclk=1
Tina R McDonald Attorney At Law,https://www.google.com/maps/place/Tina+R+McDonald+Attorney+At+Law/data=!4m7!3m6!1s0x88626b56a2662b93:0x64eb7b7761579ba!8m2!3d34.7305615!4d-86.585892!16s%2Fg%2F1tsyqhy6!19sChIJkytmolZrYogRunkVdre3TgY?authuser=0&hl=en&rclk=1
"Wake Law Firm, LLC","https://www.google.com/maps/place/Wake+Law+Firm,+LLC/data=!4m7!3m6!1s0x88626ce555555555:0x295a012dec67aa88!8m2!3d34.729991!4d-86.586338!16s%2Fg%2F1tw1fkhx!19sChIJVVVVVeVsYogRiKpn7C0BWik?authuser=0&hl=en&rclk=1"
"Wooten Injury Law, LLC","https://www.google.com/maps/place/Wooten+Injury+Law,+LLC/data=!4m7!3m6!1s0x88626bd13588a8a3:0xd1ace7ba421eead9!8m2!3d34.7473791!4d-86.5815559!16s%2Fg%2F11fqjxgk9g!19sChIJo6iINdFrYogR2eoeQrrnrNE?authuser=0&hl=en&rclk=1"
Raley Landy,https://www.google.com/maps/place/Raley+Landy/data=!4m7!3m6!1s0x88628b4294fc28c9:0x6be592425b478af7!8m2!3d34.8040757!4d-86.9712269!16s%2Fg%2F1tvgw1zw!19sChIJySj8lEKLYogR94pHW0KS5Ws?authuser=0&hl=en&rclk=1
"Cloud, Ryan & Rouse, LLC","https://www.google.com/maps/place/Cloud,+Ryan+%26+Rouse,+LLC/data=!4m7!3m6!1s0x88626b00858c333b:0xc9e1f5f5c7d7b55f!8m2!3d34.7263713!4d-86.5825738!16s%2Fg%2F11h_4wk92c!19sChIJOzOMhQBrYogRX7XXx_X14ck?authuser=0&hl=en&rclk=1"
"D. Milburn Gross Jr., Attorney at Law","https://www.google.com/maps/place/D.+Milburn+Gross+Jr.,+Attorney+at+Law/data=!4m7!3m6!1s0x88623f8dcf90febf:0x589718f4f86512ae!8m2!3d34.7460159!4d-86.5972786!16s%2Fg%2F11cn5nsl1m!19sChIJv_6Qz40_YogRrhJl-PQYl1g?authuser=0&hl=en&rclk=1"
"New Beginnings Family Law, P.C.","https://www.google.com/maps/place/New+Beginnings+Family+Law,+P.C./data=!4m7!3m6!1s0x88626cb0319b2051:0x919a601553439f65!8m2!3d34.7170419!4d-86.5778969!16s%2Fg%2F1tdfn_bj!19sChIJUSCbMbBsYogRZZ9DUxVgmpE?authuser=0&hl=en&rclk=1"
Sharon Doviet Attorney at Law,https://www.google.com/maps/place/Sharon+Doviet+Attorney+at+Law/data=!4m7!3m6!1s0x88626cb1b3a951e9:0x440786e6e61b4b11!8m2!3d34.7136082!4d-86.5876829!16s%2Fg%2F1tghq9qc!19sChIJ6VGps7FsYogREUsb5uaGB0Q?authuser=0&hl=en&rclk=1
Joan Marie Sullivan Attorney at Law,https://www.google.com/maps/place/Joan+Marie+Sullivan+Attorney+at+Law/data=!4m7!3m6!1s0x88626b5436d17349:0x1611f4ef83451b59!8m2!3d34.7152729!4d-86.5766938!16s%2Fg%2F11bw2_dsjp!19sChIJSXPRNlRrYogRWRtFg-_0ERY?authuser=0&hl=en&rclk=1
Timberlake Kenan,https://www.google.com/maps/place/Timberlake+Kenan/data=!4m7!3m6!1s0x88626b543205b63f:0x4b42db8a7d87a508!8m2!3d34.729611!4d-86.5849742!16s%2Fg%2F1tm8l9p2!19sChIJP7YFMlRrYogRCKWHfYrbQks?authuser=0&hl=en&rclk=1
John M. Totten PC,https://www.google.com/maps/place/John+M.+Totten+PC/data=!4m7!3m6!1s0x88628b42991c3307:0x963d56ddded5c1ed!8m2!3d34.8030662!4d-86.9705505!16s%2Fg%2F1vbnq432!19sChIJBzMcmUKLYogR7cHV3t1WPZY?authuser=0&hl=en&rclk=1
Latham Moffatt,https://www.google.com/maps/place/Latham+Moffatt/data=!4m7!3m6!1s0x88628b42ace4740d:0x516c6e6c73465a39!8m2!3d34.8031406!4d-86.9731118!16s%2Fg%2F1tgnsd36!19sChIJDXTkrEKLYogROVpGc2xubFE?authuser=0&hl=en&rclk=1
John Taylor Attorney at law,https://www.google.com/maps/place/John+Taylor+Attorney+at+law/data=!4m7!3m6!1s0x88626b55b64ae2d1:0x678dfd62016e29ef!8m2!3d34.7587318!4d-86.5914535!16s%2Fg%2F1tmpl72p!19sChIJ0eJKtlVrYogR7yluAWL9jWc?authuser=0&hl=en&rclk=1
Nation Law Firm,https://www.google.com/maps/place/Nation+Law+Firm/data=!4m7!3m6!1s0x88626b56b91f5b8d:0x45e1b65f3f4eef71!8m2!3d34.7329542!4d-86.585237!16s%2Fg%2F11cm0ng3zq!19sChIJjVsfuVZrYogRce9OP1-24UU?authuser=0&hl=en&rclk=1
"Brent E Hieronymi, Attorney","https://www.google.com/maps/place/Brent+E+Hieronymi,+Attorney/data=!4m7!3m6!1s0x886259e6d6cbd595:0x909c6c9b3503b929!8m2!3d34.991544!4d-86.837525!16s%2Fg%2F1tkb5v8h!19sChIJldXL1uZZYogRKbkDNZtsnJA?authuser=0&hl=en&rclk=1"
Sree B. Ravi - Attorney with Foxtrot Family Law,https://www.google.com/maps/place/Sree+B.+Ravi+-+Attorney+with+Foxtrot+Family+Law/data=!4m7!3m6!1s0x88626b541455abbb:0xaf2a3eabc7b6748c!8m2!3d34.7306804!4d-86.5844397!16s%2Fg%2F1jgly7rrt!19sChIJu6tVFFRrYogRjHS2x6s-Kq8?authuser=0&hl=en&rclk=1
"John R. Campbell, Attorney at Law","https://www.google.com/maps/place/John+R.+Campbell,+Attorney+at+Law/data=!4m7!3m6!1s0x88626b54406e816d:0xec1834fe93991c53!8m2!3d34.7303426!4d-86.5842396!16s%2Fg%2F1w6_pk41!19sChIJbYFuQFRrYogRUxyZk_40GOw?authuser=0&hl=en&rclk=1"
Lanier Ford,https://www.google.com/maps/place/Lanier+Ford/data=!4m7!3m6!1s0x88626ca058ed2e7b:0x22db943285f7b933!8m2!3d34.7247145!4d-86.5979612!16s%2Fg%2F1tgq7ctn!19sChIJey7tWKBsYogRM7n3hTKU2yI?authuser=0&hl=en&rclk=1
"Douglas C. Martinson II, Lawyer","https://www.google.com/maps/place/Douglas+C.+Martinson+II,+Lawyer/data=!4m7!3m6!1s0x88626b541dfd5029:0xfece134f81cbd496!8m2!3d34.7307985!4d-86.5854309!16s%2Fg%2F1thq1fnc!19sChIJKVD9HVRrYogRltTLgU8Tzv4?authuser=0&hl=en&rclk=1"
"Thigpen, Thigpen, Engelthaler & Scott","https://www.google.com/maps/place/Thigpen,+Thigpen,+Engelthaler+%26+Scott/data=!4m7!3m6!1s0x88628b67e0597573:0x68767b0b070805ba!8m2!3d34.8015365!4d-86.9724502!16s%2Fg%2F11f4mbbj11!19sChIJc3VZ4GeLYogRugUIBwt7dmg?authuser=0&hl=en&rclk=1"
The Forsythe Firm,https://www.google.com/maps/place/The+Forsythe+Firm/data=!4m7!3m6!1s0x886261f4ac57aaf1:0xbb7a0abba4cad409!8m2!3d34.7121318!4d-86.6769204!16s%2Fg%2F1td544rd!19sChIJ8apXrPRhYogRCdTKpLsKers?authuser=0&hl=en&rclk=1
"Hodges Trial Lawyers, P.C.","https://www.google.com/maps/place/Hodges+Trial+Lawyers,+P.C./data=!4m7!3m6!1s0x88628b68226e9ea1:0x9555cf49e6d80ee!8m2!3d34.8022314!4d-86.9713227!16s%2Fg%2F1hc0s4jmh!19sChIJoZ5uImiLYogR7oBtnvRcVQk?authuser=0&hl=en&rclk=1"
"Christopher W. Long, P.C.","https://www.google.com/maps/place/Christopher+W.+Long,+P.C./data=!4m7!3m6!1s0x88626b41959c77f3:0xe2faa6f973823736!8m2!3d34.8513685!4d-86.5757974!16s%2Fg%2F11cfdm7zq!19sChIJ83eclUFrYogRNjeCc_mm-uI?authuser=0&hl=en&rclk=1"
"Reta McKannan, P.C., Attorney","https://www.google.com/maps/place/Reta+McKannan,+P.C.,+Attorney/data=!4m7!3m6!1s0x88626b541455abbb:0xdc363859d8282106!8m2!3d34.7287388!4d-86.5842036!16s%2Fg%2F1vn9ptty!19sChIJu6tVFFRrYogRBiEo2Fk4Ntw?authuser=0&hl=en&rclk=1"
"JoAnn M. Perez, P.C.","https://www.google.com/maps/place/JoAnn+M.+Perez,+P.C./data=!4m7!3m6!1s0x88621352f713852d:0x97ff1f34dba887bf!8m2!3d34.7170849!4d-86.5779304!16s%2Fg%2F1td5xwxk!19sChIJLYUT91ITYogRv4eo2zQf_5c?authuser=0&hl=en&rclk=1"
"C. Anthony (Tony) Graffeo, Attorney","https://www.google.com/maps/place/C.+Anthony+%28Tony%29+Graffeo,+Attorney/data=!4m7!3m6!1s0x88626cac53fcb59f:0xd13617342c73dae4!8m2!3d34.7185144!4d-86.5833372!16s%2Fg%2F1thss36g!19sChIJn7X8U6xsYogR5NpzLDQXNtE?authuser=0&hl=en&rclk=1"
Guthrie Thomas H,https://www.google.com/maps/place/Guthrie+Thomas+H/data=!4m7!3m6!1s0x88628b42991c3307:0x22bb52d6f046cec8!8m2!3d34.8030488!4d-86.9707607!16s%2Fg%2F1tggv7lk!19sChIJBzMcmUKLYogRyM5G8NZSuyI?authuser=0&hl=en&rclk=1
Elissa Green Attorney at Law,https://www.google.com/maps/place/Elissa+Green+Attorney+at+Law/data=!4m7!3m6!1s0x88626b543096e3e5:0xff0a0c2e47e0ad3b!8m2!3d34.7310672!4d-86.5866004!16s%2Fg%2F1tdd1d_j!19sChIJ5eOWMFRrYogRO63gRy4MCv8?authuser=0&hl=en&rclk=1
The Harris Firm LLC,https://www.google.com/maps/place/The+Harris+Firm+LLC/data=!4m7!3m6!1s0x886265682e8d1627:0xc093a2f9d057a2b!8m2!3d34.6821646!4d-86.7506801!16s%2Fg%2F11j3wg9zws!19sChIJJxaNLmhlYogRK3oFnS86CQw?authuser=0&hl=en&rclk=1
Barclay Jerry S,https://www.google.com/maps/place/Barclay+Jerry+S/data=!4m7!3m6!1s0x88626b54371fdba9:0x90b6f304688ec1d7!8m2!3d34.7296551!4d-86.5844799!16s%2Fg%2F1v6wq1b0!19sChIJqdsfN1RrYogR18GOaATztpA?authuser=0&hl=en&rclk=1
"Larsen Law, P.C.","https://www.google.com/maps/place/Larsen+Law,+P.C./data=!4m7!3m6!1s0x886215f82632a519:0x541e53a7d282481!8m2!3d34.8103201!4d-86.5096575!16s%2Fg%2F1tlgyp7n!19sChIJGaUyJvgVYogRgSQofTrlQQU?authuser=0&hl=en&rclk=1"
Totten Dan C,https://www.google.com/maps/place/Totten+Dan+C/data=!4m7!3m6!1s0x88628b680b23a13f:0x400093ba2be5dd54!8m2!3d34.8016478!4d-86.9724273!16s%2Fg%2F1tdq6rf0!19sChIJP6EjC2iLYogRVN3lK7qTAEA?authuser=0&hl=en&rclk=1
"James G. Harrison, Esq","https://www.google.com/maps/place/James+G.+Harrison,+Esq/data=!4m7!3m6!1s0x88626cb134060651:0x8fe1a28752fa194c!8m2!3d34.7103064!4d-86.5870668!16s%2Fg%2F1v_w3280!19sChIJUQYGNLFsYogRTBn6Uoei4Y8?authuser=0&hl=en&rclk=1"
Lampley Joe N,https://www.google.com/maps/place/Lampley+Joe+N/data=!4m7!3m6!1s0x88626b37d6787cff:0xd00d473a2eda31b8!8m2!3d34.7486915!4d-86.5883178!16s%2Fg%2F1tdjrwhy!19sChIJ_3x41jdrYogRuDHaLjpHDdA?authuser=0&hl=en&rclk=1
"Russ Munger, Attorney at Law","https://www.google.com/maps/place/Russ+Munger,+Attorney+at+Law/data=!4m7!3m6!1s0x88626cb0630a1c63:0xa890326d0479ef7a!8m2!3d34.7129664!4d-86.5897671!16s%2Fg%2F1tf6hch2!19sChIJYxwKY7BsYogReu95BG0ykKg?authuser=0&hl=en&rclk=1"
Uhrig Law Firm,https://www.google.com/maps/place/Uhrig+Law+Firm/data=!4m7!3m6!1s0x88626cb99845ce0b:0x3cdb13f5ebdb5877!8m2!3d34.7088308!4d-86.5924745!16s%2Fg%2F1tkvbhgs!19sChIJC85FmLlsYogRd1jb6_UT2zw?authuser=0&hl=en&rclk=1
The Law Office of Brian E. Beck,https://www.google.com/maps/place/The+Law+Office+of+Brian+E.+Beck/data=!4m7!3m6!1s0x88626b541455abbb:0xfb7036bb1e92ae5a!8m2!3d34.7310672!4d-86.5866004!16s%2Fg%2F1262b62y8!19sChIJu6tVFFRrYogRWq6SHrs2cPs?authuser=0&hl=en&rclk=1
"Kimberly A. Ford, Attorney","https://www.google.com/maps/place/Kimberly+A.+Ford,+Attorney/data=!4m7!3m6!1s0x88626919d250f559:0x65207342b9a68859!8m2!3d34.7543732!4d-86.6918403!16s%2Fg%2F11d_tylzq9!19sChIJWfVQ0hlpYogRWYimuUJzIGU?authuser=0&hl=en&rclk=1"
Valls Kristi A,https://www.google.com/maps/place/Valls+Kristi+A/data=!4m7!3m6!1s0x88628b6818e1d0c1:0x95680d0b1a4bb2d2!8m2!3d34.8021448!4d-86.9713488!16s%2Fg%2F1262fdn8m!19sChIJwdDhGGiLYogR0rJLGgsNaJU?authuser=0&hl=en&rclk=1
Cooper Maureen K,https://www.google.com/maps/place/Cooper+Maureen+K/data=!4m7!3m6!1s0x88626b557910373b:0x9a078094a07f2ff8!8m2!3d34.726795!4d-86.582765!16s%2Fg%2F1tkrmjm_!19sChIJOzcQeVVrYogR-C9_oJSAB5o?authuser=0&hl=en&rclk=1
Law Offices of John C. Larsen,https://www.google.com/maps/place/Law+Offices+of+John+C.+Larsen/data=!4m7!3m6!1s0x886215f82848eded:0x944d8ff9e390ba29!8m2!3d34.8103359!4d-86.5096694!16s%2Fg%2F11cn0rg_tp!19sChIJ7e1IKPgVYogRKbqQ4_mPTZQ?authuser=0&hl=en&rclk=1
"Solano Law Firm, LLC","https://www.google.com/maps/place/Solano+Law+Firm,+LLC/data=!4m7!3m6!1s0x88626be0d61a7435:0xe333ce7b66d04f13!8m2!3d34.7300038!4d-86.5863201!16s%2Fg%2F11mv2rll_1!19sChIJNXQa1uBrYogRE0_QZnvOM-M?authuser=0&hl=en&rclk=1"
Mc Grath Thomas S,https://www.google.com/maps/place/Mc+Grath+Thomas+S/data=!4m7!3m6!1s0x88626b5765369f45:0x585ea308561d31a8!8m2!3d34.7299999!4d-86.59!16s%2Fg%2F1262ryw52!19sChIJRZ82ZVdrYogRqDEdVgijXlg?authuser=0&hl=en&rclk=1
"Jeffrey B. Irby, P.C.","https://www.google.com/maps/place/Jeffrey+B.+Irby,+P.C./data=!4m7!3m6!1s0x88626b54406e816d:0x13ad7265e2fe52d5!8m2!3d34.7304884!4d-86.5891665!16s%2Fg%2F1tkc7dr5!19sChIJbYFuQFRrYogR1VL-4mVyrRM?authuser=0&hl=en&rclk=1"
"Alabama Estate Planning Attorneys, LLC","https://www.google.com/maps/place/Alabama+Estate+Planning+Attorneys,+LLC/data=!4m7!3m6!1s0x88626eb9528fe2c3:0xe89851d183adf56b!8m2!3d34.7122459!4d-86.6733165!16s%2Fg%2F11fy4r__2h!19sChIJw-KPUrluYogRa_Wtg9FRmOg?authuser=0&hl=en&rclk=1"
"Nickolas R. Heatherly, Attorney at Law","https://www.google.com/maps/place/Nickolas+R.+Heatherly,+Attorney+at+Law/data=!4m7!3m6!1s0x88626b54156b3c7f:0x8ee4c5ae167af0fe!8m2!3d34.7305499!4d-86.5844213!16s%2Fg%2F1td4kvxf!19sChIJfzxrFVRrYogR_vB6Fq7F5I4?authuser=0&hl=en&rclk=1"
Warren & Simpson,https://www.google.com/maps/place/Warren+%26+Simpson/data=!4m7!3m6!1s0x88626b56a18727f1:0xb2a4459326eb2e4b!8m2!3d34.7307163!4d-86.5857747!16s%2Fg%2F1tksjjk4!19sChIJ8SeHoVZrYogRSy7rJpNFpLI?authuser=0&hl=en&rclk=1
Smart Legal USA,https://www.google.com/maps/place/Smart+Legal+USA/data=!4m7!3m6!1s0x88628bd6a78e6761:0x93897ad8f762387a!8m2!3d32.6087264!4d-86.8128594!16s%2Fg%2F11k105bkdw!19sChIJYWeOp9aLYogRejhi99h6iZM?authuser=0&hl=en&rclk=1
Long Debbie,https://www.google.com/maps/place/Long+Debbie/data=!4m7!3m6!1s0x88626618f6b2adcd:0x690862b90a277305!8m2!3d34.6916978!4d-86.7847996!16s%2Fg%2F1tcx_kmc!19sChIJza2y9hhmYogRBXMnCrliCGk?authuser=0&hl=en&rclk=1
"Secure Law, P.C.","https://www.google.com/maps/place/Secure+Law,+P.C./data=!4m7!3m6!1s0x88626cb039f33f75:0x3e6d84309994ef71!8m2!3d34.7122459!4d-86.6733165!16s%2Fg%2F1tdn4v3_!19sChIJdT_zObBsYogRce-UmTCEbT4?authuser=0&hl=en&rclk=1"
"Page A. Banks, Attorney at Law","https://www.google.com/maps/place/Page+A.+Banks,+Attorney+at+Law/data=!4m7!3m6!1s0x88626b56cf31fbf9:0xbdfa2f5eddf6d215!8m2!3d34.7152729!4d-86.5766938!16s%2Fg%2F1tj9cqvp!19sChIJ-fsxz1ZrYogRFdL23V4v-r0?authuser=0&hl=en&rclk=1"
The Hawkins Law Firm,https://www.google.com/maps/place/The+Hawkins+Law+Firm/data=!4m7!3m6!1s0x886212cde9edf2b3:0x232a4b22021a9fd!8m2!3d34.6696108!4d-86.576306!16s%2Fg%2F11gfp17ty3!19sChIJs_Lt6c0SYogR_akhILKkMgI?authuser=0&hl=en&rclk=1
Matthew S. Wisda,https://www.google.com/maps/place/Matthew+S.+Wisda/data=!4m7!3m6!1s0x88626b5a89f5de29:0xd6e459c500ee8d8c!8m2!3d34.7349004!4d-86.5922843!16s%2Fg%2F1hm316fc6!19sChIJKd71iVprYogRjI3uAMVZ5NY?authuser=0&hl=en&rclk=1
Lusk & Lusk,https://www.google.com/maps/place/Lusk+%26+Lusk/data=!4m7!3m6!1s0x886212cde121acad:0x6c873f82fae1d113!8m2!3d34.7308623!4d-86.5846724!16s%2Fg%2F1tgcyst9!19sChIJrawh4c0SYogRE9Hh-oI_h2w?authuser=0&hl=en&rclk=1
"Nick Lough, Attorney At Law","https://www.google.com/maps/place/Nick+Lough,+Attorney+At+Law/data=!4m7!3m6!1s0x88626b5415740001:0x93ae0b42600a3985!8m2!3d34.7305809!4d-86.5843673!16s%2Fg%2F11f0kvm432!19sChIJAQB0FVRrYogRhTkKYEILrpM?authuser=0&hl=en&rclk=1"
